base_cell,time,outgoing_cell,outgoing_count,outgoing_time,outgoing_speed,NAME
8830e004c9fffff,18:40:00,8830e0ad9bfffff,11,57.91,43.43,Gwang_Myeong
8830e004d5fffff,19:00:00,8830e0af0bfffff,11,45.73,55.38,경기 부천시 중동
8830e0061bfffff,7:40:00,8830e0af0bfffff,10,40.7,40.63,경기 부천시 중동
8830e00697fffff,17:00:00,8830e0af6dfffff,10,57.9,35.63,인천 계양구 계산동
8830e006b7fffff,19:00:00,8830e03531fffff,10,76.4,42.42,경기 안양시 만안구 안양동
8830e0203bfffff,7:40:00,8830e035ddfffff,10,62.3,47.44,Beom_Gye
8830e0203bfffff,8:00:00,8830e035ddfffff,12,71.33,55.82,Beom_Gye
8830e02051fffff,7:40:00,8830e035ddfffff,12,93.67,52.21,Beom_Gye
8830e0208bfffff,7:40:00,8830e035ddfffff,12,60.75,49.36,Beom_Gye
8830e02095fffff,7:40:00,8830e0ac83fffff,11,64.27,72.38,서울 구로구 구로동
8830e0209bfffff,6:40:00,8830e035ddfffff,13,58.0,35.84,Beom_Gye
8830e020c9fffff,9:00:00,8830e035ddfffff,10,53.2,48.26,Beom_Gye
8830e020d9fffff,7:20:00,8830e0ac83fffff,10,69.8,64.28,서울 구로구 구로동
8830e020e5fffff,8:00:00,8830e035ddfffff,16,63.81,54.53,Beom_Gye
8830e020e7fffff,8:00:00,8830e035ddfffff,16,56.31,60.04,Beom_Gye
8830e021b5fffff,6:00:00,8830e035ddfffff,10,49.9,40.02,Beom_Gye
8830e021e3fffff,8:00:00,8830e0ac83fffff,10,59.2,62.28,서울 구로구 구로동
8830e02231fffff,7:40:00,8830e035ddfffff,14,49.71,55.7,Beom_Gye
8830e0224dfffff,7:40:00,8830e035ddfffff,15,68.27,50.25,Beom_Gye
8830e02281fffff,17:20:00,8830e035ddfffff,18,51.67,35.86,Beom_Gye
8830e02281fffff,18:00:00,8830e03531fffff,11,59.55,32.34,경기 안양시 만안구 안양동
8830e02281fffff,18:00:00,8830e035ddfffff,16,56.19,43.15,Beom_Gye
8830e02283fffff,17:00:00,8830e025a5fffff,13,78.54,51.8,경기 수원시 영통구 원천동
8830e02283fffff,17:00:00,8830e035ddfffff,35,50.94,38.55,Beom_Gye
8830e02283fffff,17:20:00,8830e035ddfffff,10,49.8,44.43,Beom_Gye
8830e02289fffff,17:20:00,8830e035ddfffff,10,54.2,45.21,Beom_Gye
8830e02289fffff,18:00:00,8830e035ddfffff,12,109.58,28.96,Beom_Gye
8830e0228bfffff,17:40:00,8830e035d7fffff,11,134.0,25.67,경기 안양시 동안구 평촌동
8830e02295fffff,7:40:00,8830e035ddfffff,14,57.36,37.17,Beom_Gye
8830e02295fffff,8:00:00,8830e035ddfffff,13,41.31,38.56,Beom_Gye
8830e02295fffff,8:20:00,8830e035ddfffff,11,50.73,44.19,Beom_Gye
8830e02295fffff,9:00:00,8830e035ddfffff,11,52.0,42.23,Beom_Gye
8830e02295fffff,17:00:00,8830e035ddfffff,13,51.38,38.78,Beom_Gye
8830e0229dfffff,17:20:00,8830e035ddfffff,14,50.64,34.1,Beom_Gye
8830e022b9fffff,7:00:00,8830e035d7fffff,10,47.9,31.31,경기 안양시 동안구 평촌동
8830e022b9fffff,7:20:00,8830e035ddfffff,18,42.44,50.34,Beom_Gye
8830e022b9fffff,7:40:00,8830e035ddfffff,14,45.21,35.81,Beom_Gye
8830e022b9fffff,8:00:00,8830e035ddfffff,18,45.83,47.09,Beom_Gye
8830e022b9fffff,8:20:00,8830e035ddfffff,15,43.0,43.78,Beom_Gye
8830e022b9fffff,11:20:00,8830e035ddfffff,11,59.45,49.41,Beom_Gye
8830e022b9fffff,13:00:00,8830e035ddfffff,10,65.1,44.88,Beom_Gye
8830e022b9fffff,14:40:00,8830e035ddfffff,12,75.08,36.03,Beom_Gye
8830e022b9fffff,15:20:00,8830e035ddfffff,10,45.2,41.45,Beom_Gye
8830e022b9fffff,16:20:00,8830e035ddfffff,10,146.5,29.54,Beom_Gye
8830e022b9fffff,18:00:00,8830e03531fffff,10,41.1,37.55,경기 안양시 만안구 안양동
8830e022bbfffff,7:40:00,8830e035ddfffff,10,52.5,38.2,Beom_Gye
8830e022bbfffff,8:20:00,8830e035ddfffff,13,43.38,42.06,Beom_Gye
8830e022c5fffff,7:40:00,8830e035ddfffff,11,67.91,38.71,Beom_Gye
8830e022cbfffff,7:40:00,8830e035ddfffff,12,53.42,41.34,Beom_Gye
8830e022cbfffff,8:00:00,8830e035d7fffff,12,44.92,36.26,경기 안양시 동안구 평촌동
8830e022d1fffff,7:40:00,8830e035ddfffff,23,57.83,34.79,Beom_Gye
8830e022d1fffff,8:00:00,8830e035ddfffff,30,44.53,37.87,Beom_Gye
8830e022d1fffff,8:20:00,8830e035ddfffff,13,65.77,47.98,Beom_Gye
8830e022d1fffff,8:40:00,8830e035ddfffff,15,58.8,40.46,Beom_Gye
8830e022d1fffff,9:00:00,8830e035ddfffff,10,42.1,34.01,Beom_Gye
8830e022d1fffff,17:20:00,8830e035ddfffff,10,59.0,64.11,Beom_Gye
8830e022d1fffff,18:00:00,8830e035ddfffff,10,50.9,33.57,Beom_Gye
8830e022d3fffff,7:40:00,8830e035ddfffff,10,69.4,32.81,Beom_Gye
8830e022d3fffff,8:00:00,8830e035ddfffff,20,40.05,36.98,Beom_Gye
8830e022d3fffff,8:20:00,8830e035ddfffff,13,162.15,31.76,Beom_Gye
8830e022d3fffff,13:00:00,8830e035ddfffff,11,64.91,29.18,Beom_Gye
8830e022dbfffff,7:40:00,8830e035ddfffff,13,43.46,38.82,Beom_Gye
8830e022dbfffff,8:00:00,8830e035ddfffff,16,54.13,33.68,Beom_Gye
8830e022dbfffff,8:20:00,8830e035ddfffff,16,41.63,32.94,Beom_Gye
8830e022dbfffff,8:40:00,8830e035ddfffff,12,51.0,34.4,Beom_Gye
8830e022dbfffff,9:00:00,8830e035ddfffff,11,46.73,34.72,Beom_Gye
8830e022dbfffff,9:40:00,8830e035ddfffff,13,79.54,29.56,Beom_Gye
8830e022dbfffff,10:00:00,8830e035ddfffff,11,75.36,40.82,Beom_Gye
8830e022dbfffff,15:40:00,8830e035ddfffff,12,57.5,28.68,Beom_Gye
8830e022dbfffff,16:00:00,8830e035ddfffff,10,56.3,30.94,Beom_Gye
8830e022dbfffff,17:20:00,8830e035ddfffff,10,44.9,31.21,Beom_Gye
8830e022dbfffff,18:00:00,8830e035ddfffff,10,45.8,44.06,Beom_Gye
8830e022ddfffff,8:00:00,8830e035ddfffff,10,63.2,37.69,Beom_Gye
8830e022e1fffff,7:40:00,8830e035ddfffff,10,53.5,39.45,Beom_Gye
8830e022edfffff,7:40:00,8830e035ddfffff,13,43.77,40.52,Beom_Gye
8830e02351fffff,7:20:00,8830e035ddfffff,11,85.82,47.55,Beom_Gye
8830e02351fffff,7:40:00,8830e035ddfffff,17,42.71,68.88,Beom_Gye
8830e02359fffff,8:00:00,8830e035ddfffff,10,36.9,74.29,Beom_Gye
8830e0235bfffff,8:00:00,8830e035ddfffff,16,40.81,62.9,Beom_Gye
8830e0235bfffff,8:20:00,8830e035ddfffff,13,49.38,74.05,Beom_Gye
8830e0235dfffff,7:40:00,8830e035ddfffff,15,51.67,60.93,Beom_Gye
8830e02415fffff,7:00:00,8830e15361fffff,13,39.85,37.33,경기 성남시 분당구 야탑동
8830e02415fffff,8:00:00,8830e15361fffff,13,46.85,44.71,경기 성남시 분당구 야탑동
8830e02425fffff,7:00:00,8830e15361fffff,13,37.46,37.37,경기 성남시 분당구 야탑동
8830e02425fffff,9:00:00,8830e035ddfffff,12,42.83,47.06,Beom_Gye
8830e02431fffff,7:40:00,8830e1530dfffff,10,51.9,35.68,Bundang_Townhall
8830e02431fffff,7:40:00,8830e15361fffff,11,43.82,42.11,경기 성남시 분당구 야탑동
8830e0243dfffff,7:20:00,8830e15361fffff,11,38.55,38.52,경기 성남시 분당구 야탑동
8830e0243dfffff,8:00:00,8830e15361fffff,16,38.75,46.92,경기 성남시 분당구 야탑동
8830e02489fffff,17:20:00,8830e0af0bfffff,10,447.3,51.03,경기 부천시 중동
8830e02489fffff,21:20:00,8830e0af0bfffff,10,122.7,83.23,경기 부천시 중동
8830e02489fffff,22:00:00,8830e0af0bfffff,15,213.67,62.16,경기 부천시 중동
8830e02489fffff,22:20:00,8830e0af0bfffff,17,144.53,70.97,경기 부천시 중동
8830e0248bfffff,8:00:00,8830e15361fffff,11,49.91,29.31,경기 성남시 분당구 야탑동
8830e0248bfffff,15:20:00,8830e024dbfffff,11,92.55,14.79,경기 성남시 분당구 서현동
8830e0248bfffff,16:00:00,8830e15361fffff,15,62.07,29.3,경기 성남시 분당구 야탑동
8830e0248dfffff,9:00:00,8830e15361fffff,11,45.09,28.54,경기 성남시 분당구 야탑동
8830e02499fffff,10:00:00,8830e024dbfffff,10,48.5,25.89,경기 성남시 분당구 서현동
8830e02499fffff,15:20:00,8830e15361fffff,14,45.14,22.98,경기 성남시 분당구 야탑동
8830e02499fffff,16:20:00,8830e024dbfffff,11,52.91,22.17,경기 성남시 분당구 서현동
8830e0249dfffff,9:20:00,8830e15361fffff,10,43.2,21.87,경기 성남시 분당구 야탑동
8830e0249dfffff,17:20:00,8830e15361fffff,11,57.0,22.54,경기 성남시 분당구 야탑동
8830e024b1fffff,22:20:00,8830e024dbfffff,21,95.48,85.88,경기 성남시 분당구 서현동
8830e024c5fffff,7:00:00,8830e0ac83fffff,10,99.0,62.76,서울 구로구 구로동
8830e024c5fffff,8:00:00,8830e15361fffff,16,43.38,27.87,경기 성남시 분당구 야탑동
8830e024d1fffff,0:00:00,8830e024dbfffff,48,58.38,20.54,경기 성남시 분당구 서현동
8830e024d1fffff,0:00:00,8830e15361fffff,11,85.55,21.5,경기 성남시 분당구 야탑동
8830e024d1fffff,1:20:00,8830e024dbfffff,12,55.83,24.84,경기 성남시 분당구 서현동
8830e024d1fffff,1:40:00,8830e024dbfffff,13,69.15,19.79,경기 성남시 분당구 서현동
8830e024d1fffff,4:40:00,8830e024dbfffff,10,98.2,26.92,경기 성남시 분당구 서현동
8830e024d1fffff,6:00:00,8830e024dbfffff,10,93.7,29.15,경기 성남시 분당구 서현동
8830e024d1fffff,6:20:00,8830e024dbfffff,10,80.7,34.7,경기 성남시 분당구 서현동
8830e024d1fffff,6:40:00,8830e024dbfffff,11,194.36,29.48,경기 성남시 분당구 서현동
8830e024d1fffff,7:00:00,8830e024dbfffff,31,90.52,21.61,경기 성남시 분당구 서현동
8830e024d1fffff,7:20:00,8830e024dbfffff,15,64.07,17.9,경기 성남시 분당구 서현동
8830e024d1fffff,7:40:00,8830e024dbfffff,16,87.19,22.41,경기 성남시 분당구 서현동
8830e024d1fffff,8:00:00,8830e024dbfffff,17,65.41,19.51,경기 성남시 분당구 서현동
8830e024d1fffff,8:00:00,8830e15361fffff,11,70.82,17.04,경기 성남시 분당구 야탑동
8830e024d1fffff,8:20:00,8830e024dbfffff,18,64.39,21.17,경기 성남시 분당구 서현동
8830e024d1fffff,8:40:00,8830e024dbfffff,16,62.0,19.58,경기 성남시 분당구 서현동
8830e024d1fffff,8:40:00,8830e15361fffff,10,43.4,18.55,경기 성남시 분당구 야탑동
8830e024d1fffff,9:00:00,8830e024dbfffff,20,69.5,29.06,경기 성남시 분당구 서현동
8830e024d1fffff,9:00:00,8830e15361fffff,13,170.31,19.44,경기 성남시 분당구 야탑동
8830e024d1fffff,9:20:00,8830e024dbfffff,27,85.37,22.25,경기 성남시 분당구 서현동
8830e024d1fffff,9:40:00,8830e024dbfffff,28,50.61,29.15,경기 성남시 분당구 서현동
8830e024d1fffff,10:00:00,8830e024dbfffff,24,89.29,34.58,경기 성남시 분당구 서현동
8830e024d1fffff,10:00:00,8830e15361fffff,12,66.25,17.52,경기 성남시 분당구 야탑동
8830e024d1fffff,10:20:00,8830e024dbfffff,41,67.56,25.43,경기 성남시 분당구 서현동
8830e024d1fffff,10:20:00,8830e15361fffff,11,55.91,25.35,경기 성남시 분당구 야탑동
8830e024d1fffff,10:40:00,8830e024dbfffff,32,58.09,21.69,경기 성남시 분당구 서현동
8830e024d1fffff,11:00:00,8830e024dbfffff,43,71.4,25.13,경기 성남시 분당구 서현동
8830e024d1fffff,11:20:00,8830e024dbfffff,32,70.56,22.23,경기 성남시 분당구 서현동
8830e024d1fffff,11:20:00,8830e15361fffff,15,58.93,20.19,경기 성남시 분당구 야탑동
8830e024d1fffff,11:40:00,8830e024dbfffff,34,68.12,30.25,경기 성남시 분당구 서현동
8830e024d1fffff,11:40:00,8830e15361fffff,11,71.45,25.95,경기 성남시 분당구 야탑동
8830e024d1fffff,12:00:00,8830e024dbfffff,26,67.88,21.12,경기 성남시 분당구 서현동
8830e024d1fffff,12:20:00,8830e024dbfffff,33,59.97,19.4,경기 성남시 분당구 서현동
8830e024d1fffff,12:40:00,8830e024dbfffff,40,67.75,18.8,경기 성남시 분당구 서현동
8830e024d1fffff,13:00:00,8830e024dbfffff,42,61.74,18.52,경기 성남시 분당구 서현동
8830e024d1fffff,13:20:00,8830e024dbfffff,33,66.55,21.84,경기 성남시 분당구 서현동
8830e024d1fffff,13:20:00,8830e15361fffff,15,67.33,15.42,경기 성남시 분당구 야탑동
8830e024d1fffff,13:40:00,8830e024dbfffff,31,85.81,20.79,경기 성남시 분당구 서현동
8830e024d1fffff,13:40:00,8830e15361fffff,15,61.67,15.76,경기 성남시 분당구 야탑동
8830e024d1fffff,14:00:00,8830e024dbfffff,30,101.4,31.45,경기 성남시 분당구 서현동
8830e024d1fffff,14:00:00,8830e15361fffff,12,46.75,23.69,경기 성남시 분당구 야탑동
8830e024d1fffff,14:20:00,8830e024dbfffff,36,56.61,22.6,경기 성남시 분당구 서현동
8830e024d1fffff,14:20:00,8830e15361fffff,14,44.79,20.73,경기 성남시 분당구 야탑동
8830e024d1fffff,14:40:00,8830e024dbfffff,41,67.07,23.98,경기 성남시 분당구 서현동
8830e024d1fffff,14:40:00,8830e15361fffff,10,53.2,20.01,경기 성남시 분당구 야탑동
8830e024d1fffff,15:00:00,8830e024dbfffff,31,58.61,20.43,경기 성남시 분당구 서현동
8830e024d1fffff,15:00:00,8830e15361fffff,10,91.6,28.48,경기 성남시 분당구 야탑동
8830e024d1fffff,15:20:00,8830e024dbfffff,40,60.18,16.55,경기 성남시 분당구 서현동
8830e024d1fffff,15:20:00,8830e15361fffff,20,66.0,19.35,경기 성남시 분당구 야탑동
8830e024d1fffff,15:40:00,8830e024dbfffff,34,63.91,22.15,경기 성남시 분당구 서현동
8830e024d1fffff,15:40:00,8830e15361fffff,13,59.31,28.52,경기 성남시 분당구 야탑동
8830e024d1fffff,16:00:00,8830e024dbfffff,27,61.81,18.9,경기 성남시 분당구 서현동
8830e024d1fffff,16:00:00,8830e15361fffff,29,142.62,20.46,경기 성남시 분당구 야탑동
8830e024d1fffff,16:20:00,8830e024dbfffff,22,61.64,22.97,경기 성남시 분당구 서현동
8830e024d1fffff,16:20:00,8830e15361fffff,19,54.63,24.07,경기 성남시 분당구 야탑동
8830e024d1fffff,16:40:00,8830e024dbfffff,30,67.67,24.87,경기 성남시 분당구 서현동
8830e024d1fffff,16:40:00,8830e15361fffff,20,47.5,19.66,경기 성남시 분당구 야탑동
8830e024d1fffff,17:00:00,8830e024dbfffff,31,57.74,22.8,경기 성남시 분당구 서현동
8830e024d1fffff,17:00:00,8830e15361fffff,16,48.44,24.5,경기 성남시 분당구 야탑동
8830e024d1fffff,17:20:00,8830e024dbfffff,22,61.05,18.48,경기 성남시 분당구 서현동
8830e024d1fffff,17:20:00,8830e15361fffff,21,48.62,20.6,경기 성남시 분당구 야탑동
8830e024d1fffff,17:40:00,8830e024dbfffff,32,53.03,17.8,경기 성남시 분당구 서현동
8830e024d1fffff,18:00:00,8830e024dbfffff,23,54.43,14.54,경기 성남시 분당구 서현동
8830e024d1fffff,18:00:00,8830e15361fffff,15,55.93,20.65,경기 성남시 분당구 야탑동
8830e024d1fffff,18:20:00,8830e024dbfffff,15,75.4,21.71,경기 성남시 분당구 서현동
8830e024d1fffff,18:40:00,8830e024dbfffff,27,67.41,20.29,경기 성남시 분당구 서현동
8830e024d1fffff,19:00:00,8830e024dbfffff,28,78.04,24.88,경기 성남시 분당구 서현동
8830e024d1fffff,19:00:00,8830e15361fffff,13,141.08,28.24,경기 성남시 분당구 야탑동
8830e024d1fffff,19:20:00,8830e024dbfffff,15,72.47,19.39,경기 성남시 분당구 서현동
8830e024d1fffff,19:40:00,8830e024dbfffff,25,70.44,37.87,경기 성남시 분당구 서현동
8830e024d1fffff,20:00:00,8830e024dbfffff,34,68.26,19.39,경기 성남시 분당구 서현동
8830e024d1fffff,20:20:00,8830e024dbfffff,28,94.93,19.67,경기 성남시 분당구 서현동
8830e024d1fffff,20:40:00,8830e024dbfffff,28,79.39,28.28,경기 성남시 분당구 서현동
8830e024d1fffff,21:00:00,8830e024dbfffff,21,69.29,25.97,경기 성남시 분당구 서현동
8830e024d1fffff,21:20:00,8830e024dbfffff,36,61.78,18.97,경기 성남시 분당구 서현동
8830e024d1fffff,21:40:00,8830e024dbfffff,25,60.68,14.06,경기 성남시 분당구 서현동
8830e024d1fffff,22:00:00,8830e024dbfffff,21,91.71,29.66,경기 성남시 분당구 서현동
8830e024d1fffff,22:20:00,8830e024dbfffff,21,58.9,19.06,경기 성남시 분당구 서현동
8830e024d1fffff,22:40:00,8830e024dbfffff,17,58.53,17.31,경기 성남시 분당구 서현동
8830e024d1fffff,23:00:00,8830e024dbfffff,22,49.45,22.07,경기 성남시 분당구 서현동
8830e024d1fffff,23:20:00,8830e024dbfffff,12,36.75,25.48,경기 성남시 분당구 서현동
8830e024d3fffff,0:00:00,8830e024dbfffff,13,101.15,22.46,경기 성남시 분당구 서현동
8830e024d3fffff,8:00:00,8830e024dbfffff,11,80.0,29.24,경기 성남시 분당구 서현동
8830e024d3fffff,8:40:00,8830e024dbfffff,10,83.0,19.69,경기 성남시 분당구 서현동
8830e024d3fffff,9:20:00,8830e024dbfffff,10,59.2,20.82,경기 성남시 분당구 서현동
8830e024d3fffff,9:40:00,8830e024dbfffff,10,72.5,21.95,경기 성남시 분당구 서현동
8830e024d3fffff,10:00:00,8830e024dbfffff,14,85.29,23.57,경기 성남시 분당구 서현동
8830e024d3fffff,10:20:00,8830e024dbfffff,16,58.13,24.78,경기 성남시 분당구 서현동
8830e024d3fffff,10:40:00,8830e024dbfffff,19,65.68,25.15,경기 성남시 분당구 서현동
8830e024d3fffff,11:20:00,8830e024dbfffff,15,70.07,19.41,경기 성남시 분당구 서현동
8830e024d3fffff,11:40:00,8830e024dbfffff,20,63.55,14.93,경기 성남시 분당구 서현동
8830e024d3fffff,12:20:00,8830e024dbfffff,13,63.23,21.83,경기 성남시 분당구 서현동
8830e024d3fffff,12:40:00,8830e024dbfffff,18,159.56,28.41,경기 성남시 분당구 서현동
8830e024d3fffff,13:00:00,8830e024dbfffff,19,66.16,26.2,경기 성남시 분당구 서현동
8830e024d3fffff,13:20:00,8830e024dbfffff,15,92.6,22.87,경기 성남시 분당구 서현동
8830e024d3fffff,13:40:00,8830e024dbfffff,11,50.55,13.0,경기 성남시 분당구 서현동
8830e024d3fffff,14:00:00,8830e024dbfffff,11,47.91,23.41,경기 성남시 분당구 서현동
8830e024d3fffff,14:20:00,8830e024dbfffff,17,60.0,17.25,경기 성남시 분당구 서현동
8830e024d3fffff,14:40:00,8830e024dbfffff,15,86.13,22.92,경기 성남시 분당구 서현동
8830e024d3fffff,15:00:00,8830e024dbfffff,10,70.4,25.16,경기 성남시 분당구 서현동
8830e024d3fffff,15:20:00,8830e024dbfffff,14,51.07,16.63,경기 성남시 분당구 서현동
8830e024d3fffff,15:40:00,8830e024dbfffff,11,92.27,10.79,경기 성남시 분당구 서현동
8830e024d3fffff,17:00:00,8830e024dbfffff,10,93.7,18.98,경기 성남시 분당구 서현동
8830e024d3fffff,18:20:00,8830e024dbfffff,11,60.18,28.03,경기 성남시 분당구 서현동
8830e024d3fffff,18:40:00,8830e024dbfffff,11,61.64,24.41,경기 성남시 분당구 서현동
8830e024d5fffff,0:00:00,8830e024dbfffff,15,60.4,14.99,경기 성남시 분당구 서현동
8830e024d7fffff,11:20:00,8830e024dbfffff,14,81.07,21.44,경기 성남시 분당구 서현동
8830e024d7fffff,12:20:00,8830e15361fffff,13,51.46,31.56,경기 성남시 분당구 야탑동
8830e024d7fffff,12:40:00,8830e15361fffff,10,55.5,29.07,경기 성남시 분당구 야탑동
8830e024d7fffff,15:20:00,8830e024dbfffff,10,56.9,21.94,경기 성남시 분당구 서현동
8830e024d7fffff,16:00:00,8830e15361fffff,10,61.8,22.86,경기 성남시 분당구 야탑동
8830e024d7fffff,17:00:00,8830e15361fffff,11,55.91,22.77,경기 성남시 분당구 야탑동
8830e024d7fffff,18:00:00,8830e15361fffff,14,102.64,23.66,경기 성남시 분당구 야탑동
8830e024d9fffff,0:00:00,8830e024dbfffff,40,63.5,21.54,경기 성남시 분당구 서현동
8830e024d9fffff,7:00:00,8830e024dbfffff,13,82.85,15.99,경기 성남시 분당구 서현동
8830e024d9fffff,7:20:00,8830e024dbfffff,16,140.44,44.51,경기 성남시 분당구 서현동
8830e024d9fffff,7:40:00,8830e024dbfffff,12,209.33,45.13,경기 성남시 분당구 서현동
8830e024d9fffff,8:00:00,8830e024dbfffff,13,134.15,29.67,경기 성남시 분당구 서현동
8830e024d9fffff,8:20:00,8830e024dbfffff,13,58.92,24.69,경기 성남시 분당구 서현동
8830e024d9fffff,8:40:00,8830e024dbfffff,17,73.29,20.21,경기 성남시 분당구 서현동
8830e024d9fffff,9:00:00,8830e024dbfffff,38,58.0,24.38,경기 성남시 분당구 서현동
8830e024d9fffff,9:20:00,8830e024dbfffff,30,87.53,24.16,경기 성남시 분당구 서현동
8830e024d9fffff,9:40:00,8830e024dbfffff,35,77.2,27.33,경기 성남시 분당구 서현동
8830e024d9fffff,10:00:00,8830e024dbfffff,40,71.45,37.42,경기 성남시 분당구 서현동
8830e024d9fffff,10:20:00,8830e024dbfffff,25,85.44,30.02,경기 성남시 분당구 서현동
8830e024d9fffff,10:40:00,8830e024dbfffff,31,80.61,23.04,경기 성남시 분당구 서현동
8830e024d9fffff,10:40:00,8830e15361fffff,14,55.43,29.98,경기 성남시 분당구 야탑동
8830e024d9fffff,11:00:00,8830e024dbfffff,36,65.25,27.69,경기 성남시 분당구 서현동
8830e024d9fffff,11:20:00,8830e024dbfffff,35,68.09,37.31,경기 성남시 분당구 서현동
8830e024d9fffff,11:40:00,8830e024dbfffff,23,58.78,22.83,경기 성남시 분당구 서현동
8830e024d9fffff,12:00:00,8830e024dbfffff,45,70.27,23.12,경기 성남시 분당구 서현동
8830e024d9fffff,12:20:00,8830e024dbfffff,30,91.97,26.18,경기 성남시 분당구 서현동
8830e024d9fffff,12:40:00,8830e024dbfffff,32,82.69,25.38,경기 성남시 분당구 서현동
8830e024d9fffff,13:00:00,8830e024dbfffff,30,65.4,27.72,경기 성남시 분당구 서현동
8830e024d9fffff,13:00:00,8830e15361fffff,12,63.75,31.37,경기 성남시 분당구 야탑동
8830e024d9fffff,13:20:00,8830e024dbfffff,28,77.07,28.02,경기 성남시 분당구 서현동
8830e024d9fffff,13:40:00,8830e024dbfffff,29,84.21,32.25,경기 성남시 분당구 서현동
8830e024d9fffff,13:40:00,8830e15361fffff,10,179.4,12.36,경기 성남시 분당구 야탑동
8830e024d9fffff,14:00:00,8830e024dbfffff,31,76.84,19.32,경기 성남시 분당구 서현동
8830e024d9fffff,14:20:00,8830e024dbfffff,37,71.27,24.3,경기 성남시 분당구 서현동
8830e024d9fffff,14:20:00,8830e15361fffff,12,175.58,21.4,경기 성남시 분당구 야탑동
8830e024d9fffff,14:40:00,8830e024dbfffff,41,57.78,24.31,경기 성남시 분당구 서현동
8830e024d9fffff,15:00:00,8830e024dbfffff,33,56.03,28.81,경기 성남시 분당구 서현동
8830e024d9fffff,15:00:00,8830e15361fffff,15,55.13,30.07,경기 성남시 분당구 야탑동
8830e024d9fffff,15:20:00,8830e024dbfffff,48,61.5,22.09,경기 성남시 분당구 서현동
8830e024d9fffff,15:40:00,8830e024dbfffff,25,57.8,25.21,경기 성남시 분당구 서현동
8830e024d9fffff,15:40:00,8830e15361fffff,13,68.23,23.16,경기 성남시 분당구 야탑동
8830e024d9fffff,16:00:00,8830e024dbfffff,45,55.49,22.22,경기 성남시 분당구 서현동
8830e024d9fffff,16:00:00,8830e15361fffff,14,154.07,19.44,경기 성남시 분당구 야탑동
8830e024d9fffff,16:20:00,8830e024dbfffff,24,57.67,32.62,경기 성남시 분당구 서현동
8830e024d9fffff,16:20:00,8830e15361fffff,12,54.08,30.24,경기 성남시 분당구 야탑동
8830e024d9fffff,16:40:00,8830e024dbfffff,30,67.13,21.2,경기 성남시 분당구 서현동
8830e024d9fffff,17:00:00,8830e024dbfffff,28,84.82,26.59,경기 성남시 분당구 서현동
8830e024d9fffff,17:00:00,8830e15361fffff,16,51.88,21.58,경기 성남시 분당구 야탑동
8830e024d9fffff,17:20:00,8830e024dbfffff,28,64.04,24.31,경기 성남시 분당구 서현동
8830e024d9fffff,17:20:00,8830e15361fffff,15,48.87,17.35,경기 성남시 분당구 야탑동
8830e024d9fffff,17:40:00,8830e024dbfffff,32,65.97,26.67,경기 성남시 분당구 서현동
8830e024d9fffff,17:40:00,8830e15361fffff,15,52.13,25.89,경기 성남시 분당구 야탑동
8830e024d9fffff,18:00:00,8830e024dbfffff,23,67.74,34.49,경기 성남시 분당구 서현동
8830e024d9fffff,18:00:00,8830e15361fffff,12,42.5,51.34,경기 성남시 분당구 야탑동
8830e024d9fffff,18:20:00,8830e024dbfffff,30,58.53,16.17,경기 성남시 분당구 서현동
8830e024d9fffff,18:20:00,8830e15361fffff,11,115.18,18.99,경기 성남시 분당구 야탑동
8830e024d9fffff,18:40:00,8830e024dbfffff,19,52.53,33.34,경기 성남시 분당구 서현동
8830e024d9fffff,19:00:00,8830e024dbfffff,38,61.34,26.89,경기 성남시 분당구 서현동
8830e024d9fffff,19:20:00,8830e024dbfffff,28,75.64,39.15,경기 성남시 분당구 서현동
8830e024d9fffff,19:40:00,8830e024dbfffff,23,70.48,19.27,경기 성남시 분당구 서현동
8830e024d9fffff,20:00:00,8830e024dbfffff,37,64.54,32.56,경기 성남시 분당구 서현동
8830e024d9fffff,20:20:00,8830e024dbfffff,17,74.88,20.25,경기 성남시 분당구 서현동
8830e024d9fffff,20:40:00,8830e024dbfffff,21,60.29,28.0,경기 성남시 분당구 서현동
8830e024d9fffff,21:00:00,8830e024dbfffff,23,82.22,37.05,경기 성남시 분당구 서현동
8830e024d9fffff,21:20:00,8830e024dbfffff,20,81.0,22.77,경기 성남시 분당구 서현동
8830e024d9fffff,21:40:00,8830e024dbfffff,17,66.76,25.84,경기 성남시 분당구 서현동
8830e024d9fffff,22:00:00,8830e024dbfffff,23,55.13,30.84,경기 성남시 분당구 서현동
8830e024d9fffff,22:20:00,8830e024dbfffff,21,60.0,30.68,경기 성남시 분당구 서현동
8830e024d9fffff,22:40:00,8830e024dbfffff,15,53.73,22.81,경기 성남시 분당구 서현동
8830e024d9fffff,23:00:00,8830e024dbfffff,29,48.62,26.32,경기 성남시 분당구 서현동
8830e024d9fffff,23:20:00,8830e024dbfffff,14,37.36,18.45,경기 성남시 분당구 서현동
8830e024dbfffff,0:00:00,8830e024dbfffff,192,67.79,21.47,경기 성남시 분당구 서현동
8830e024dbfffff,0:20:00,8830e024dbfffff,10,276.9,31.24,경기 성남시 분당구 서현동
8830e024dbfffff,0:40:00,8830e024dbfffff,20,55.2,18.72,경기 성남시 분당구 서현동
8830e024dbfffff,1:00:00,8830e024dbfffff,24,56.67,23.86,경기 성남시 분당구 서현동
8830e024dbfffff,1:20:00,8830e024dbfffff,15,61.8,21.44,경기 성남시 분당구 서현동
8830e024dbfffff,1:40:00,8830e024dbfffff,15,54.47,18.65,경기 성남시 분당구 서현동
8830e024dbfffff,2:00:00,8830e024dbfffff,12,54.17,13.79,경기 성남시 분당구 서현동
8830e024dbfffff,2:20:00,8830e024dbfffff,14,56.43,19.31,경기 성남시 분당구 서현동
8830e024dbfffff,2:40:00,8830e024dbfffff,12,49.42,16.91,경기 성남시 분당구 서현동
8830e024dbfffff,3:00:00,8830e024dbfffff,12,61.17,17.69,경기 성남시 분당구 서현동
8830e024dbfffff,3:40:00,8830e024dbfffff,14,59.43,20.39,경기 성남시 분당구 서현동
8830e024dbfffff,4:00:00,8830e024dbfffff,11,65.0,25.46,경기 성남시 분당구 서현동
8830e024dbfffff,5:00:00,8830e024dbfffff,14,96.43,33.15,경기 성남시 분당구 서현동
8830e024dbfffff,5:20:00,8830e024dbfffff,13,123.23,40.12,경기 성남시 분당구 서현동
8830e024dbfffff,5:40:00,8830e024dbfffff,16,60.88,40.49,경기 성남시 분당구 서현동
8830e024dbfffff,6:00:00,8830e024dbfffff,28,148.0,27.45,경기 성남시 분당구 서현동
8830e024dbfffff,6:20:00,8830e024dbfffff,18,138.94,31.59,경기 성남시 분당구 서현동
8830e024dbfffff,6:40:00,8830e024dbfffff,27,89.74,21.54,경기 성남시 분당구 서현동
8830e024dbfffff,7:00:00,8830e024dbfffff,57,96.16,24.29,경기 성남시 분당구 서현동
8830e024dbfffff,7:20:00,8830e024dbfffff,45,89.42,17.93,경기 성남시 분당구 서현동
8830e024dbfffff,7:40:00,8830e024dbfffff,68,131.35,26.42,경기 성남시 분당구 서현동
8830e024dbfffff,8:00:00,8830e024dbfffff,80,80.8,23.49,경기 성남시 분당구 서현동
8830e024dbfffff,8:20:00,8830e024dbfffff,74,83.01,22.79,경기 성남시 분당구 서현동
8830e024dbfffff,8:40:00,8830e024dbfffff,79,83.08,21.17,경기 성남시 분당구 서현동
8830e024dbfffff,9:00:00,8830e024dbfffff,109,78.02,23.88,경기 성남시 분당구 서현동
8830e024dbfffff,9:20:00,8830e024dbfffff,122,98.51,30.67,경기 성남시 분당구 서현동
8830e024dbfffff,9:40:00,8830e024dbfffff,104,63.72,31.68,경기 성남시 분당구 서현동
8830e024dbfffff,10:00:00,8830e024dbfffff,107,77.39,27.9,경기 성남시 분당구 서현동
8830e024dbfffff,10:20:00,8830e024dbfffff,98,92.05,24.48,경기 성남시 분당구 서현동
8830e024dbfffff,10:20:00,8830e15361fffff,10,55.5,19.38,경기 성남시 분당구 야탑동
8830e024dbfffff,10:40:00,8830e024dbfffff,120,91.56,26.19,경기 성남시 분당구 서현동
8830e024dbfffff,10:40:00,8830e15361fffff,10,74.0,20.69,경기 성남시 분당구 야탑동
8830e024dbfffff,11:00:00,8830e024dbfffff,136,64.9,24.84,경기 성남시 분당구 서현동
8830e024dbfffff,11:20:00,8830e024dbfffff,191,57.12,33.31,경기 성남시 분당구 서현동
8830e024dbfffff,11:40:00,8830e024dbfffff,129,66.0,25.16,경기 성남시 분당구 서현동
8830e024dbfffff,11:40:00,8830e15361fffff,12,43.92,16.45,경기 성남시 분당구 야탑동
8830e024dbfffff,12:00:00,8830e024dbfffff,148,63.09,24.03,경기 성남시 분당구 서현동
8830e024dbfffff,12:00:00,8830e15361fffff,11,45.73,33.14,경기 성남시 분당구 야탑동
8830e024dbfffff,12:20:00,8830e024dbfffff,125,77.59,24.36,경기 성남시 분당구 서현동
8830e024dbfffff,12:20:00,8830e15361fffff,11,56.0,20.72,경기 성남시 분당구 야탑동
8830e024dbfffff,12:40:00,8830e024dbfffff,116,64.77,25.71,경기 성남시 분당구 서현동
8830e024dbfffff,13:00:00,8830e024dbfffff,116,59.7,21.02,경기 성남시 분당구 서현동
8830e024dbfffff,13:00:00,8830e15361fffff,12,57.5,23.08,경기 성남시 분당구 야탑동
8830e024dbfffff,13:20:00,8830e024dbfffff,125,69.18,25.23,경기 성남시 분당구 서현동
8830e024dbfffff,13:20:00,8830e15361fffff,16,62.63,16.05,경기 성남시 분당구 야탑동
8830e024dbfffff,13:40:00,8830e024dbfffff,135,73.73,25.98,경기 성남시 분당구 서현동
8830e024dbfffff,13:40:00,8830e15361fffff,11,81.82,18.54,경기 성남시 분당구 야탑동
8830e024dbfffff,14:00:00,8830e024dbfffff,124,73.73,25.35,경기 성남시 분당구 서현동
8830e024dbfffff,14:00:00,8830e15361fffff,12,83.42,36.24,경기 성남시 분당구 야탑동
8830e024dbfffff,14:20:00,8830e024dbfffff,123,67.58,25.47,경기 성남시 분당구 서현동
8830e024dbfffff,14:20:00,8830e15361fffff,15,69.6,21.63,경기 성남시 분당구 야탑동
8830e024dbfffff,14:40:00,8830e024dbfffff,108,70.95,40.37,경기 성남시 분당구 서현동
8830e024dbfffff,14:40:00,8830e15361fffff,12,79.92,19.44,경기 성남시 분당구 야탑동
8830e024dbfffff,15:00:00,8830e024dbfffff,141,68.84,22.39,경기 성남시 분당구 서현동
8830e024dbfffff,15:20:00,8830e024dbfffff,133,60.62,22.11,경기 성남시 분당구 서현동
8830e024dbfffff,15:20:00,8830e15361fffff,12,67.83,20.22,경기 성남시 분당구 야탑동
8830e024dbfffff,15:40:00,8830e024dbfffff,134,62.1,21.18,경기 성남시 분당구 서현동
8830e024dbfffff,16:00:00,8830e024dbfffff,99,59.99,19.76,경기 성남시 분당구 서현동
8830e024dbfffff,16:00:00,8830e15361fffff,11,85.36,12.99,경기 성남시 분당구 야탑동
8830e024dbfffff,16:20:00,8830e024dbfffff,90,56.91,22.6,경기 성남시 분당구 서현동
8830e024dbfffff,16:20:00,8830e15361fffff,10,75.5,21.09,경기 성남시 분당구 야탑동
8830e024dbfffff,16:40:00,8830e024dbfffff,100,59.99,22.58,경기 성남시 분당구 서현동
8830e024dbfffff,17:00:00,8830e024dbfffff,86,55.86,19.78,경기 성남시 분당구 서현동
8830e024dbfffff,17:00:00,8830e15361fffff,10,47.6,16.21,경기 성남시 분당구 야탑동
8830e024dbfffff,17:20:00,8830e024dbfffff,76,65.47,19.62,경기 성남시 분당구 서현동
8830e024dbfffff,17:40:00,8830e024dbfffff,75,57.97,25.93,경기 성남시 분당구 서현동
8830e024dbfffff,17:40:00,8830e15361fffff,12,56.75,21.51,경기 성남시 분당구 야탑동
8830e024dbfffff,18:00:00,8830e024dbfffff,55,58.05,21.37,경기 성남시 분당구 서현동
8830e024dbfffff,18:00:00,8830e15361fffff,13,45.15,21.63,경기 성남시 분당구 야탑동
8830e024dbfffff,18:20:00,8830e024dbfffff,91,75.92,20.53,경기 성남시 분당구 서현동
8830e024dbfffff,18:40:00,8830e024dbfffff,62,61.97,25.01,경기 성남시 분당구 서현동
8830e024dbfffff,19:00:00,8830e024dbfffff,67,72.69,20.89,경기 성남시 분당구 서현동
8830e024dbfffff,19:20:00,8830e024dbfffff,57,65.51,23.34,경기 성남시 분당구 서현동
8830e024dbfffff,19:40:00,8830e024dbfffff,53,70.89,25.36,경기 성남시 분당구 서현동
8830e024dbfffff,20:00:00,8830e024dbfffff,66,94.53,19.4,경기 성남시 분당구 서현동
8830e024dbfffff,20:20:00,8830e024dbfffff,59,80.61,28.56,경기 성남시 분당구 서현동
8830e024dbfffff,20:40:00,8830e024dbfffff,65,69.2,23.79,경기 성남시 분당구 서현동
8830e024dbfffff,21:00:00,8830e024dbfffff,56,79.32,25.25,경기 성남시 분당구 서현동
8830e024dbfffff,21:20:00,8830e024dbfffff,58,76.6,24.7,경기 성남시 분당구 서현동
8830e024dbfffff,21:40:00,8830e024dbfffff,48,97.88,25.8,경기 성남시 분당구 서현동
8830e024dbfffff,22:00:00,8830e024dbfffff,51,55.22,17.41,경기 성남시 분당구 서현동
8830e024dbfffff,22:20:00,8830e024dbfffff,40,61.58,25.2,경기 성남시 분당구 서현동
8830e024dbfffff,22:40:00,8830e024dbfffff,37,54.65,19.23,경기 성남시 분당구 서현동
8830e024dbfffff,23:00:00,8830e024dbfffff,49,46.39,49.53,경기 성남시 분당구 서현동
8830e024dbfffff,23:20:00,8830e024dbfffff,38,35.71,14.81,경기 성남시 분당구 서현동
8830e024e5fffff,8:00:00,8830e1530dfffff,14,45.79,36.39,Bundang_Townhall
8830e024ebfffff,8:00:00,8830e1530dfffff,12,60.08,43.61,Bundang_Townhall
8830e024edfffff,7:40:00,8830e15361fffff,11,51.64,42.3,경기 성남시 분당구 야탑동
8830e02511fffff,18:00:00,8830e035ddfffff,10,54.9,46.97,Beom_Gye
8830e02519fffff,18:00:00,8830e03531fffff,11,57.55,53.1,경기 안양시 만안구 안양동
8830e02521fffff,18:00:00,8830e025a5fffff,10,49.3,24.92,경기 수원시 영통구 원천동
8830e02539fffff,17:00:00,8830e025a5fffff,14,60.36,28.3,경기 수원시 영통구 원천동
8830e02539fffff,18:20:00,8830e15361fffff,12,48.58,51.52,경기 성남시 분당구 야탑동
8830e02549fffff,7:20:00,8830e1530dfffff,11,63.82,58.74,Bundang_Townhall
8830e02549fffff,8:00:00,8830e035ddfffff,12,58.67,39.91,Beom_Gye
8830e02549fffff,8:40:00,8830e035ddfffff,17,50.65,51.28,Beom_Gye
8830e0254dfffff,7:40:00,8830e035ddfffff,12,66.08,38.35,Beom_Gye
8830e0256dfffff,7:40:00,8830e15361fffff,12,65.67,61.29,경기 성남시 분당구 야탑동
8830e025a1fffff,0:00:00,8830e025a5fffff,70,61.03,14.45,경기 수원시 영통구 원천동
8830e025a1fffff,0:40:00,8830e025a5fffff,14,55.5,16.39,경기 수원시 영통구 원천동
8830e025a1fffff,1:00:00,8830e025a5fffff,13,59.62,11.5,경기 수원시 영통구 원천동
8830e025a1fffff,1:20:00,8830e025a5fffff,20,44.9,21.52,경기 수원시 영통구 원천동
8830e025a1fffff,5:00:00,8830e025a5fffff,32,69.0,14.92,경기 수원시 영통구 원천동
8830e025a1fffff,5:20:00,8830e025a5fffff,14,103.86,16.89,경기 수원시 영통구 원천동
8830e025a1fffff,5:40:00,8830e025a5fffff,18,94.44,16.43,경기 수원시 영통구 원천동
8830e025a1fffff,6:00:00,8830e025a5fffff,17,88.12,19.49,경기 수원시 영통구 원천동
8830e025a1fffff,6:20:00,8830e025a5fffff,12,44.92,16.15,경기 수원시 영통구 원천동
8830e025a1fffff,6:40:00,8830e025a5fffff,14,73.07,16.11,경기 수원시 영통구 원천동
8830e025a1fffff,7:00:00,8830e025a5fffff,21,63.86,25.19,경기 수원시 영통구 원천동
8830e025a1fffff,7:40:00,8830e025a5fffff,16,81.81,25.23,경기 수원시 영통구 원천동
8830e025a1fffff,8:00:00,8830e025a5fffff,18,69.56,17.67,경기 수원시 영통구 원천동
8830e025a1fffff,8:20:00,8830e025a5fffff,26,88.58,21.67,경기 수원시 영통구 원천동
8830e025a1fffff,8:40:00,8830e025a5fffff,19,75.21,19.26,경기 수원시 영통구 원천동
8830e025a1fffff,9:00:00,8830e025a5fffff,37,85.68,22.62,경기 수원시 영통구 원천동
8830e025a1fffff,9:20:00,8830e025a5fffff,31,97.55,27.99,경기 수원시 영통구 원천동
8830e025a1fffff,9:40:00,8830e025a5fffff,29,70.14,28.27,경기 수원시 영통구 원천동
8830e025a1fffff,10:00:00,8830e025a5fffff,28,77.71,27.94,경기 수원시 영통구 원천동
8830e025a1fffff,10:20:00,8830e025a5fffff,36,95.0,34.94,경기 수원시 영통구 원천동
8830e025a1fffff,10:40:00,8830e025a5fffff,25,76.88,25.2,경기 수원시 영통구 원천동
8830e025a1fffff,11:00:00,8830e025a5fffff,31,70.61,22.97,경기 수원시 영통구 원천동
8830e025a1fffff,11:20:00,8830e025a5fffff,34,63.85,25.01,경기 수원시 영통구 원천동
8830e025a1fffff,11:40:00,8830e025a5fffff,50,71.9,24.67,경기 수원시 영통구 원천동
8830e025a1fffff,12:00:00,8830e025a5fffff,36,78.69,21.48,경기 수원시 영통구 원천동
8830e025a1fffff,12:20:00,8830e025a5fffff,29,82.07,22.26,경기 수원시 영통구 원천동
8830e025a1fffff,12:40:00,8830e025a5fffff,38,70.21,23.45,경기 수원시 영통구 원천동
8830e025a1fffff,13:00:00,8830e025a5fffff,34,64.35,25.35,경기 수원시 영통구 원천동
8830e025a1fffff,13:20:00,8830e025a5fffff,41,99.98,26.29,경기 수원시 영통구 원천동
8830e025a1fffff,13:40:00,8830e025a5fffff,38,129.92,24.42,경기 수원시 영통구 원천동
8830e025a1fffff,14:00:00,8830e025a5fffff,29,71.17,30.25,경기 수원시 영통구 원천동
8830e025a1fffff,14:20:00,8830e025a5fffff,29,83.93,19.82,경기 수원시 영통구 원천동
8830e025a1fffff,14:40:00,8830e025a5fffff,32,62.88,18.31,경기 수원시 영통구 원천동
8830e025a1fffff,15:00:00,8830e025a5fffff,47,68.3,21.55,경기 수원시 영통구 원천동
8830e025a1fffff,15:20:00,8830e025a5fffff,43,70.02,31.48,경기 수원시 영통구 원천동
8830e025a1fffff,15:40:00,8830e025a5fffff,39,79.1,23.84,경기 수원시 영통구 원천동
8830e025a1fffff,16:00:00,8830e025a5fffff,39,72.69,19.26,경기 수원시 영통구 원천동
8830e025a1fffff,16:20:00,8830e025a5fffff,35,69.11,22.81,경기 수원시 영통구 원천동
8830e025a1fffff,16:40:00,8830e025a5fffff,38,60.63,25.62,경기 수원시 영통구 원천동
8830e025a1fffff,17:00:00,8830e025a5fffff,30,59.37,21.96,경기 수원시 영통구 원천동
8830e025a1fffff,17:20:00,8830e025a5fffff,43,57.26,24.5,경기 수원시 영통구 원천동
8830e025a1fffff,17:40:00,8830e025a5fffff,35,62.51,18.15,경기 수원시 영통구 원천동
8830e025a1fffff,18:00:00,8830e025a5fffff,31,65.16,14.5,경기 수원시 영통구 원천동
8830e025a1fffff,18:20:00,8830e025a5fffff,30,65.0,19.99,경기 수원시 영통구 원천동
8830e025a1fffff,18:40:00,8830e025a5fffff,29,91.38,18.72,경기 수원시 영통구 원천동
8830e025a1fffff,19:00:00,8830e025a5fffff,31,67.87,23.01,경기 수원시 영통구 원천동
8830e025a1fffff,19:20:00,8830e025a5fffff,29,73.93,26.07,경기 수원시 영통구 원천동
8830e025a1fffff,19:40:00,8830e025a5fffff,27,92.7,36.97,경기 수원시 영통구 원천동
8830e025a1fffff,20:00:00,8830e025a5fffff,32,63.72,24.27,경기 수원시 영통구 원천동
8830e025a1fffff,20:20:00,8830e025a5fffff,46,56.24,24.78,경기 수원시 영통구 원천동
8830e025a1fffff,20:40:00,8830e025a5fffff,35,78.06,21.08,경기 수원시 영통구 원천동
8830e025a1fffff,21:00:00,8830e025a5fffff,31,70.84,21.77,경기 수원시 영통구 원천동
8830e025a1fffff,21:20:00,8830e025a5fffff,29,71.14,26.0,경기 수원시 영통구 원천동
8830e025a1fffff,21:40:00,8830e025a5fffff,25,56.16,28.38,경기 수원시 영통구 원천동
8830e025a1fffff,22:00:00,8830e025a5fffff,32,61.53,20.69,경기 수원시 영통구 원천동
8830e025a1fffff,22:20:00,8830e025a5fffff,28,67.86,11.35,경기 수원시 영통구 원천동
8830e025a1fffff,22:40:00,8830e025a5fffff,23,54.13,20.43,경기 수원시 영통구 원천동
8830e025a1fffff,23:00:00,8830e025a5fffff,34,50.44,19.62,경기 수원시 영통구 원천동
8830e025a1fffff,23:20:00,8830e025a5fffff,13,36.69,10.44,경기 수원시 영통구 원천동
8830e025a5fffff,0:00:00,8830e025a5fffff,195,59.47,18.38,경기 수원시 영통구 원천동
8830e025a5fffff,0:20:00,8830e025a5fffff,23,53.13,11.54,경기 수원시 영통구 원천동
8830e025a5fffff,0:40:00,8830e025a5fffff,34,61.03,15.77,경기 수원시 영통구 원천동
8830e025a5fffff,1:00:00,8830e025a5fffff,29,62.03,15.72,경기 수원시 영통구 원천동
8830e025a5fffff,1:20:00,8830e025a5fffff,23,44.91,17.3,경기 수원시 영통구 원천동
8830e025a5fffff,2:00:00,8830e025a5fffff,15,49.27,18.02,경기 수원시 영통구 원천동
8830e025a5fffff,4:20:00,8830e025a5fffff,11,107.45,22.68,경기 수원시 영통구 원천동
8830e025a5fffff,4:40:00,8830e025a5fffff,19,217.0,27.2,경기 수원시 영통구 원천동
8830e025a5fffff,5:00:00,8830e025a5fffff,26,86.69,17.87,경기 수원시 영통구 원천동
8830e025a5fffff,5:20:00,8830e025a5fffff,30,71.2,73.83,경기 수원시 영통구 원천동
8830e025a5fffff,5:40:00,8830e025a5fffff,28,108.79,35.58,경기 수원시 영통구 원천동
8830e025a5fffff,6:00:00,8830e025a5fffff,40,82.18,26.35,경기 수원시 영통구 원천동
8830e025a5fffff,6:20:00,8830e025a5fffff,39,75.33,29.91,경기 수원시 영통구 원천동
8830e025a5fffff,6:40:00,8830e025a5fffff,26,91.04,30.27,경기 수원시 영통구 원천동
8830e025a5fffff,7:00:00,8830e025a5fffff,44,80.41,26.81,경기 수원시 영통구 원천동
8830e025a5fffff,7:20:00,8830e025a5fffff,54,117.94,25.13,경기 수원시 영통구 원천동
8830e025a5fffff,7:40:00,8830e025a5fffff,57,92.86,25.0,경기 수원시 영통구 원천동
8830e025a5fffff,8:00:00,8830e025a5fffff,54,101.48,30.05,경기 수원시 영통구 원천동
8830e025a5fffff,8:20:00,8830e025a5fffff,80,110.71,29.5,경기 수원시 영통구 원천동
8830e025a5fffff,8:40:00,8830e025a5fffff,87,87.45,30.22,경기 수원시 영통구 원천동
8830e025a5fffff,9:00:00,8830e025a5fffff,107,99.38,29.46,경기 수원시 영통구 원천동
8830e025a5fffff,9:20:00,8830e025a5fffff,112,90.39,30.04,경기 수원시 영통구 원천동
8830e025a5fffff,9:40:00,8830e025a5fffff,98,80.74,27.12,경기 수원시 영통구 원천동
8830e025a5fffff,10:00:00,8830e025a5fffff,100,76.43,28.72,경기 수원시 영통구 원천동
8830e025a5fffff,10:20:00,8830e025a5fffff,91,85.82,37.56,경기 수원시 영통구 원천동
8830e025a5fffff,10:40:00,8830e025a5fffff,96,67.9,22.9,경기 수원시 영통구 원천동
8830e025a5fffff,11:00:00,8830e025a5fffff,106,90.83,30.11,경기 수원시 영통구 원천동
8830e025a5fffff,11:20:00,8830e025a5fffff,103,94.72,26.55,경기 수원시 영통구 원천동
8830e025a5fffff,11:40:00,8830e025a5fffff,97,61.24,23.3,경기 수원시 영통구 원천동
8830e025a5fffff,12:00:00,8830e025a5fffff,84,68.26,22.57,경기 수원시 영통구 원천동
8830e025a5fffff,12:20:00,8830e025a5fffff,86,74.86,26.13,경기 수원시 영통구 원천동
8830e025a5fffff,12:40:00,8830e025a5fffff,67,76.1,24.51,경기 수원시 영통구 원천동
8830e025a5fffff,13:00:00,8830e025a5fffff,76,75.88,24.98,경기 수원시 영통구 원천동
8830e025a5fffff,13:20:00,8830e025a5fffff,88,84.69,29.05,경기 수원시 영통구 원천동
8830e025a5fffff,13:40:00,8830e025a5fffff,116,91.4,27.72,경기 수원시 영통구 원천동
8830e025a5fffff,14:00:00,8830e025a5fffff,134,85.17,26.49,경기 수원시 영통구 원천동
8830e025a5fffff,14:20:00,8830e025a5fffff,100,68.69,21.82,경기 수원시 영통구 원천동
8830e025a5fffff,14:40:00,8830e025a5fffff,106,66.69,24.59,경기 수원시 영통구 원천동
8830e025a5fffff,15:00:00,8830e025a5fffff,102,67.72,28.91,경기 수원시 영통구 원천동
8830e025a5fffff,15:20:00,8830e025a5fffff,101,73.38,23.51,경기 수원시 영통구 원천동
8830e025a5fffff,15:40:00,8830e025a5fffff,127,64.3,24.53,경기 수원시 영통구 원천동
8830e025a5fffff,16:00:00,8830e025a5fffff,102,80.24,23.59,경기 수원시 영통구 원천동
8830e025a5fffff,16:20:00,8830e025a5fffff,84,63.71,25.15,경기 수원시 영통구 원천동
8830e025a5fffff,16:40:00,8830e025a5fffff,94,79.35,24.32,경기 수원시 영통구 원천동
8830e025a5fffff,17:00:00,8830e025a5fffff,98,68.32,22.51,경기 수원시 영통구 원천동
8830e025a5fffff,17:20:00,8830e025a5fffff,83,59.54,24.32,경기 수원시 영통구 원천동
8830e025a5fffff,17:40:00,8830e025a5fffff,64,62.78,21.7,경기 수원시 영통구 원천동
8830e025a5fffff,18:00:00,8830e025a5fffff,84,60.73,26.42,경기 수원시 영통구 원천동
8830e025a5fffff,18:20:00,8830e025a5fffff,75,64.71,21.71,경기 수원시 영통구 원천동
8830e025a5fffff,18:40:00,8830e025a5fffff,69,63.59,21.36,경기 수원시 영통구 원천동
8830e025a5fffff,19:00:00,8830e025a5fffff,100,62.74,22.1,경기 수원시 영통구 원천동
8830e025a5fffff,19:20:00,8830e025a5fffff,60,61.72,29.56,경기 수원시 영통구 원천동
8830e025a5fffff,19:40:00,8830e025a5fffff,84,59.27,26.58,경기 수원시 영통구 원천동
8830e025a5fffff,20:00:00,8830e025a5fffff,89,60.06,31.11,경기 수원시 영통구 원천동
8830e025a5fffff,20:20:00,8830e025a5fffff,56,61.86,29.33,경기 수원시 영통구 원천동
8830e025a5fffff,20:40:00,8830e025a5fffff,73,81.78,24.34,경기 수원시 영통구 원천동
8830e025a5fffff,21:00:00,8830e025a5fffff,57,71.04,26.15,경기 수원시 영통구 원천동
8830e025a5fffff,21:20:00,8830e025a5fffff,74,64.2,23.25,경기 수원시 영통구 원천동
8830e025a5fffff,21:40:00,8830e025a5fffff,79,59.43,140.02,경기 수원시 영통구 원천동
8830e025a5fffff,22:00:00,8830e025a5fffff,62,71.18,21.76,경기 수원시 영통구 원천동
8830e025a5fffff,22:20:00,8830e025a5fffff,45,76.2,17.06,경기 수원시 영통구 원천동
8830e025a5fffff,22:40:00,8830e025a5fffff,51,53.53,17.82,경기 수원시 영통구 원천동
8830e025a5fffff,23:00:00,8830e025a5fffff,55,49.38,291.55,경기 수원시 영통구 원천동
8830e025a5fffff,23:20:00,8830e025a5fffff,32,36.25,10.59,경기 수원시 영통구 원천동
8830e025adfffff,0:00:00,8830e025a5fffff,17,47.71,15.32,경기 수원시 영통구 원천동
8830e025adfffff,7:00:00,8830e025a5fffff,12,97.33,23.25,경기 수원시 영통구 원천동
8830e025adfffff,7:20:00,8830e025a5fffff,10,100.7,20.88,경기 수원시 영통구 원천동
8830e025adfffff,7:40:00,8830e025a5fffff,11,83.82,26.78,경기 수원시 영통구 원천동
8830e025adfffff,8:00:00,8830e025a5fffff,13,62.77,16.83,경기 수원시 영통구 원천동
8830e025adfffff,8:20:00,8830e025a5fffff,14,83.07,27.94,경기 수원시 영통구 원천동
8830e025adfffff,8:40:00,8830e025a5fffff,24,70.79,26.07,경기 수원시 영통구 원천동
8830e025adfffff,9:00:00,8830e025a5fffff,24,105.96,30.88,경기 수원시 영통구 원천동
8830e025adfffff,9:20:00,8830e025a5fffff,30,58.73,26.19,경기 수원시 영통구 원천동
8830e025adfffff,9:40:00,8830e025a5fffff,34,64.85,27.35,경기 수원시 영통구 원천동
8830e025adfffff,10:00:00,8830e025a5fffff,23,50.13,25.72,경기 수원시 영통구 원천동
8830e025adfffff,10:20:00,8830e025a5fffff,23,77.04,23.84,경기 수원시 영통구 원천동
8830e025adfffff,10:40:00,8830e025a5fffff,34,135.44,25.95,경기 수원시 영통구 원천동
8830e025adfffff,11:00:00,8830e025a5fffff,24,72.0,26.0,경기 수원시 영통구 원천동
8830e025adfffff,11:20:00,8830e025a5fffff,31,92.9,27.07,경기 수원시 영통구 원천동
8830e025adfffff,11:40:00,8830e025a5fffff,17,75.06,26.36,경기 수원시 영통구 원천동
8830e025adfffff,12:00:00,8830e025a5fffff,27,82.0,23.99,경기 수원시 영통구 원천동
8830e025adfffff,12:20:00,8830e025a5fffff,25,63.36,24.0,경기 수원시 영통구 원천동
8830e025adfffff,12:40:00,8830e025a5fffff,29,61.21,24.08,경기 수원시 영통구 원천동
8830e025adfffff,13:00:00,8830e025a5fffff,28,65.29,26.72,경기 수원시 영통구 원천동
8830e025adfffff,13:20:00,8830e025a5fffff,28,75.79,27.6,경기 수원시 영통구 원천동
8830e025adfffff,13:40:00,8830e025a5fffff,27,78.33,25.41,경기 수원시 영통구 원천동
8830e025adfffff,14:00:00,8830e025a5fffff,32,74.53,25.72,경기 수원시 영통구 원천동
8830e025adfffff,14:20:00,8830e025a5fffff,34,78.82,27.59,경기 수원시 영통구 원천동
8830e025adfffff,14:40:00,8830e025a5fffff,35,71.97,25.64,경기 수원시 영통구 원천동
8830e025adfffff,15:00:00,8830e025a5fffff,26,66.5,23.5,경기 수원시 영통구 원천동
8830e025adfffff,15:20:00,8830e025a5fffff,33,71.0,21.26,경기 수원시 영통구 원천동
8830e025adfffff,15:40:00,8830e025a5fffff,36,65.81,24.3,경기 수원시 영통구 원천동
8830e025adfffff,16:00:00,8830e025a5fffff,41,84.37,27.93,경기 수원시 영통구 원천동
8830e025adfffff,16:20:00,8830e025a5fffff,25,80.52,27.82,경기 수원시 영통구 원천동
8830e025adfffff,16:40:00,8830e025a5fffff,33,66.58,26.13,경기 수원시 영통구 원천동
8830e025adfffff,17:00:00,8830e025a5fffff,29,62.17,19.02,경기 수원시 영통구 원천동
8830e025adfffff,17:20:00,8830e025a5fffff,22,57.5,19.74,경기 수원시 영통구 원천동
8830e025adfffff,17:40:00,8830e025a5fffff,29,87.86,18.96,경기 수원시 영통구 원천동
8830e025adfffff,18:00:00,8830e025a5fffff,26,69.92,24.71,경기 수원시 영통구 원천동
8830e025adfffff,18:20:00,8830e025a5fffff,14,67.71,36.17,경기 수원시 영통구 원천동
8830e025adfffff,18:40:00,8830e025a5fffff,25,50.48,22.88,경기 수원시 영통구 원천동
8830e025adfffff,19:00:00,8830e025a5fffff,20,67.6,20.96,경기 수원시 영통구 원천동
8830e025adfffff,19:20:00,8830e025a5fffff,14,63.71,24.96,경기 수원시 영통구 원천동
8830e025adfffff,19:40:00,8830e025a5fffff,19,61.32,18.74,경기 수원시 영통구 원천동
8830e025adfffff,20:00:00,8830e025a5fffff,25,65.72,24.57,경기 수원시 영통구 원천동
8830e025adfffff,20:20:00,8830e025a5fffff,13,54.77,24.29,경기 수원시 영통구 원천동
8830e025adfffff,20:40:00,8830e025a5fffff,25,60.6,22.28,경기 수원시 영통구 원천동
8830e025adfffff,21:00:00,8830e025a5fffff,22,58.64,26.61,경기 수원시 영통구 원천동
8830e025adfffff,21:20:00,8830e025a5fffff,15,64.4,17.3,경기 수원시 영통구 원천동
8830e025adfffff,21:40:00,8830e025a5fffff,18,67.5,23.28,경기 수원시 영통구 원천동
8830e025adfffff,22:00:00,8830e025a5fffff,14,55.36,26.81,경기 수원시 영통구 원천동
8830e025adfffff,22:20:00,8830e025a5fffff,28,55.43,18.59,경기 수원시 영통구 원천동
8830e025adfffff,22:40:00,8830e025a5fffff,16,63.81,24.15,경기 수원시 영통구 원천동
8830e025adfffff,23:00:00,8830e025a5fffff,18,77.83,17.34,경기 수원시 영통구 원천동
8830e025bdfffff,7:40:00,8830e1530dfffff,13,61.54,52.81,Bundang_Townhall
8830e025c3fffff,7:00:00,8830e035ddfffff,19,45.53,67.21,Beom_Gye
8830e025d1fffff,4:00:00,8830e024dbfffff,11,32.73,28.16,경기 성남시 분당구 서현동
8830e025d1fffff,7:00:00,8830e15361fffff,11,36.55,27.48,경기 성남시 분당구 야탑동
8830e025d9fffff,7:20:00,8830e1530dfffff,10,47.2,31.91,Bundang_Townhall
8830e025d9fffff,7:40:00,8830e024dbfffff,11,36.0,18.9,경기 성남시 분당구 서현동
8830e025d9fffff,8:00:00,8830e024dbfffff,15,41.8,22.16,경기 성남시 분당구 서현동
8830e025d9fffff,13:20:00,8830e15361fffff,10,46.7,41.41,경기 성남시 분당구 야탑동
8830e025d9fffff,17:40:00,8830e15361fffff,10,37.4,35.08,경기 성남시 분당구 야탑동
8830e025dbfffff,7:40:00,8830e15361fffff,11,50.09,36.4,경기 성남시 분당구 야탑동
8830e025dbfffff,8:00:00,8830e024dbfffff,10,53.4,33.14,경기 성남시 분당구 서현동
8830e025ddfffff,7:20:00,8830e15361fffff,10,53.1,35.42,경기 성남시 분당구 야탑동
8830e025ddfffff,7:40:00,8830e15361fffff,10,50.5,30.69,경기 성남시 분당구 야탑동
8830e025ddfffff,8:00:00,8830e024dbfffff,10,38.2,29.59,경기 성남시 분당구 서현동
8830e025ddfffff,8:40:00,8830e15361fffff,13,39.92,38.23,경기 성남시 분당구 야탑동
8830e0260dfffff,14:00:00,8830e035ddfffff,10,64.0,33.63,Beom_Gye
8830e0260dfffff,14:40:00,8830e035ddfffff,12,64.58,29.15,Beom_Gye
8830e0260dfffff,16:00:00,8830e035ddfffff,19,63.53,29.09,Beom_Gye
8830e0260dfffff,16:20:00,8830e035ddfffff,10,61.6,32.82,Beom_Gye
8830e0260dfffff,17:00:00,8830e035d7fffff,10,46.8,33.69,경기 안양시 동안구 평촌동
8830e0260dfffff,17:00:00,8830e035ddfffff,16,60.94,39.27,Beom_Gye
8830e0260dfffff,17:20:00,8830e035ddfffff,16,56.38,34.64,Beom_Gye
8830e0260dfffff,17:40:00,8830e035ddfffff,14,59.29,41.48,Beom_Gye
8830e0260dfffff,18:00:00,8830e035ddfffff,14,50.43,39.63,Beom_Gye
8830e0260dfffff,19:00:00,8830e035ddfffff,10,48.2,38.53,Beom_Gye
8830e02641fffff,12:20:00,8830e035ddfffff,10,65.8,28.87,Beom_Gye
8830e02641fffff,14:20:00,8830e035ddfffff,10,51.6,38.8,Beom_Gye
8830e02641fffff,18:00:00,8830e035ddfffff,10,98.0,24.66,Beom_Gye
8830e0266bfffff,8:00:00,8830e035ddfffff,12,42.0,32.81,Beom_Gye
8830e0266bfffff,8:40:00,8830e035ddfffff,10,52.2,37.96,Beom_Gye
8830e0266bfffff,13:00:00,8830e035ddfffff,13,51.46,38.12,Beom_Gye
8830e0266bfffff,13:40:00,8830e035ddfffff,11,40.45,41.59,Beom_Gye
8830e0266bfffff,14:20:00,8830e035ddfffff,13,52.92,35.93,Beom_Gye
8830e0266bfffff,14:40:00,8830e035ddfffff,17,154.0,28.49,Beom_Gye
8830e0266bfffff,15:00:00,8830e035ddfffff,12,51.83,38.2,Beom_Gye
8830e0266bfffff,15:40:00,8830e035ddfffff,10,51.4,30.85,Beom_Gye
8830e0266bfffff,16:00:00,8830e035ddfffff,13,50.0,37.49,Beom_Gye
8830e0266bfffff,16:20:00,8830e035ddfffff,12,50.5,44.07,Beom_Gye
8830e0266bfffff,16:40:00,8830e035ddfffff,11,52.91,33.76,Beom_Gye
8830e02727fffff,7:00:00,8830e035ddfffff,12,48.17,38.61,Beom_Gye
8830e0272dfffff,7:40:00,8830e035ddfffff,12,61.5,34.59,Beom_Gye
8830e02735fffff,8:20:00,8830e035ddfffff,10,49.6,55.99,Beom_Gye
8830e02749fffff,17:20:00,8830e035ddfffff,14,51.21,28.79,Beom_Gye
8830e02749fffff,17:40:00,8830e035ddfffff,14,72.36,30.23,Beom_Gye
8830e02749fffff,18:00:00,8830e035ddfffff,13,50.38,35.12,Beom_Gye
8830e0274bfffff,9:00:00,8830e035ddfffff,12,45.17,32.03,Beom_Gye
8830e0276dfffff,7:40:00,8830e035ddfffff,10,54.3,48.8,Beom_Gye
8830e02c47fffff,7:00:00,8830e035ddfffff,11,78.82,56.9,Beom_Gye
8830e02c91fffff,7:00:00,8830e15361fffff,11,43.91,86.74,경기 성남시 분당구 야탑동
8830e02cc9fffff,17:40:00,8830e025a5fffff,10,41.2,31.42,경기 수원시 영통구 원천동
8830e02cc9fffff,18:20:00,8830e025a5fffff,10,47.9,35.84,경기 수원시 영통구 원천동
8830e02ce7fffff,17:40:00,8830e03531fffff,13,91.31,57.44,경기 안양시 만안구 안양동
8830e02e19fffff,7:00:00,8830e035ddfffff,10,71.6,64.46,Beom_Gye
8830e02e87fffff,6:00:00,8830e15361fffff,13,50.54,69.64,경기 성남시 분당구 야탑동
8830e02e89fffff,9:20:00,8830e024dbfffff,14,81.29,34.52,경기 성남시 분당구 서현동
8830e02e89fffff,9:40:00,8830e024dbfffff,18,97.06,30.86,경기 성남시 분당구 서현동
8830e02e89fffff,13:00:00,8830e025a5fffff,10,44.0,19.3,경기 수원시 영통구 원천동
8830e02e89fffff,18:00:00,8830e025a5fffff,10,48.0,27.44,경기 수원시 영통구 원천동
8830e02e8bfffff,15:20:00,8830e025a5fffff,12,128.75,26.62,경기 수원시 영통구 원천동
8830e02e91fffff,0:00:00,8830e025a5fffff,136,61.4,14.79,경기 수원시 영통구 원천동
8830e02e91fffff,1:00:00,8830e025a5fffff,11,45.55,17.27,경기 수원시 영통구 원천동
8830e02e91fffff,1:20:00,8830e025a5fffff,10,41.4,12.64,경기 수원시 영통구 원천동
8830e02e91fffff,5:00:00,8830e025a5fffff,20,82.95,13.5,경기 수원시 영통구 원천동
8830e02e91fffff,5:20:00,8830e025a5fffff,13,79.62,18.0,경기 수원시 영통구 원천동
8830e02e91fffff,6:00:00,8830e025a5fffff,12,74.92,17.49,경기 수원시 영통구 원천동
8830e02e91fffff,9:00:00,8830e025a5fffff,14,71.71,17.36,경기 수원시 영통구 원천동
8830e02e91fffff,9:20:00,8830e025a5fffff,13,99.0,21.77,경기 수원시 영통구 원천동
8830e02e91fffff,10:00:00,8830e025a5fffff,12,78.58,19.65,경기 수원시 영통구 원천동
8830e02e91fffff,10:40:00,8830e025a5fffff,12,68.0,26.58,경기 수원시 영통구 원천동
8830e02e91fffff,11:20:00,8830e025a5fffff,12,75.25,20.56,경기 수원시 영통구 원천동
8830e02e91fffff,11:40:00,8830e025a5fffff,10,68.2,16.93,경기 수원시 영통구 원천동
8830e02e91fffff,13:00:00,8830e025a5fffff,12,86.0,23.26,경기 수원시 영통구 원천동
8830e02e91fffff,14:20:00,8830e025a5fffff,10,54.4,16.05,경기 수원시 영통구 원천동
8830e02e91fffff,14:40:00,8830e025a5fffff,13,105.85,22.75,경기 수원시 영통구 원천동
8830e02e91fffff,15:00:00,8830e025a5fffff,14,84.07,26.43,경기 수원시 영통구 원천동
8830e02e91fffff,15:20:00,8830e025a5fffff,14,88.64,20.62,경기 수원시 영통구 원천동
8830e02e91fffff,16:00:00,8830e025a5fffff,10,54.4,24.21,경기 수원시 영통구 원천동
8830e02e91fffff,16:20:00,8830e025a5fffff,12,64.42,20.79,경기 수원시 영통구 원천동
8830e02e91fffff,16:40:00,8830e025a5fffff,12,62.67,17.18,경기 수원시 영통구 원천동
8830e02e91fffff,17:00:00,8830e025a5fffff,11,61.73,22.51,경기 수원시 영통구 원천동
8830e02e91fffff,17:40:00,8830e025a5fffff,10,73.7,17.3,경기 수원시 영통구 원천동
8830e02e91fffff,18:20:00,8830e025a5fffff,13,58.23,10.25,경기 수원시 영통구 원천동
8830e02e91fffff,19:20:00,8830e025a5fffff,11,61.45,15.22,경기 수원시 영통구 원천동
8830e02e91fffff,20:00:00,8830e025a5fffff,10,92.3,25.37,경기 수원시 영통구 원천동
8830e02e91fffff,20:20:00,8830e025a5fffff,15,67.87,13.54,경기 수원시 영통구 원천동
8830e02e91fffff,20:40:00,8830e025a5fffff,12,55.75,23.39,경기 수원시 영통구 원천동
8830e02e91fffff,21:00:00,8830e025a5fffff,16,81.0,16.28,경기 수원시 영통구 원천동
8830e02e91fffff,21:20:00,8830e025a5fffff,22,48.45,16.29,경기 수원시 영통구 원천동
8830e02e91fffff,22:00:00,8830e025a5fffff,11,73.0,28.9,경기 수원시 영통구 원천동
8830e02e91fffff,22:20:00,8830e025a5fffff,21,78.1,11.14,경기 수원시 영통구 원천동
8830e02e91fffff,22:40:00,8830e025a5fffff,12,62.92,16.25,경기 수원시 영통구 원천동
8830e02e91fffff,23:00:00,8830e025a5fffff,16,47.25,18.04,경기 수원시 영통구 원천동
8830e02e99fffff,0:00:00,8830e025a5fffff,63,53.08,24.36,경기 수원시 영통구 원천동
8830e02e99fffff,5:40:00,8830e025a5fffff,10,124.2,29.25,경기 수원시 영통구 원천동
8830e02e99fffff,6:40:00,8830e025a5fffff,10,62.6,22.52,경기 수원시 영통구 원천동
8830e02e99fffff,7:00:00,8830e025a5fffff,11,58.18,24.71,경기 수원시 영통구 원천동
8830e02e99fffff,7:40:00,8830e025a5fffff,10,72.3,28.13,경기 수원시 영통구 원천동
8830e02e99fffff,8:00:00,8830e025a5fffff,18,138.0,40.03,경기 수원시 영통구 원천동
8830e02e99fffff,8:20:00,8830e025a5fffff,25,64.24,26.74,경기 수원시 영통구 원천동
8830e02e99fffff,8:40:00,8830e025a5fffff,18,86.56,27.46,경기 수원시 영통구 원천동
8830e02e99fffff,9:00:00,8830e025a5fffff,27,79.48,36.95,경기 수원시 영통구 원천동
8830e02e99fffff,9:20:00,8830e025a5fffff,21,125.95,95.24,경기 수원시 영통구 원천동
8830e02e99fffff,9:40:00,8830e025a5fffff,27,71.19,25.79,경기 수원시 영통구 원천동
8830e02e99fffff,10:00:00,8830e025a5fffff,32,68.94,29.04,경기 수원시 영통구 원천동
8830e02e99fffff,10:20:00,8830e025a5fffff,27,66.22,21.95,경기 수원시 영통구 원천동
8830e02e99fffff,10:40:00,8830e025a5fffff,27,59.19,17.63,경기 수원시 영통구 원천동
8830e02e99fffff,11:00:00,8830e025a5fffff,39,65.54,38.13,경기 수원시 영통구 원천동
8830e02e99fffff,11:20:00,8830e025a5fffff,34,65.32,31.44,경기 수원시 영통구 원천동
8830e02e99fffff,11:40:00,8830e025a5fffff,45,67.22,19.96,경기 수원시 영통구 원천동
8830e02e99fffff,12:00:00,8830e025a5fffff,42,74.05,25.55,경기 수원시 영통구 원천동
8830e02e99fffff,12:20:00,8830e025a5fffff,51,51.69,21.43,경기 수원시 영통구 원천동
8830e02e99fffff,12:40:00,8830e025a5fffff,50,60.92,24.89,경기 수원시 영통구 원천동
8830e02e99fffff,13:00:00,8830e025a5fffff,61,75.05,28.2,경기 수원시 영통구 원천동
8830e02e99fffff,13:20:00,8830e025a5fffff,51,74.41,25.97,경기 수원시 영통구 원천동
8830e02e99fffff,13:40:00,8830e025a5fffff,57,74.58,29.37,경기 수원시 영통구 원천동
8830e02e99fffff,14:00:00,8830e025a5fffff,60,88.35,26.62,경기 수원시 영통구 원천동
8830e02e99fffff,14:20:00,8830e025a5fffff,60,79.68,23.87,경기 수원시 영통구 원천동
8830e02e99fffff,14:40:00,8830e025a5fffff,73,66.77,25.27,경기 수원시 영통구 원천동
8830e02e99fffff,15:00:00,8830e025a5fffff,54,56.09,22.55,경기 수원시 영통구 원천동
8830e02e99fffff,15:20:00,8830e025a5fffff,60,61.25,23.77,경기 수원시 영통구 원천동
8830e02e99fffff,15:40:00,8830e025a5fffff,61,56.92,22.47,경기 수원시 영통구 원천동
8830e02e99fffff,16:00:00,8830e025a5fffff,78,70.49,25.44,경기 수원시 영통구 원천동
8830e02e99fffff,16:20:00,8830e025a5fffff,62,56.87,21.99,경기 수원시 영통구 원천동
8830e02e99fffff,16:40:00,8830e025a5fffff,44,50.82,22.85,경기 수원시 영통구 원천동
8830e02e99fffff,17:00:00,8830e025a5fffff,59,75.42,22.65,경기 수원시 영통구 원천동
8830e02e99fffff,17:20:00,8830e025a5fffff,49,63.29,22.48,경기 수원시 영통구 원천동
8830e02e99fffff,17:40:00,8830e025a5fffff,50,57.6,23.65,경기 수원시 영통구 원천동
8830e02e99fffff,18:00:00,8830e025a5fffff,54,56.19,20.08,경기 수원시 영통구 원천동
8830e02e99fffff,18:20:00,8830e025a5fffff,54,65.44,23.11,경기 수원시 영통구 원천동
8830e02e99fffff,18:40:00,8830e025a5fffff,36,51.56,24.58,경기 수원시 영통구 원천동
8830e02e99fffff,19:00:00,8830e025a5fffff,47,74.32,23.69,경기 수원시 영통구 원천동
8830e02e99fffff,19:20:00,8830e025a5fffff,45,50.71,20.58,경기 수원시 영통구 원천동
8830e02e99fffff,19:40:00,8830e025a5fffff,57,54.58,22.66,경기 수원시 영통구 원천동
8830e02e99fffff,20:00:00,8830e025a5fffff,36,84.36,29.08,경기 수원시 영통구 원천동
8830e02e99fffff,20:20:00,8830e025a5fffff,55,65.55,23.11,경기 수원시 영통구 원천동
8830e02e99fffff,20:40:00,8830e025a5fffff,53,60.53,23.33,경기 수원시 영통구 원천동
8830e02e99fffff,21:00:00,8830e025a5fffff,41,58.56,29.93,경기 수원시 영통구 원천동
8830e02e99fffff,21:20:00,8830e025a5fffff,52,62.12,23.99,경기 수원시 영통구 원천동
8830e02e99fffff,21:40:00,8830e025a5fffff,56,55.89,24.35,경기 수원시 영통구 원천동
8830e02e99fffff,22:00:00,8830e025a5fffff,52,55.67,22.99,경기 수원시 영통구 원천동
8830e02e99fffff,22:20:00,8830e025a5fffff,28,44.04,19.26,경기 수원시 영통구 원천동
8830e02e99fffff,22:40:00,8830e025a5fffff,27,46.33,20.1,경기 수원시 영통구 원천동
8830e02e99fffff,23:00:00,8830e025a5fffff,24,46.25,20.61,경기 수원시 영통구 원천동
8830e02e99fffff,23:20:00,8830e025a5fffff,12,37.42,19.11,경기 수원시 영통구 원천동
8830e02eb1fffff,18:20:00,8830e15361fffff,10,64.3,79.37,경기 성남시 분당구 야탑동
8830e02eb5fffff,17:00:00,8830e15361fffff,23,54.04,63.18,경기 성남시 분당구 야탑동
8830e02ebdfffff,16:40:00,8830e024dbfffff,10,40.2,67.41,경기 성남시 분당구 서현동
8830e02ebdfffff,17:00:00,8830e15361fffff,19,59.68,72.62,경기 성남시 분당구 야탑동
8830e02ebdfffff,18:20:00,8830e025a5fffff,11,54.27,33.05,경기 수원시 영통구 원천동
8830e02ebdfffff,18:20:00,8830e15361fffff,10,54.8,79.01,경기 성남시 분당구 야탑동
8830e02ebdfffff,18:40:00,8830e15361fffff,14,49.71,77.02,경기 성남시 분당구 야탑동
8830e02ebdfffff,19:00:00,8830e035d7fffff,14,81.0,85.11,경기 안양시 동안구 평촌동
8830e02ebdfffff,19:20:00,8830e15361fffff,13,44.0,79.15,경기 성남시 분당구 야탑동
8830e02ebdfffff,20:00:00,8830e024dbfffff,10,51.4,68.95,경기 성남시 분당구 서현동
8830e02ebdfffff,20:00:00,8830e035d7fffff,14,61.29,81.9,경기 안양시 동안구 평촌동
8830e02ebdfffff,20:00:00,8830e1530dfffff,10,61.0,58.97,Bundang_Townhall
8830e02ebdfffff,20:00:00,8830e15361fffff,11,63.55,55.01,경기 성남시 분당구 야탑동
8830e02ebdfffff,20:20:00,8830e035d7fffff,12,59.08,82.54,경기 안양시 동안구 평촌동
8830e02ebdfffff,21:00:00,8830e025a5fffff,11,69.73,36.3,경기 수원시 영통구 원천동
8830e02ebdfffff,21:00:00,8830e035d7fffff,11,72.36,71.59,경기 안양시 동안구 평촌동
8830e02ebdfffff,21:00:00,8830e15361fffff,11,46.27,68.17,경기 성남시 분당구 야탑동
8830e02ec9fffff,8:40:00,8830e035ddfffff,10,58.3,37.95,Beom_Gye
8830e02ecbfffff,17:00:00,8830e15361fffff,10,61.1,52.58,경기 성남시 분당구 야탑동
8830e02ecdfffff,7:00:00,8830e035ddfffff,12,65.67,52.47,Beom_Gye
8830e02ed3fffff,0:00:00,8830e025a5fffff,39,50.21,21.22,경기 수원시 영통구 원천동
8830e02ed3fffff,7:20:00,8830e025a5fffff,12,61.33,22.78,경기 수원시 영통구 원천동
8830e02ed3fffff,8:00:00,8830e025a5fffff,13,56.85,38.22,경기 수원시 영통구 원천동
8830e02ed3fffff,8:20:00,8830e025a5fffff,11,74.73,29.65,경기 수원시 영통구 원천동
8830e02ed3fffff,8:40:00,8830e025a5fffff,20,142.0,35.31,경기 수원시 영통구 원천동
8830e02ed3fffff,9:00:00,8830e025a5fffff,24,85.88,23.35,경기 수원시 영통구 원천동
8830e02ed3fffff,9:20:00,8830e025a5fffff,40,57.35,25.11,경기 수원시 영통구 원천동
8830e02ed3fffff,9:40:00,8830e025a5fffff,28,69.82,19.85,경기 수원시 영통구 원천동
8830e02ed3fffff,10:00:00,8830e025a5fffff,29,85.62,30.42,경기 수원시 영통구 원천동
8830e02ed3fffff,10:20:00,8830e025a5fffff,21,151.81,28.38,경기 수원시 영통구 원천동
8830e02ed3fffff,10:40:00,8830e025a5fffff,25,74.84,30.72,경기 수원시 영통구 원천동
8830e02ed3fffff,11:00:00,8830e025a5fffff,33,80.55,23.98,경기 수원시 영통구 원천동
8830e02ed3fffff,11:20:00,8830e025a5fffff,22,90.59,21.62,경기 수원시 영통구 원천동
8830e02ed3fffff,11:40:00,8830e025a5fffff,21,80.43,32.88,경기 수원시 영통구 원천동
8830e02ed3fffff,12:00:00,8830e025a5fffff,27,55.33,29.94,경기 수원시 영통구 원천동
8830e02ed3fffff,12:20:00,8830e025a5fffff,28,54.0,24.31,경기 수원시 영통구 원천동
8830e02ed3fffff,12:40:00,8830e025a5fffff,27,71.7,28.03,경기 수원시 영통구 원천동
8830e02ed3fffff,13:00:00,8830e025a5fffff,26,70.15,28.35,경기 수원시 영통구 원천동
8830e02ed3fffff,13:20:00,8830e025a5fffff,28,59.61,26.27,경기 수원시 영통구 원천동
8830e02ed3fffff,13:40:00,8830e025a5fffff,24,77.29,28.75,경기 수원시 영통구 원천동
8830e02ed3fffff,14:00:00,8830e025a5fffff,27,71.3,27.92,경기 수원시 영통구 원천동
8830e02ed3fffff,14:20:00,8830e025a5fffff,21,63.24,19.09,경기 수원시 영통구 원천동
8830e02ed3fffff,14:40:00,8830e025a5fffff,21,58.86,23.29,경기 수원시 영통구 원천동
8830e02ed3fffff,15:00:00,8830e025a5fffff,39,73.77,24.21,경기 수원시 영통구 원천동
8830e02ed3fffff,15:20:00,8830e025a5fffff,29,92.66,33.28,경기 수원시 영통구 원천동
8830e02ed3fffff,15:40:00,8830e025a5fffff,26,77.0,29.12,경기 수원시 영통구 원천동
8830e02ed3fffff,16:00:00,8830e025a5fffff,25,63.88,22.72,경기 수원시 영통구 원천동
8830e02ed3fffff,16:20:00,8830e025a5fffff,36,58.86,21.67,경기 수원시 영통구 원천동
8830e02ed3fffff,16:40:00,8830e025a5fffff,21,50.57,27.77,경기 수원시 영통구 원천동
8830e02ed3fffff,17:00:00,8830e025a5fffff,21,85.0,22.18,경기 수원시 영통구 원천동
8830e02ed3fffff,17:20:00,8830e025a5fffff,23,57.09,25.21,경기 수원시 영통구 원천동
8830e02ed3fffff,17:40:00,8830e025a5fffff,20,84.1,19.25,경기 수원시 영통구 원천동
8830e02ed3fffff,18:00:00,8830e025a5fffff,19,75.11,16.24,경기 수원시 영통구 원천동
8830e02ed3fffff,18:20:00,8830e025a5fffff,20,51.05,19.29,경기 수원시 영통구 원천동
8830e02ed3fffff,18:40:00,8830e025a5fffff,20,89.75,28.36,경기 수원시 영통구 원천동
8830e02ed3fffff,19:00:00,8830e025a5fffff,22,68.23,25.93,경기 수원시 영통구 원천동
8830e02ed3fffff,19:20:00,8830e025a5fffff,15,56.13,21.15,경기 수원시 영통구 원천동
8830e02ed3fffff,19:40:00,8830e025a5fffff,17,50.71,35.99,경기 수원시 영통구 원천동
8830e02ed3fffff,20:00:00,8830e025a5fffff,26,46.85,25.83,경기 수원시 영통구 원천동
8830e02ed3fffff,20:20:00,8830e025a5fffff,15,54.93,23.68,경기 수원시 영통구 원천동
8830e02ed3fffff,20:40:00,8830e025a5fffff,21,60.38,31.46,경기 수원시 영통구 원천동
8830e02ed3fffff,21:00:00,8830e025a5fffff,20,61.15,21.92,경기 수원시 영통구 원천동
8830e02ed3fffff,21:20:00,8830e025a5fffff,16,53.31,26.09,경기 수원시 영통구 원천동
8830e02ed3fffff,21:40:00,8830e025a5fffff,20,75.3,22.9,경기 수원시 영통구 원천동
8830e02ed3fffff,22:00:00,8830e025a5fffff,17,55.18,21.94,경기 수원시 영통구 원천동
8830e02ed3fffff,23:00:00,8830e025a5fffff,10,49.2,22.66,경기 수원시 영통구 원천동
8830e02ed3fffff,23:20:00,8830e025a5fffff,13,34.15,18.73,경기 수원시 영통구 원천동
8830e02ed7fffff,11:40:00,8830e025a5fffff,10,58.6,21.32,경기 수원시 영통구 원천동
8830e02ed7fffff,12:00:00,8830e025a5fffff,11,40.64,30.08,경기 수원시 영통구 원천동
8830e02ed7fffff,13:40:00,8830e025a5fffff,10,80.2,25.0,경기 수원시 영통구 원천동
8830e02ed7fffff,14:00:00,8830e025a5fffff,12,57.58,27.87,경기 수원시 영통구 원천동
8830e02ed7fffff,14:40:00,8830e025a5fffff,15,47.6,20.47,경기 수원시 영통구 원천동
8830e02ed7fffff,15:00:00,8830e025a5fffff,14,64.71,21.88,경기 수원시 영통구 원천동
8830e02ed7fffff,15:20:00,8830e025a5fffff,13,61.38,22.74,경기 수원시 영통구 원천동
8830e02ed7fffff,15:40:00,8830e025a5fffff,12,70.75,27.57,경기 수원시 영통구 원천동
8830e02ed7fffff,16:00:00,8830e025a5fffff,13,50.23,25.53,경기 수원시 영통구 원천동
8830e02ed7fffff,16:20:00,8830e025a5fffff,14,45.0,14.45,경기 수원시 영통구 원천동
8830e02ed7fffff,16:40:00,8830e025a5fffff,14,54.07,36.19,경기 수원시 영통구 원천동
8830e02ed7fffff,17:00:00,8830e025a5fffff,10,54.4,27.81,경기 수원시 영통구 원천동
8830e02ed7fffff,17:20:00,8830e025a5fffff,11,50.91,32.93,경기 수원시 영통구 원천동
8830e02ed7fffff,17:40:00,8830e025a5fffff,11,74.82,19.52,경기 수원시 영통구 원천동
8830e02ed7fffff,18:00:00,8830e025a5fffff,10,44.2,41.13,경기 수원시 영통구 원천동
8830e02ed7fffff,18:20:00,8830e025a5fffff,15,58.8,25.72,경기 수원시 영통구 원천동
8830e02ed7fffff,19:20:00,8830e025a5fffff,10,46.8,21.33,경기 수원시 영통구 원천동
8830e02ed9fffff,17:00:00,8830e025a5fffff,10,80.0,29.32,경기 수원시 영통구 원천동
8830e02ed9fffff,17:20:00,8830e035ddfffff,11,84.18,46.61,Beom_Gye
8830e02edbfffff,17:40:00,8830e025a5fffff,10,37.3,27.63,경기 수원시 영통구 원천동
8830e02eddfffff,17:00:00,8830e024dbfffff,11,58.09,57.89,경기 성남시 분당구 서현동
8830e02eddfffff,17:00:00,8830e15361fffff,12,53.5,72.52,경기 성남시 분당구 야탑동
8830e02eddfffff,17:20:00,8830e025a5fffff,10,50.3,25.31,경기 수원시 영통구 원천동
8830e02eddfffff,17:20:00,8830e1530dfffff,10,66.6,56.95,Bundang_Townhall
8830e02eddfffff,17:20:00,8830e15361fffff,13,64.92,59.83,경기 성남시 분당구 야탑동
8830e02eddfffff,17:40:00,8830e025a5fffff,28,85.54,27.71,경기 수원시 영통구 원천동
8830e02eddfffff,17:40:00,8830e15361fffff,12,75.67,46.58,경기 성남시 분당구 야탑동
8830e02eddfffff,18:00:00,8830e024dbfffff,13,58.69,56.02,경기 성남시 분당구 서현동
8830e02eddfffff,18:00:00,8830e025a5fffff,20,101.6,23.8,경기 수원시 영통구 원천동
8830e02eddfffff,18:00:00,8830e15361fffff,11,57.36,58.63,경기 성남시 분당구 야탑동
8830e02eddfffff,18:20:00,8830e024dbfffff,12,59.75,42.67,경기 성남시 분당구 서현동
8830e02eddfffff,18:20:00,8830e025a5fffff,16,93.69,27.23,경기 수원시 영통구 원천동
8830e02eddfffff,18:40:00,8830e024dbfffff,13,61.54,49.06,경기 성남시 분당구 서현동
8830e02eddfffff,18:40:00,8830e025a5fffff,16,89.44,25.45,경기 수원시 영통구 원천동
8830e02eddfffff,18:40:00,8830e1530dfffff,10,57.4,59.75,Bundang_Townhall
8830e02eddfffff,18:40:00,8830e15361fffff,24,62.04,53.03,경기 성남시 분당구 야탑동
8830e02eddfffff,19:00:00,8830e024dbfffff,23,47.26,59.33,경기 성남시 분당구 서현동
8830e02eddfffff,19:00:00,8830e035d7fffff,12,74.92,51.75,경기 안양시 동안구 평촌동
8830e02eddfffff,19:00:00,8830e15361fffff,17,59.47,54.57,경기 성남시 분당구 야탑동
8830e02eddfffff,19:20:00,8830e035d7fffff,11,58.64,55.82,경기 안양시 동안구 평촌동
8830e02eddfffff,19:20:00,8830e1530dfffff,12,42.25,78.48,Bundang_Townhall
8830e02eddfffff,19:20:00,8830e15361fffff,20,55.5,62.13,경기 성남시 분당구 야탑동
8830e02eddfffff,19:40:00,8830e025a5fffff,12,56.42,1297.21,경기 수원시 영통구 원천동
8830e02eddfffff,19:40:00,8830e15361fffff,21,54.48,71.51,경기 성남시 분당구 야탑동
8830e02eddfffff,20:00:00,8830e025a5fffff,10,39.8,20.61,경기 수원시 영통구 원천동
8830e02eddfffff,20:00:00,8830e1530dfffff,13,114.62,67.06,Bundang_Townhall
8830e02eddfffff,20:00:00,8830e15361fffff,17,49.12,57.71,경기 성남시 분당구 야탑동
8830e02eddfffff,20:20:00,8830e025a5fffff,10,50.6,29.45,경기 수원시 영통구 원천동
8830e02eddfffff,20:20:00,8830e035d7fffff,14,58.57,53.47,경기 안양시 동안구 평촌동
8830e02eddfffff,20:20:00,8830e15361fffff,18,56.28,58.27,경기 성남시 분당구 야탑동
8830e02eddfffff,20:40:00,8830e025a5fffff,10,68.9,23.67,경기 수원시 영통구 원천동
8830e02eddfffff,20:40:00,8830e15361fffff,16,58.56,61.85,경기 성남시 분당구 야탑동
8830e02eddfffff,21:00:00,8830e1530dfffff,12,112.5,62.37,Bundang_Townhall
8830e02eebfffff,7:40:00,8830e035ddfffff,17,71.18,55.05,Beom_Gye
8830e03089fffff,8:40:00,8830e035ddfffff,12,39.75,46.76,Beom_Gye
8830e030c3fffff,7:00:00,8830e035ddfffff,11,64.36,47.79,Beom_Gye
8830e030c3fffff,8:00:00,8830e035ddfffff,17,67.06,45.0,Beom_Gye
8830e030d3fffff,7:40:00,8830e0ac83fffff,11,56.18,67.5,서울 구로구 구로동
8830e030d3fffff,8:20:00,8830e0ad9bfffff,10,49.5,55.69,Gwang_Myeong
8830e030d5fffff,7:20:00,8830e0ac83fffff,10,79.9,52.03,서울 구로구 구로동
8830e030d5fffff,7:40:00,8830e0ac83fffff,11,66.82,56.62,서울 구로구 구로동
8830e030d5fffff,9:20:00,8830e0ac9dfffff,10,212.6,54.28,서울 양천구 신정동
8830e0311dfffff,17:00:00,8830e0af6dfffff,10,138.9,46.34,인천 계양구 계산동
8830e03131fffff,19:20:00,8830e0ac99fffff,10,59.3,54.93,Kintex
8830e03143fffff,17:20:00,8830e0ad9bfffff,10,57.3,74.95,Gwang_Myeong
8830e0315dfffff,7:00:00,8830e035ddfffff,10,60.5,51.29,Beom_Gye
8830e03169fffff,5:00:00,8830e0af0bfffff,12,123.0,55.27,경기 부천시 중동
8830e03169fffff,8:20:00,8830e0af0bfffff,13,130.62,58.15,경기 부천시 중동
8830e03169fffff,9:00:00,8830e0af0bfffff,10,125.4,59.84,경기 부천시 중동
8830e03169fffff,9:20:00,8830e0af0bfffff,14,124.79,60.74,경기 부천시 중동
8830e03169fffff,10:20:00,8830e0af0bfffff,14,149.86,53.47,경기 부천시 중동
8830e03169fffff,11:00:00,8830e0af0bfffff,11,155.36,57.16,경기 부천시 중동
8830e03169fffff,16:40:00,8830e0af0bfffff,10,129.7,62.2,경기 부천시 중동
8830e03169fffff,17:20:00,8830e0af0bfffff,12,150.67,47.79,경기 부천시 중동
8830e03169fffff,17:40:00,8830e0af0bfffff,14,149.29,53.5,경기 부천시 중동
8830e03169fffff,18:00:00,8830e0af0bfffff,15,146.4,51.71,경기 부천시 중동
8830e03169fffff,18:20:00,8830e0af0bfffff,15,139.0,57.98,경기 부천시 중동
8830e03169fffff,20:20:00,8830e0af0bfffff,10,124.7,65.78,경기 부천시 중동
8830e03181fffff,17:00:00,8830e035ddfffff,10,65.0,55.36,Beom_Gye
8830e03181fffff,17:20:00,8830e03531fffff,10,84.9,54.25,경기 안양시 만안구 안양동
8830e03181fffff,17:20:00,8830e035ddfffff,16,65.88,60.29,Beom_Gye
8830e03181fffff,17:40:00,8830e035ddfffff,20,64.25,61.14,Beom_Gye
8830e03181fffff,18:00:00,8830e035d7fffff,20,61.0,60.36,경기 안양시 동안구 평촌동
8830e03181fffff,18:00:00,8830e035ddfffff,23,64.48,49.51,Beom_Gye
8830e03183fffff,21:40:00,8830e03531fffff,12,40.83,59.42,경기 안양시 만안구 안양동
8830e03185fffff,18:00:00,8830e035d7fffff,13,78.54,49.18,경기 안양시 동안구 평촌동
8830e03185fffff,18:00:00,8830e035ddfffff,10,64.4,49.66,Beom_Gye
8830e0318dfffff,17:40:00,8830e035ddfffff,10,56.6,74.78,Beom_Gye
8830e0318dfffff,18:00:00,8830e035ddfffff,14,48.07,63.45,Beom_Gye
8830e0318dfffff,18:20:00,8830e035d7fffff,11,54.55,61.24,경기 안양시 동안구 평촌동
8830e0319dfffff,6:00:00,8830e0ac9dfffff,12,48.33,91.18,서울 양천구 신정동
8830e031a3fffff,17:20:00,8830e03531fffff,10,41.1,41.32,경기 안양시 만안구 안양동
8830e031abfffff,8:20:00,8830e035ddfffff,14,62.29,53.23,Beom_Gye
8830e031b1fffff,8:00:00,8830e035ddfffff,10,44.7,58.3,Beom_Gye
8830e031b3fffff,8:00:00,8830e035ddfffff,11,39.09,97.1,Beom_Gye
8830e031cdfffff,8:40:00,8830e035ddfffff,10,52.7,74.98,Beom_Gye
8830e031d5fffff,7:40:00,8830e035ddfffff,12,55.83,50.0,Beom_Gye
8830e0324bfffff,0:00:00,8830e0af6dfffff,13,85.54,37.62,인천 계양구 계산동
8830e0324bfffff,8:40:00,8830e0af0bfffff,10,50.2,37.82,경기 부천시 중동
8830e03269fffff,9:00:00,8830e0af0bfffff,12,42.58,42.24,경기 부천시 중동
8830e03269fffff,9:20:00,8830e0af0bfffff,10,38.0,37.14,경기 부천시 중동
8830e03289fffff,7:40:00,8830e0ad9bfffff,10,61.1,50.68,Gwang_Myeong
8830e03305fffff,18:00:00,8830e03531fffff,11,55.09,82.4,경기 안양시 만안구 안양동
8830e03309fffff,7:40:00,8830e035ddfffff,10,68.1,68.9,Beom_Gye
8830e0332dfffff,18:00:00,8830e03531fffff,11,73.27,55.8,경기 안양시 만안구 안양동
8830e03343fffff,8:00:00,8830e0af0bfffff,10,44.7,68.71,경기 부천시 중동
8830e03343fffff,11:20:00,8830e035ddfffff,10,82.1,33.06,Beom_Gye
8830e03347fffff,6:20:00,8830e0ac83fffff,11,38.82,111.6,서울 구로구 구로동
8830e03415fffff,17:20:00,8830e035ddfffff,10,43.0,31.16,Beom_Gye
8830e03421fffff,8:00:00,8830e035ddfffff,14,69.07,27.97,Beom_Gye
8830e03421fffff,8:20:00,8830e035ddfffff,21,62.14,25.56,Beom_Gye
8830e03421fffff,9:00:00,8830e035ddfffff,10,52.2,23.23,Beom_Gye
8830e03421fffff,10:00:00,8830e035ddfffff,11,143.09,28.14,Beom_Gye
8830e03421fffff,10:20:00,8830e035ddfffff,11,50.0,22.55,Beom_Gye
8830e03421fffff,10:40:00,8830e035ddfffff,14,68.86,23.61,Beom_Gye
8830e03421fffff,11:00:00,8830e035ddfffff,18,72.56,26.77,Beom_Gye
8830e03421fffff,11:20:00,8830e035ddfffff,19,59.63,25.48,Beom_Gye
8830e03421fffff,12:00:00,8830e035ddfffff,11,65.36,20.63,Beom_Gye
8830e03421fffff,12:20:00,8830e035ddfffff,10,52.5,24.51,Beom_Gye
8830e03421fffff,12:40:00,8830e035ddfffff,10,66.2,28.35,Beom_Gye
8830e03421fffff,13:20:00,8830e035ddfffff,10,62.9,13.54,Beom_Gye
8830e03421fffff,14:00:00,8830e035ddfffff,11,46.36,27.87,Beom_Gye
8830e03421fffff,14:20:00,8830e035ddfffff,12,47.0,26.0,Beom_Gye
8830e03421fffff,15:20:00,8830e035ddfffff,11,73.91,31.29,Beom_Gye
8830e03421fffff,15:40:00,8830e035ddfffff,10,45.3,21.51,Beom_Gye
8830e03421fffff,16:00:00,8830e035ddfffff,16,72.75,23.54,Beom_Gye
8830e03421fffff,16:20:00,8830e035ddfffff,12,54.08,25.22,Beom_Gye
8830e03421fffff,17:00:00,8830e035ddfffff,11,75.18,24.17,Beom_Gye
8830e03421fffff,17:20:00,8830e035ddfffff,13,54.69,24.43,Beom_Gye
8830e03421fffff,17:40:00,8830e035ddfffff,21,50.48,28.2,Beom_Gye
8830e03421fffff,18:00:00,8830e035ddfffff,19,58.89,25.83,Beom_Gye
8830e03423fffff,7:20:00,8830e035ddfffff,29,63.38,22.32,Beom_Gye
8830e03423fffff,7:40:00,8830e035ddfffff,21,57.9,25.78,Beom_Gye
8830e03423fffff,8:00:00,8830e035ddfffff,35,78.03,25.53,Beom_Gye
8830e03423fffff,8:00:00,8830e0ac83fffff,13,68.85,51.43,서울 구로구 구로동
8830e03423fffff,8:20:00,8830e035ddfffff,51,61.59,23.52,Beom_Gye
8830e03423fffff,8:40:00,8830e035ddfffff,29,43.38,21.61,Beom_Gye
8830e03423fffff,9:00:00,8830e035ddfffff,24,75.79,31.82,Beom_Gye
8830e03423fffff,9:20:00,8830e035ddfffff,25,62.36,24.48,Beom_Gye
8830e03423fffff,9:40:00,8830e035ddfffff,18,62.11,23.57,Beom_Gye
8830e03423fffff,10:00:00,8830e035ddfffff,22,59.68,25.15,Beom_Gye
8830e03423fffff,10:20:00,8830e035ddfffff,30,67.9,24.11,Beom_Gye
8830e03423fffff,10:40:00,8830e035ddfffff,16,51.25,21.01,Beom_Gye
8830e03423fffff,11:00:00,8830e035ddfffff,31,43.03,23.45,Beom_Gye
8830e03423fffff,11:20:00,8830e035ddfffff,20,74.6,26.98,Beom_Gye
8830e03423fffff,11:40:00,8830e035ddfffff,18,67.89,26.41,Beom_Gye
8830e03423fffff,12:00:00,8830e035ddfffff,25,58.0,24.33,Beom_Gye
8830e03423fffff,12:20:00,8830e035ddfffff,16,81.5,24.61,Beom_Gye
8830e03423fffff,12:40:00,8830e035ddfffff,20,61.9,25.12,Beom_Gye
8830e03423fffff,13:00:00,8830e035ddfffff,27,76.26,29.59,Beom_Gye
8830e03423fffff,13:20:00,8830e035ddfffff,34,76.97,19.06,Beom_Gye
8830e03423fffff,13:40:00,8830e035ddfffff,18,65.33,19.8,Beom_Gye
8830e03423fffff,14:00:00,8830e035ddfffff,29,59.28,21.24,Beom_Gye
8830e03423fffff,14:20:00,8830e035ddfffff,23,49.78,16.86,Beom_Gye
8830e03423fffff,14:40:00,8830e035ddfffff,33,70.64,22.49,Beom_Gye
8830e03423fffff,15:00:00,8830e035ddfffff,32,65.91,22.85,Beom_Gye
8830e03423fffff,15:20:00,8830e035ddfffff,16,55.88,25.89,Beom_Gye
8830e03423fffff,15:40:00,8830e035ddfffff,23,54.7,26.52,Beom_Gye
8830e03423fffff,16:00:00,8830e035ddfffff,17,56.29,22.45,Beom_Gye
8830e03423fffff,16:20:00,8830e035ddfffff,27,52.22,22.52,Beom_Gye
8830e03423fffff,16:40:00,8830e035ddfffff,10,110.0,15.91,Beom_Gye
8830e03423fffff,17:00:00,8830e035ddfffff,18,49.06,23.38,Beom_Gye
8830e03423fffff,17:20:00,8830e035ddfffff,20,61.5,25.79,Beom_Gye
8830e03423fffff,17:40:00,8830e035ddfffff,29,50.28,28.82,Beom_Gye
8830e03423fffff,18:00:00,8830e035d7fffff,11,46.45,26.45,경기 안양시 동안구 평촌동
8830e03423fffff,18:00:00,8830e035ddfffff,22,54.5,20.59,Beom_Gye
8830e03423fffff,18:20:00,8830e035ddfffff,21,124.81,32.38,Beom_Gye
8830e03423fffff,18:40:00,8830e035ddfffff,16,77.13,24.76,Beom_Gye
8830e03423fffff,19:00:00,8830e035ddfffff,13,65.23,23.96,Beom_Gye
8830e03423fffff,19:40:00,8830e035ddfffff,16,78.75,23.06,Beom_Gye
8830e03423fffff,20:00:00,8830e035ddfffff,15,61.0,24.92,Beom_Gye
8830e03423fffff,20:40:00,8830e035ddfffff,10,66.2,24.76,Beom_Gye
8830e03425fffff,8:00:00,8830e035ddfffff,19,55.79,21.81,Beom_Gye
8830e03425fffff,8:20:00,8830e035ddfffff,15,76.8,27.14,Beom_Gye
8830e03425fffff,8:40:00,8830e035ddfffff,11,45.55,24.17,Beom_Gye
8830e03425fffff,12:00:00,8830e035ddfffff,11,69.91,20.37,Beom_Gye
8830e03425fffff,16:20:00,8830e035ddfffff,11,51.27,24.14,Beom_Gye
8830e03425fffff,17:00:00,8830e035ddfffff,13,54.31,25.81,Beom_Gye
8830e03425fffff,17:20:00,8830e035ddfffff,14,60.64,28.41,Beom_Gye
8830e03425fffff,17:40:00,8830e035ddfffff,15,56.0,25.5,Beom_Gye
8830e03425fffff,18:00:00,8830e035ddfffff,19,46.42,27.87,Beom_Gye
8830e03427fffff,0:00:00,8830e035ddfffff,11,84.91,33.39,Beom_Gye
8830e03427fffff,7:40:00,8830e035ddfffff,10,66.3,29.86,Beom_Gye
8830e03427fffff,8:00:00,8830e035ddfffff,21,55.57,27.52,Beom_Gye
8830e03427fffff,8:20:00,8830e035ddfffff,25,58.84,27.35,Beom_Gye
8830e03427fffff,8:40:00,8830e035ddfffff,18,60.06,26.53,Beom_Gye
8830e03427fffff,9:00:00,8830e035ddfffff,21,52.76,25.19,Beom_Gye
8830e03427fffff,9:20:00,8830e035ddfffff,22,52.77,26.79,Beom_Gye
8830e03427fffff,9:40:00,8830e035ddfffff,19,59.47,28.7,Beom_Gye
8830e03427fffff,10:00:00,8830e035ddfffff,12,50.92,26.53,Beom_Gye
8830e03427fffff,10:20:00,8830e035ddfffff,21,84.19,27.12,Beom_Gye
8830e03427fffff,10:40:00,8830e035ddfffff,15,58.2,21.78,Beom_Gye
8830e03427fffff,11:00:00,8830e035ddfffff,24,85.46,23.32,Beom_Gye
8830e03427fffff,11:20:00,8830e035ddfffff,11,108.45,29.35,Beom_Gye
8830e03427fffff,11:40:00,8830e035ddfffff,21,55.57,27.35,Beom_Gye
8830e03427fffff,12:20:00,8830e035ddfffff,13,60.23,25.72,Beom_Gye
8830e03427fffff,12:40:00,8830e035ddfffff,23,61.83,27.83,Beom_Gye
8830e03427fffff,13:00:00,8830e035ddfffff,25,61.84,26.68,Beom_Gye
8830e03427fffff,13:20:00,8830e035ddfffff,11,53.09,26.33,Beom_Gye
8830e03427fffff,13:40:00,8830e035ddfffff,16,115.0,22.65,Beom_Gye
8830e03427fffff,14:00:00,8830e035ddfffff,16,52.31,25.02,Beom_Gye
8830e03427fffff,14:20:00,8830e035ddfffff,16,54.13,23.78,Beom_Gye
8830e03427fffff,14:40:00,8830e035ddfffff,14,57.07,25.44,Beom_Gye
8830e03427fffff,15:20:00,8830e035ddfffff,12,93.58,23.04,Beom_Gye
8830e03427fffff,15:40:00,8830e035ddfffff,13,59.46,20.6,Beom_Gye
8830e03427fffff,16:00:00,8830e035ddfffff,13,57.0,29.79,Beom_Gye
8830e03427fffff,16:20:00,8830e035ddfffff,13,83.85,24.26,Beom_Gye
8830e03427fffff,16:40:00,8830e035ddfffff,17,61.29,30.41,Beom_Gye
8830e03427fffff,17:00:00,8830e035ddfffff,15,53.67,30.77,Beom_Gye
8830e03427fffff,17:20:00,8830e035ddfffff,20,70.35,25.87,Beom_Gye
8830e03427fffff,17:20:00,8830e15361fffff,14,80.14,32.32,경기 성남시 분당구 야탑동
8830e03427fffff,17:40:00,8830e035ddfffff,18,48.5,36.23,Beom_Gye
8830e03427fffff,18:00:00,8830e035ddfffff,38,81.89,27.65,Beom_Gye
8830e03427fffff,18:20:00,8830e035d7fffff,10,48.1,35.73,경기 안양시 동안구 평촌동
8830e03427fffff,18:20:00,8830e035ddfffff,22,85.27,37.63,Beom_Gye
8830e03427fffff,18:40:00,8830e035ddfffff,14,69.36,21.27,Beom_Gye
8830e03427fffff,19:00:00,8830e035ddfffff,10,84.8,33.52,Beom_Gye
8830e03427fffff,20:00:00,8830e035ddfffff,13,126.77,20.3,Beom_Gye
8830e03427fffff,22:40:00,8830e035ddfffff,13,70.0,11.81,Beom_Gye
8830e03429fffff,0:00:00,8830e035ddfffff,12,101.42,38.32,Beom_Gye
8830e03429fffff,7:00:00,8830e035ddfffff,12,60.33,19.09,Beom_Gye
8830e03429fffff,7:20:00,8830e035ddfffff,10,64.3,28.45,Beom_Gye
8830e03429fffff,7:40:00,8830e1db25fffff,10,56.8,70.64,서울 양천구 목동
8830e03429fffff,8:00:00,8830e035ddfffff,13,45.92,23.7,Beom_Gye
8830e03429fffff,8:20:00,8830e035ddfffff,12,51.42,25.32,Beom_Gye
8830e03429fffff,9:40:00,8830e035ddfffff,14,61.79,22.72,Beom_Gye
8830e03429fffff,10:00:00,8830e035ddfffff,14,72.79,25.52,Beom_Gye
8830e03429fffff,10:20:00,8830e035ddfffff,11,48.55,25.9,Beom_Gye
8830e03429fffff,11:00:00,8830e035ddfffff,16,66.5,22.01,Beom_Gye
8830e03429fffff,11:20:00,8830e035ddfffff,14,47.29,32.45,Beom_Gye
8830e03429fffff,12:00:00,8830e035ddfffff,12,55.92,25.12,Beom_Gye
8830e03429fffff,12:40:00,8830e035ddfffff,14,62.07,21.8,Beom_Gye
8830e03429fffff,13:00:00,8830e035ddfffff,13,50.15,25.7,Beom_Gye
8830e03429fffff,13:20:00,8830e035ddfffff,14,51.86,25.0,Beom_Gye
8830e03429fffff,13:40:00,8830e035ddfffff,26,62.35,26.69,Beom_Gye
8830e03429fffff,14:00:00,8830e035ddfffff,14,63.79,33.84,Beom_Gye
8830e03429fffff,14:20:00,8830e035ddfffff,14,70.71,22.04,Beom_Gye
8830e03429fffff,14:40:00,8830e035ddfffff,20,68.0,93.82,Beom_Gye
8830e03429fffff,15:00:00,8830e035ddfffff,21,63.38,24.9,Beom_Gye
8830e03429fffff,15:20:00,8830e035ddfffff,12,59.17,27.95,Beom_Gye
8830e03429fffff,15:40:00,8830e035ddfffff,14,56.5,26.97,Beom_Gye
8830e03429fffff,16:00:00,8830e035ddfffff,15,61.73,31.83,Beom_Gye
8830e03429fffff,16:20:00,8830e035ddfffff,20,55.4,23.27,Beom_Gye
8830e03429fffff,16:40:00,8830e035ddfffff,19,55.95,26.1,Beom_Gye
8830e03429fffff,17:00:00,8830e035d7fffff,10,161.2,27.37,경기 안양시 동안구 평촌동
8830e03429fffff,17:00:00,8830e035ddfffff,28,93.61,32.53,Beom_Gye
8830e03429fffff,17:20:00,8830e035ddfffff,16,51.88,26.25,Beom_Gye
8830e03429fffff,17:40:00,8830e035ddfffff,22,51.68,25.68,Beom_Gye
8830e03429fffff,18:00:00,8830e035d7fffff,14,135.64,25.93,경기 안양시 동안구 평촌동
8830e03429fffff,18:00:00,8830e035ddfffff,20,58.6,27.2,Beom_Gye
8830e03429fffff,18:20:00,8830e035ddfffff,23,56.57,24.0,Beom_Gye
8830e03429fffff,18:40:00,8830e035ddfffff,10,39.3,27.7,Beom_Gye
8830e03429fffff,19:00:00,8830e035ddfffff,13,48.85,28.01,Beom_Gye
8830e03429fffff,19:20:00,8830e035ddfffff,18,85.89,32.03,Beom_Gye
8830e03429fffff,19:40:00,8830e035ddfffff,13,90.0,28.76,Beom_Gye
8830e03429fffff,21:00:00,8830e035ddfffff,15,53.0,30.02,Beom_Gye
8830e03429fffff,21:20:00,8830e035ddfffff,11,55.91,27.12,Beom_Gye
8830e0342bfffff,8:00:00,8830e035ddfffff,14,65.57,23.19,Beom_Gye
8830e0342bfffff,8:20:00,8830e035ddfffff,18,58.5,28.01,Beom_Gye
8830e0342bfffff,8:40:00,8830e035ddfffff,18,43.33,22.85,Beom_Gye
8830e0342bfffff,9:00:00,8830e035ddfffff,15,47.27,30.1,Beom_Gye
8830e0342bfffff,9:40:00,8830e035ddfffff,16,50.94,20.44,Beom_Gye
8830e0342bfffff,10:20:00,8830e035ddfffff,14,82.0,24.46,Beom_Gye
8830e0342bfffff,10:40:00,8830e035ddfffff,16,67.88,30.59,Beom_Gye
8830e0342bfffff,11:00:00,8830e035ddfffff,15,54.4,21.36,Beom_Gye
8830e0342bfffff,11:20:00,8830e035ddfffff,13,46.92,21.1,Beom_Gye
8830e0342bfffff,12:00:00,8830e035ddfffff,11,91.73,27.58,Beom_Gye
8830e0342bfffff,12:20:00,8830e035ddfffff,11,45.36,26.64,Beom_Gye
8830e0342bfffff,12:40:00,8830e035ddfffff,12,65.58,29.65,Beom_Gye
8830e0342bfffff,13:20:00,8830e035ddfffff,13,54.38,19.24,Beom_Gye
8830e0342bfffff,13:40:00,8830e035ddfffff,11,190.45,28.55,Beom_Gye
8830e0342bfffff,14:00:00,8830e035ddfffff,14,69.29,19.91,Beom_Gye
8830e0342bfffff,14:40:00,8830e035ddfffff,10,106.2,27.48,Beom_Gye
8830e0342bfffff,16:00:00,8830e035ddfffff,15,66.33,23.58,Beom_Gye
8830e0342bfffff,16:20:00,8830e035ddfffff,10,53.9,21.92,Beom_Gye
8830e0342bfffff,16:40:00,8830e035ddfffff,13,96.85,18.82,Beom_Gye
8830e0342bfffff,17:00:00,8830e035ddfffff,12,59.33,23.76,Beom_Gye
8830e0342bfffff,17:40:00,8830e035ddfffff,11,45.73,26.81,Beom_Gye
8830e0342dfffff,7:40:00,8830e035ddfffff,13,60.77,20.12,Beom_Gye
8830e0342dfffff,8:00:00,8830e035ddfffff,17,51.71,29.29,Beom_Gye
8830e0342dfffff,8:20:00,8830e035ddfffff,12,50.75,25.22,Beom_Gye
8830e0342dfffff,9:00:00,8830e035ddfffff,18,45.22,27.14,Beom_Gye
8830e0342dfffff,11:00:00,8830e035ddfffff,11,52.55,27.24,Beom_Gye
8830e0342dfffff,11:40:00,8830e035ddfffff,10,53.1,22.27,Beom_Gye
8830e0342dfffff,12:00:00,8830e035ddfffff,11,57.55,23.06,Beom_Gye
8830e0342dfffff,12:20:00,8830e035ddfffff,14,226.29,21.15,Beom_Gye
8830e0342dfffff,12:40:00,8830e035ddfffff,17,63.12,22.32,Beom_Gye
8830e0342dfffff,13:00:00,8830e035ddfffff,17,44.88,27.65,Beom_Gye
8830e0342dfffff,13:20:00,8830e035ddfffff,14,59.57,20.66,Beom_Gye
8830e0342dfffff,13:40:00,8830e035ddfffff,16,56.5,25.32,Beom_Gye
8830e0342dfffff,14:00:00,8830e035ddfffff,10,40.9,17.58,Beom_Gye
8830e0342dfffff,14:20:00,8830e035ddfffff,11,62.45,26.49,Beom_Gye
8830e0342dfffff,14:40:00,8830e035ddfffff,17,106.59,31.48,Beom_Gye
8830e0342dfffff,15:20:00,8830e035ddfffff,12,56.08,23.24,Beom_Gye
8830e0342dfffff,16:00:00,8830e035ddfffff,12,47.08,21.2,Beom_Gye
8830e0342dfffff,16:20:00,8830e035ddfffff,18,60.33,23.94,Beom_Gye
8830e0342dfffff,16:40:00,8830e035d7fffff,11,69.18,30.59,경기 안양시 동안구 평촌동
8830e0342dfffff,16:40:00,8830e035ddfffff,13,77.46,25.69,Beom_Gye
8830e0342dfffff,17:00:00,8830e035ddfffff,11,68.36,30.22,Beom_Gye
8830e0342dfffff,17:20:00,8830e035ddfffff,12,57.33,30.85,Beom_Gye
8830e0342dfffff,17:40:00,8830e035ddfffff,13,44.46,26.18,Beom_Gye
8830e0342dfffff,18:00:00,8830e035ddfffff,15,95.33,19.74,Beom_Gye
8830e0342dfffff,18:20:00,8830e035ddfffff,11,87.36,20.82,Beom_Gye
8830e03431fffff,7:40:00,8830e035ddfffff,10,78.9,21.27,Beom_Gye
8830e03431fffff,8:00:00,8830e035ddfffff,12,56.67,29.84,Beom_Gye
8830e03431fffff,8:20:00,8830e035ddfffff,12,78.67,21.62,Beom_Gye
8830e03431fffff,9:00:00,8830e035ddfffff,11,63.0,25.96,Beom_Gye
8830e03431fffff,9:40:00,8830e035ddfffff,13,57.54,18.16,Beom_Gye
8830e03431fffff,10:00:00,8830e035ddfffff,11,49.64,20.23,Beom_Gye
8830e03431fffff,10:20:00,8830e035ddfffff,11,75.36,25.85,Beom_Gye
8830e03431fffff,11:00:00,8830e035ddfffff,19,60.58,21.02,Beom_Gye
8830e03431fffff,12:00:00,8830e035ddfffff,13,141.15,25.44,Beom_Gye
8830e03431fffff,12:20:00,8830e035ddfffff,16,47.75,18.79,Beom_Gye
8830e03431fffff,12:40:00,8830e035ddfffff,17,72.59,21.44,Beom_Gye
8830e03431fffff,13:00:00,8830e035ddfffff,16,51.75,18.59,Beom_Gye
8830e03431fffff,13:20:00,8830e035ddfffff,25,67.12,21.0,Beom_Gye
8830e03431fffff,14:00:00,8830e035ddfffff,20,58.75,22.76,Beom_Gye
8830e03431fffff,14:20:00,8830e035ddfffff,15,63.67,22.04,Beom_Gye
8830e03431fffff,14:40:00,8830e035ddfffff,11,73.91,26.91,Beom_Gye
8830e03431fffff,15:00:00,8830e035ddfffff,17,67.76,21.25,Beom_Gye
8830e03431fffff,15:20:00,8830e035ddfffff,14,50.07,23.32,Beom_Gye
8830e03431fffff,15:40:00,8830e035ddfffff,13,41.23,18.77,Beom_Gye
8830e03431fffff,16:00:00,8830e035ddfffff,10,48.3,30.04,Beom_Gye
8830e03431fffff,16:20:00,8830e035ddfffff,14,85.64,23.75,Beom_Gye
8830e03431fffff,16:40:00,8830e035ddfffff,17,55.94,24.8,Beom_Gye
8830e03431fffff,17:00:00,8830e035ddfffff,21,78.57,20.73,Beom_Gye
8830e03431fffff,17:40:00,8830e035ddfffff,14,42.43,19.67,Beom_Gye
8830e03433fffff,0:00:00,8830e035ddfffff,23,63.61,16.44,Beom_Gye
8830e03433fffff,7:40:00,8830e035ddfffff,12,48.83,26.05,Beom_Gye
8830e03433fffff,8:00:00,8830e035ddfffff,17,45.65,20.62,Beom_Gye
8830e03433fffff,8:20:00,8830e035ddfffff,26,48.0,19.24,Beom_Gye
8830e03433fffff,8:40:00,8830e035ddfffff,20,57.55,24.65,Beom_Gye
8830e03433fffff,9:00:00,8830e035ddfffff,13,63.08,23.97,Beom_Gye
8830e03433fffff,9:20:00,8830e035ddfffff,15,52.87,16.93,Beom_Gye
8830e03433fffff,9:40:00,8830e035ddfffff,21,48.24,21.1,Beom_Gye
8830e03433fffff,10:00:00,8830e035ddfffff,13,76.92,24.42,Beom_Gye
8830e03433fffff,10:20:00,8830e035ddfffff,21,66.57,19.77,Beom_Gye
8830e03433fffff,10:40:00,8830e035ddfffff,13,50.92,22.6,Beom_Gye
8830e03433fffff,11:00:00,8830e035ddfffff,17,59.59,21.76,Beom_Gye
8830e03433fffff,11:20:00,8830e035ddfffff,19,49.47,20.28,Beom_Gye
8830e03433fffff,11:40:00,8830e035ddfffff,23,68.78,22.61,Beom_Gye
8830e03433fffff,12:00:00,8830e035ddfffff,19,75.32,16.46,Beom_Gye
8830e03433fffff,12:20:00,8830e035ddfffff,15,57.87,31.13,Beom_Gye
8830e03433fffff,12:40:00,8830e035ddfffff,24,70.42,24.75,Beom_Gye
8830e03433fffff,13:00:00,8830e035d7fffff,10,108.0,32.97,경기 안양시 동안구 평촌동
8830e03433fffff,13:00:00,8830e035ddfffff,22,62.09,24.81,Beom_Gye
8830e03433fffff,13:20:00,8830e035ddfffff,18,108.39,25.96,Beom_Gye
8830e03433fffff,13:40:00,8830e035ddfffff,26,52.46,23.6,Beom_Gye
8830e03433fffff,14:00:00,8830e035ddfffff,28,56.11,19.47,Beom_Gye
8830e03433fffff,14:20:00,8830e035ddfffff,13,45.0,20.57,Beom_Gye
8830e03433fffff,14:40:00,8830e035ddfffff,22,68.95,19.71,Beom_Gye
8830e03433fffff,15:00:00,8830e035ddfffff,20,61.55,22.4,Beom_Gye
8830e03433fffff,15:20:00,8830e035ddfffff,23,58.61,20.88,Beom_Gye
8830e03433fffff,15:40:00,8830e035ddfffff,25,86.08,25.36,Beom_Gye
8830e03433fffff,16:00:00,8830e035ddfffff,12,51.25,26.29,Beom_Gye
8830e03433fffff,16:20:00,8830e035ddfffff,19,57.89,17.35,Beom_Gye
8830e03433fffff,16:40:00,8830e035ddfffff,12,49.67,16.29,Beom_Gye
8830e03433fffff,17:00:00,8830e035ddfffff,25,64.04,27.2,Beom_Gye
8830e03433fffff,17:20:00,8830e035ddfffff,20,55.5,25.79,Beom_Gye
8830e03433fffff,17:40:00,8830e035ddfffff,28,58.61,21.86,Beom_Gye
8830e03433fffff,18:00:00,8830e035ddfffff,30,43.3,18.54,Beom_Gye
8830e03433fffff,18:20:00,8830e035ddfffff,21,49.95,24.75,Beom_Gye
8830e03433fffff,18:40:00,8830e035ddfffff,19,73.11,22.6,Beom_Gye
8830e03433fffff,19:00:00,8830e035ddfffff,19,92.79,28.86,Beom_Gye
8830e03433fffff,20:00:00,8830e035ddfffff,12,49.83,23.75,Beom_Gye
8830e03433fffff,20:20:00,8830e035ddfffff,15,74.33,26.73,Beom_Gye
8830e03433fffff,21:00:00,8830e035ddfffff,14,51.57,21.3,Beom_Gye
8830e03435fffff,7:20:00,8830e035ddfffff,13,80.0,21.0,Beom_Gye
8830e03435fffff,7:40:00,8830e035ddfffff,12,99.25,26.23,Beom_Gye
8830e03435fffff,7:40:00,8830e1530dfffff,13,53.85,38.5,Bundang_Townhall
8830e03435fffff,8:00:00,8830e035ddfffff,25,72.4,23.41,Beom_Gye
8830e03435fffff,8:20:00,8830e035ddfffff,29,62.17,24.36,Beom_Gye
8830e03435fffff,8:40:00,8830e035ddfffff,22,66.23,26.0,Beom_Gye
8830e03435fffff,9:00:00,8830e035ddfffff,21,62.95,25.43,Beom_Gye
8830e03435fffff,9:20:00,8830e035ddfffff,17,42.24,26.41,Beom_Gye
8830e03435fffff,9:40:00,8830e035ddfffff,17,63.06,26.24,Beom_Gye
8830e03435fffff,10:00:00,8830e035ddfffff,18,57.17,24.02,Beom_Gye
8830e03435fffff,10:20:00,8830e035ddfffff,19,50.58,21.06,Beom_Gye
8830e03435fffff,10:40:00,8830e035ddfffff,23,58.96,22.72,Beom_Gye
8830e03435fffff,11:00:00,8830e035ddfffff,29,57.9,22.1,Beom_Gye
8830e03435fffff,11:20:00,8830e035ddfffff,26,84.81,22.22,Beom_Gye
8830e03435fffff,11:40:00,8830e035ddfffff,19,53.47,23.83,Beom_Gye
8830e03435fffff,12:00:00,8830e035ddfffff,20,64.65,21.88,Beom_Gye
8830e03435fffff,12:20:00,8830e035ddfffff,23,59.91,19.87,Beom_Gye
8830e03435fffff,12:40:00,8830e035ddfffff,21,71.62,21.34,Beom_Gye
8830e03435fffff,13:00:00,8830e035ddfffff,28,59.54,24.74,Beom_Gye
8830e03435fffff,13:20:00,8830e035ddfffff,24,49.17,19.74,Beom_Gye
8830e03435fffff,13:40:00,8830e035ddfffff,18,70.67,26.23,Beom_Gye
8830e03435fffff,14:00:00,8830e035ddfffff,28,56.64,19.38,Beom_Gye
8830e03435fffff,14:20:00,8830e035ddfffff,25,73.96,23.52,Beom_Gye
8830e03435fffff,14:40:00,8830e035ddfffff,18,58.89,21.66,Beom_Gye
8830e03435fffff,15:00:00,8830e035ddfffff,26,56.35,22.89,Beom_Gye
8830e03435fffff,15:20:00,8830e035ddfffff,14,56.57,18.77,Beom_Gye
8830e03435fffff,15:40:00,8830e035ddfffff,15,69.13,21.22,Beom_Gye
8830e03435fffff,16:00:00,8830e035ddfffff,18,43.17,21.74,Beom_Gye
8830e03435fffff,16:20:00,8830e035ddfffff,27,65.11,22.92,Beom_Gye
8830e03435fffff,16:40:00,8830e035ddfffff,19,50.37,21.13,Beom_Gye
8830e03435fffff,17:00:00,8830e035ddfffff,32,61.91,24.18,Beom_Gye
8830e03435fffff,17:20:00,8830e035ddfffff,26,51.77,19.41,Beom_Gye
8830e03435fffff,17:40:00,8830e035ddfffff,17,65.47,25.11,Beom_Gye
8830e03435fffff,18:00:00,8830e035ddfffff,16,171.25,22.19,Beom_Gye
8830e03435fffff,18:20:00,8830e035ddfffff,10,47.3,18.37,Beom_Gye
8830e03435fffff,18:40:00,8830e035ddfffff,12,75.67,19.36,Beom_Gye
8830e03435fffff,19:00:00,8830e035ddfffff,10,42.4,15.89,Beom_Gye
8830e03435fffff,19:40:00,8830e035ddfffff,15,67.73,24.98,Beom_Gye
8830e03437fffff,0:00:00,8830e035ddfffff,88,50.86,13.18,Beom_Gye
8830e03437fffff,0:40:00,8830e035ddfffff,12,57.58,12.18,Beom_Gye
8830e03437fffff,1:00:00,8830e035ddfffff,17,60.53,14.69,Beom_Gye
8830e03437fffff,1:20:00,8830e035ddfffff,13,40.92,15.63,Beom_Gye
8830e03437fffff,1:40:00,8830e035ddfffff,14,62.0,16.33,Beom_Gye
8830e03437fffff,5:20:00,8830e035ddfffff,12,77.33,10.99,Beom_Gye
8830e03437fffff,5:40:00,8830e035ddfffff,11,77.91,17.93,Beom_Gye
8830e03437fffff,6:00:00,8830e035ddfffff,19,53.84,17.36,Beom_Gye
8830e03437fffff,6:20:00,8830e035ddfffff,17,86.53,20.18,Beom_Gye
8830e03437fffff,6:40:00,8830e035ddfffff,22,78.27,17.52,Beom_Gye
8830e03437fffff,7:00:00,8830e035ddfffff,34,65.38,15.88,Beom_Gye
8830e03437fffff,7:20:00,8830e035ddfffff,33,55.82,27.47,Beom_Gye
8830e03437fffff,7:40:00,8830e035ddfffff,39,83.15,17.51,Beom_Gye
8830e03437fffff,8:00:00,8830e035ddfffff,64,73.7,20.76,Beom_Gye
8830e03437fffff,8:20:00,8830e035ddfffff,58,80.21,21.54,Beom_Gye
8830e03437fffff,8:40:00,8830e035ddfffff,69,73.29,27.04,Beom_Gye
8830e03437fffff,9:00:00,8830e035ddfffff,68,91.13,21.25,Beom_Gye
8830e03437fffff,9:20:00,8830e035ddfffff,64,57.69,23.15,Beom_Gye
8830e03437fffff,9:40:00,8830e035ddfffff,68,59.29,21.35,Beom_Gye
8830e03437fffff,10:00:00,8830e035ddfffff,72,66.53,21.13,Beom_Gye
8830e03437fffff,10:20:00,8830e035ddfffff,68,73.88,24.32,Beom_Gye
8830e03437fffff,10:40:00,8830e035ddfffff,74,65.69,21.23,Beom_Gye
8830e03437fffff,11:00:00,8830e035ddfffff,94,58.78,21.7,Beom_Gye
8830e03437fffff,11:20:00,8830e035ddfffff,106,61.32,23.38,Beom_Gye
8830e03437fffff,11:40:00,8830e035ddfffff,65,62.15,24.79,Beom_Gye
8830e03437fffff,12:00:00,8830e035ddfffff,67,61.09,24.25,Beom_Gye
8830e03437fffff,12:20:00,8830e035ddfffff,85,58.41,20.62,Beom_Gye
8830e03437fffff,12:40:00,8830e035ddfffff,71,65.56,23.39,Beom_Gye
8830e03437fffff,13:00:00,8830e035ddfffff,80,60.58,20.31,Beom_Gye
8830e03437fffff,13:20:00,8830e035d7fffff,10,190.4,32.18,경기 안양시 동안구 평촌동
8830e03437fffff,13:20:00,8830e035ddfffff,78,71.31,25.21,Beom_Gye
8830e03437fffff,13:40:00,8830e035ddfffff,64,89.41,24.78,Beom_Gye
8830e03437fffff,14:00:00,8830e035ddfffff,68,65.49,24.79,Beom_Gye
8830e03437fffff,14:20:00,8830e035ddfffff,65,62.46,21.93,Beom_Gye
8830e03437fffff,14:40:00,8830e035ddfffff,72,65.9,24.44,Beom_Gye
8830e03437fffff,15:00:00,8830e035ddfffff,75,59.68,25.15,Beom_Gye
8830e03437fffff,15:20:00,8830e035ddfffff,63,63.33,22.25,Beom_Gye
8830e03437fffff,15:40:00,8830e035ddfffff,63,60.87,22.05,Beom_Gye
8830e03437fffff,16:00:00,8830e035ddfffff,63,53.35,19.93,Beom_Gye
8830e03437fffff,16:20:00,8830e035ddfffff,64,67.23,25.33,Beom_Gye
8830e03437fffff,16:40:00,8830e035ddfffff,56,54.86,21.69,Beom_Gye
8830e03437fffff,17:00:00,8830e035ddfffff,70,62.21,21.18,Beom_Gye
8830e03437fffff,17:20:00,8830e035ddfffff,69,58.59,22.54,Beom_Gye
8830e03437fffff,17:40:00,8830e035ddfffff,59,67.71,22.28,Beom_Gye
8830e03437fffff,18:00:00,8830e035ddfffff,53,57.87,23.88,Beom_Gye
8830e03437fffff,18:20:00,8830e035ddfffff,56,66.75,26.13,Beom_Gye
8830e03437fffff,18:40:00,8830e035ddfffff,49,58.69,22.61,Beom_Gye
8830e03437fffff,19:00:00,8830e035ddfffff,43,66.09,24.04,Beom_Gye
8830e03437fffff,19:20:00,8830e035ddfffff,35,64.37,24.09,Beom_Gye
8830e03437fffff,19:40:00,8830e035ddfffff,28,67.89,25.45,Beom_Gye
8830e03437fffff,20:00:00,8830e035ddfffff,37,56.46,21.08,Beom_Gye
8830e03437fffff,20:20:00,8830e035ddfffff,41,57.78,16.53,Beom_Gye
8830e03437fffff,20:40:00,8830e035ddfffff,27,65.81,23.7,Beom_Gye
8830e03437fffff,21:00:00,8830e035ddfffff,34,54.91,21.74,Beom_Gye
8830e03437fffff,21:20:00,8830e035ddfffff,45,57.18,19.81,Beom_Gye
8830e03437fffff,21:40:00,8830e035ddfffff,33,49.06,15.32,Beom_Gye
8830e03437fffff,22:00:00,8830e035ddfffff,29,54.17,24.44,Beom_Gye
8830e03437fffff,22:20:00,8830e035ddfffff,31,95.81,15.07,Beom_Gye
8830e03437fffff,22:40:00,8830e035ddfffff,21,54.76,18.46,Beom_Gye
8830e03437fffff,23:00:00,8830e035ddfffff,33,47.48,17.62,Beom_Gye
8830e03437fffff,23:20:00,8830e035ddfffff,21,36.9,12.72,Beom_Gye
8830e0343dfffff,8:20:00,8830e035ddfffff,14,52.14,22.3,Beom_Gye
8830e0343dfffff,8:40:00,8830e035ddfffff,10,60.4,33.64,Beom_Gye
8830e0343dfffff,9:00:00,8830e035ddfffff,13,83.15,43.79,Beom_Gye
8830e0343dfffff,12:40:00,8830e035ddfffff,11,69.27,26.57,Beom_Gye
8830e0343dfffff,13:40:00,8830e035ddfffff,10,50.3,18.33,Beom_Gye
8830e0343dfffff,14:40:00,8830e035ddfffff,10,77.3,20.79,Beom_Gye
8830e0343dfffff,17:20:00,8830e035ddfffff,11,49.36,18.97,Beom_Gye
8830e03445fffff,8:20:00,8830e035ddfffff,10,80.6,26.22,Beom_Gye
8830e0344dfffff,7:40:00,8830e035ddfffff,10,55.1,38.72,Beom_Gye
8830e0344dfffff,9:00:00,8830e035ddfffff,11,54.82,32.43,Beom_Gye
8830e0344dfffff,9:20:00,8830e035ddfffff,10,56.3,29.68,Beom_Gye
8830e0344dfffff,16:40:00,8830e035ddfffff,10,46.0,37.84,Beom_Gye
8830e03461fffff,7:20:00,8830e035d7fffff,12,68.0,34.1,경기 안양시 동안구 평촌동
8830e03461fffff,7:40:00,8830e035ddfffff,11,53.64,27.83,Beom_Gye
8830e03461fffff,8:00:00,8830e035ddfffff,34,46.62,33.38,Beom_Gye
8830e03461fffff,8:20:00,8830e035ddfffff,18,67.72,22.79,Beom_Gye
8830e03461fffff,8:40:00,8830e035ddfffff,12,60.58,31.58,Beom_Gye
8830e03461fffff,9:00:00,8830e035ddfffff,13,55.46,26.85,Beom_Gye
8830e03461fffff,9:20:00,8830e035ddfffff,12,48.75,29.31,Beom_Gye
8830e03461fffff,10:00:00,8830e035ddfffff,11,87.0,33.22,Beom_Gye
8830e03461fffff,11:20:00,8830e035ddfffff,12,61.42,26.39,Beom_Gye
8830e03461fffff,15:40:00,8830e035ddfffff,12,66.33,24.12,Beom_Gye
8830e03461fffff,16:40:00,8830e035ddfffff,10,61.5,25.94,Beom_Gye
8830e03461fffff,17:20:00,8830e035ddfffff,11,71.18,28.2,Beom_Gye
8830e03463fffff,10:40:00,8830e035ddfffff,10,59.0,27.25,Beom_Gye
8830e03463fffff,11:00:00,8830e035ddfffff,14,67.86,27.11,Beom_Gye
8830e03465fffff,7:40:00,8830e035ddfffff,15,64.73,31.34,Beom_Gye
8830e03465fffff,8:00:00,8830e035d7fffff,10,94.6,37.02,경기 안양시 동안구 평촌동
8830e03465fffff,8:00:00,8830e035ddfffff,22,44.95,29.18,Beom_Gye
8830e03465fffff,8:20:00,8830e035ddfffff,19,42.53,24.95,Beom_Gye
8830e03465fffff,9:00:00,8830e035ddfffff,10,62.0,31.0,Beom_Gye
8830e03465fffff,11:00:00,8830e035ddfffff,10,54.6,31.94,Beom_Gye
8830e03465fffff,13:40:00,8830e035ddfffff,11,52.91,29.0,Beom_Gye
8830e03465fffff,15:00:00,8830e035ddfffff,12,54.17,28.57,Beom_Gye
8830e03467fffff,6:00:00,8830e035ddfffff,15,91.07,22.18,Beom_Gye
8830e03467fffff,7:00:00,8830e035ddfffff,10,58.0,24.22,Beom_Gye
8830e03467fffff,7:00:00,8830e1530dfffff,10,90.3,57.4,Bundang_Townhall
8830e03467fffff,7:20:00,8830e035ddfffff,11,59.73,24.79,Beom_Gye
8830e03467fffff,7:40:00,8830e035ddfffff,13,93.15,21.69,Beom_Gye
8830e03467fffff,8:00:00,8830e035ddfffff,13,75.85,34.35,Beom_Gye
8830e03467fffff,8:20:00,8830e035ddfffff,17,63.0,25.32,Beom_Gye
8830e03467fffff,9:20:00,8830e035ddfffff,11,69.91,35.17,Beom_Gye
8830e03467fffff,9:40:00,8830e035ddfffff,11,62.64,32.5,Beom_Gye
8830e03467fffff,10:00:00,8830e035ddfffff,13,63.54,30.42,Beom_Gye
8830e03467fffff,11:00:00,8830e035ddfffff,12,64.92,25.93,Beom_Gye
8830e03467fffff,12:00:00,8830e035ddfffff,13,53.31,24.35,Beom_Gye
8830e03467fffff,13:40:00,8830e035ddfffff,11,55.55,28.15,Beom_Gye
8830e03467fffff,14:20:00,8830e035ddfffff,11,57.36,29.74,Beom_Gye
8830e03467fffff,16:20:00,8830e035ddfffff,10,63.6,37.97,Beom_Gye
8830e03467fffff,18:00:00,8830e035ddfffff,10,46.2,20.61,Beom_Gye
8830e03469fffff,6:40:00,8830e0ac83fffff,12,59.08,57.85,서울 구로구 구로동
8830e03469fffff,7:20:00,8830e035ddfffff,13,78.0,30.06,Beom_Gye
8830e03469fffff,7:40:00,8830e035ddfffff,12,44.58,37.96,Beom_Gye
8830e03469fffff,8:00:00,8830e035ddfffff,28,51.86,32.71,Beom_Gye
8830e03469fffff,9:40:00,8830e035ddfffff,12,50.33,29.67,Beom_Gye
8830e0346bfffff,7:20:00,8830e035ddfffff,11,75.36,28.92,Beom_Gye
8830e0346bfffff,7:40:00,8830e035ddfffff,14,60.0,28.04,Beom_Gye
8830e0346bfffff,8:00:00,8830e035ddfffff,23,60.57,30.28,Beom_Gye
8830e0346bfffff,8:20:00,8830e035ddfffff,20,59.9,32.45,Beom_Gye
8830e0346bfffff,9:00:00,8830e035ddfffff,13,52.38,30.47,Beom_Gye
8830e0346bfffff,9:20:00,8830e035ddfffff,12,61.33,38.74,Beom_Gye
8830e0346bfffff,9:40:00,8830e035ddfffff,13,77.62,30.6,Beom_Gye
8830e0346bfffff,10:40:00,8830e035ddfffff,11,67.27,24.52,Beom_Gye
8830e0346bfffff,11:00:00,8830e035ddfffff,10,42.6,29.44,Beom_Gye
8830e0346bfffff,11:20:00,8830e035ddfffff,10,96.5,30.16,Beom_Gye
8830e0346bfffff,11:40:00,8830e035ddfffff,10,44.5,30.26,Beom_Gye
8830e0346bfffff,12:00:00,8830e035ddfffff,10,52.7,33.79,Beom_Gye
8830e0346bfffff,12:20:00,8830e035ddfffff,20,66.2,31.35,Beom_Gye
8830e0346bfffff,13:20:00,8830e035ddfffff,13,72.85,24.97,Beom_Gye
8830e0346dfffff,7:40:00,8830e035ddfffff,24,41.42,32.05,Beom_Gye
8830e0346dfffff,8:00:00,8830e035ddfffff,23,48.57,28.99,Beom_Gye
8830e0346dfffff,8:20:00,8830e035ddfffff,11,54.36,28.75,Beom_Gye
8830e0346dfffff,9:20:00,8830e035ddfffff,10,53.2,27.08,Beom_Gye
8830e0346dfffff,9:40:00,8830e035ddfffff,15,55.13,27.71,Beom_Gye
8830e0346dfffff,15:40:00,8830e035ddfffff,10,53.3,33.85,Beom_Gye
8830e0346dfffff,16:00:00,8830e035ddfffff,10,83.7,31.22,Beom_Gye
8830e0346dfffff,17:00:00,8830e035ddfffff,10,67.5,40.83,Beom_Gye
8830e03483fffff,7:40:00,8830e035ddfffff,11,48.36,22.91,Beom_Gye
8830e03483fffff,9:00:00,8830e035ddfffff,10,45.1,38.39,Beom_Gye
8830e03483fffff,18:00:00,8830e035d7fffff,10,55.1,24.01,경기 안양시 동안구 평촌동
8830e03483fffff,18:00:00,8830e035ddfffff,12,52.58,29.51,Beom_Gye
8830e03485fffff,19:20:00,8830e035ddfffff,10,40.6,23.86,Beom_Gye
8830e03489fffff,18:00:00,8830e035d7fffff,11,78.36,37.1,경기 안양시 동안구 평촌동
8830e03489fffff,18:00:00,8830e035ddfffff,16,48.38,33.24,Beom_Gye
8830e0348bfffff,11:20:00,8830e035ddfffff,10,54.6,26.75,Beom_Gye
8830e0348bfffff,16:00:00,8830e035ddfffff,13,86.23,26.41,Beom_Gye
8830e0348bfffff,17:00:00,8830e035ddfffff,13,68.15,29.76,Beom_Gye
8830e0348bfffff,17:40:00,8830e035ddfffff,12,47.75,25.17,Beom_Gye
8830e0348bfffff,18:00:00,8830e035d7fffff,16,49.75,22.93,경기 안양시 동안구 평촌동
8830e0348bfffff,18:00:00,8830e035ddfffff,25,99.8,27.77,Beom_Gye
8830e0348bfffff,18:20:00,8830e035ddfffff,13,43.62,25.78,Beom_Gye
8830e03499fffff,8:20:00,8830e035ddfffff,16,59.31,28.95,Beom_Gye
8830e03499fffff,9:40:00,8830e035ddfffff,11,99.64,31.42,Beom_Gye
8830e03499fffff,16:20:00,8830e035ddfffff,13,49.08,29.35,Beom_Gye
8830e03499fffff,17:40:00,8830e035ddfffff,10,97.6,37.8,Beom_Gye
8830e0349dfffff,9:00:00,8830e035ddfffff,14,48.5,37.18,Beom_Gye
8830e0349dfffff,9:20:00,8830e035ddfffff,10,59.0,34.63,Beom_Gye
8830e0349dfffff,10:00:00,8830e035ddfffff,13,59.46,34.97,Beom_Gye
8830e0349dfffff,11:00:00,8830e035ddfffff,10,52.2,30.17,Beom_Gye
8830e0349dfffff,17:40:00,8830e035ddfffff,13,53.62,33.46,Beom_Gye
8830e0349dfffff,18:00:00,8830e035ddfffff,11,46.64,32.03,Beom_Gye
8830e034a1fffff,8:40:00,8830e035ddfffff,12,61.67,27.67,Beom_Gye
8830e034a1fffff,11:00:00,8830e035ddfffff,13,62.0,27.89,Beom_Gye
8830e034a1fffff,14:00:00,8830e035ddfffff,15,64.07,25.04,Beom_Gye
8830e034a1fffff,14:20:00,8830e035ddfffff,11,61.0,27.84,Beom_Gye
8830e034a1fffff,16:00:00,8830e035ddfffff,10,60.2,25.55,Beom_Gye
8830e034a1fffff,16:40:00,8830e035ddfffff,10,53.5,30.87,Beom_Gye
8830e034a1fffff,17:40:00,8830e035ddfffff,17,54.88,30.81,Beom_Gye
8830e034a1fffff,18:00:00,8830e03531fffff,15,137.27,23.68,경기 안양시 만안구 안양동
8830e034a1fffff,18:00:00,8830e035d7fffff,11,48.45,31.87,경기 안양시 동안구 평촌동
8830e034a1fffff,18:00:00,8830e035ddfffff,24,50.38,26.82,Beom_Gye
8830e034a1fffff,18:20:00,8830e035ddfffff,16,71.13,28.24,Beom_Gye
8830e034a3fffff,17:00:00,8830e035ddfffff,15,89.33,30.88,Beom_Gye
8830e034a3fffff,17:40:00,8830e035ddfffff,21,58.52,29.52,Beom_Gye
8830e034a3fffff,18:00:00,8830e035d7fffff,15,58.27,29.39,경기 안양시 동안구 평촌동
8830e034a3fffff,18:00:00,8830e035ddfffff,46,49.65,30.08,Beom_Gye
8830e034a3fffff,18:20:00,8830e035ddfffff,13,49.92,24.73,Beom_Gye
8830e034a3fffff,18:40:00,8830e035ddfffff,13,240.77,20.09,Beom_Gye
8830e034a5fffff,0:00:00,8830e035d7fffff,143,50.68,12.81,경기 안양시 동안구 평촌동
8830e034a5fffff,0:00:00,8830e035ddfffff,30,57.3,11.4,Beom_Gye
8830e034a5fffff,2:00:00,8830e035d7fffff,10,48.4,7.67,경기 안양시 동안구 평촌동
8830e034a5fffff,6:20:00,8830e035d7fffff,14,59.29,16.09,경기 안양시 동안구 평촌동
8830e034a5fffff,6:40:00,8830e035d7fffff,13,89.85,26.24,경기 안양시 동안구 평촌동
8830e034a5fffff,7:00:00,8830e035d7fffff,16,67.69,20.4,경기 안양시 동안구 평촌동
8830e034a5fffff,7:00:00,8830e035ddfffff,15,47.67,30.4,Beom_Gye
8830e034a5fffff,7:20:00,8830e035d7fffff,15,66.4,11.65,경기 안양시 동안구 평촌동
8830e034a5fffff,7:20:00,8830e035ddfffff,13,58.08,21.36,Beom_Gye
8830e034a5fffff,7:20:00,8830e1530dfffff,21,44.1,67.08,Bundang_Townhall
8830e034a5fffff,7:40:00,8830e035d7fffff,17,49.65,18.89,경기 안양시 동안구 평촌동
8830e034a5fffff,7:40:00,8830e035ddfffff,29,51.48,21.21,Beom_Gye
8830e034a5fffff,8:00:00,8830e035d7fffff,20,57.75,15.37,경기 안양시 동안구 평촌동
8830e034a5fffff,8:00:00,8830e035ddfffff,32,50.31,25.34,Beom_Gye
8830e034a5fffff,8:20:00,8830e035d7fffff,14,66.29,20.63,경기 안양시 동안구 평촌동
8830e034a5fffff,8:20:00,8830e035ddfffff,36,50.22,24.52,Beom_Gye
8830e034a5fffff,8:40:00,8830e035d7fffff,21,64.38,19.32,경기 안양시 동안구 평촌동
8830e034a5fffff,8:40:00,8830e035ddfffff,16,44.5,20.43,Beom_Gye
8830e034a5fffff,9:00:00,8830e035d7fffff,33,48.64,15.8,경기 안양시 동안구 평촌동
8830e034a5fffff,9:00:00,8830e035ddfffff,31,61.55,22.37,Beom_Gye
8830e034a5fffff,9:20:00,8830e035d7fffff,41,60.95,19.04,경기 안양시 동안구 평촌동
8830e034a5fffff,9:20:00,8830e035ddfffff,32,52.19,21.49,Beom_Gye
8830e034a5fffff,9:40:00,8830e035d7fffff,29,60.72,23.19,경기 안양시 동안구 평촌동
8830e034a5fffff,9:40:00,8830e035ddfffff,25,60.48,24.46,Beom_Gye
8830e034a5fffff,10:00:00,8830e035d7fffff,40,65.73,15.89,경기 안양시 동안구 평촌동
8830e034a5fffff,10:00:00,8830e035ddfffff,26,77.88,23.26,Beom_Gye
8830e034a5fffff,10:20:00,8830e035d7fffff,35,82.31,19.82,경기 안양시 동안구 평촌동
8830e034a5fffff,10:20:00,8830e035ddfffff,25,61.12,31.45,Beom_Gye
8830e034a5fffff,10:40:00,8830e035d7fffff,23,86.91,23.59,경기 안양시 동안구 평촌동
8830e034a5fffff,10:40:00,8830e035ddfffff,19,44.26,21.61,Beom_Gye
8830e034a5fffff,11:00:00,8830e035d7fffff,28,62.07,25.46,경기 안양시 동안구 평촌동
8830e034a5fffff,11:00:00,8830e035ddfffff,20,58.4,20.98,Beom_Gye
8830e034a5fffff,11:20:00,8830e035d7fffff,21,67.57,17.39,경기 안양시 동안구 평촌동
8830e034a5fffff,11:20:00,8830e035ddfffff,20,52.9,22.13,Beom_Gye
8830e034a5fffff,11:40:00,8830e035d7fffff,23,74.0,20.58,경기 안양시 동안구 평촌동
8830e034a5fffff,11:40:00,8830e035ddfffff,28,66.14,27.18,Beom_Gye
8830e034a5fffff,12:00:00,8830e035d7fffff,23,65.74,17.31,경기 안양시 동안구 평촌동
8830e034a5fffff,12:00:00,8830e035ddfffff,14,53.86,23.63,Beom_Gye
8830e034a5fffff,12:20:00,8830e035d7fffff,26,70.38,16.7,경기 안양시 동안구 평촌동
8830e034a5fffff,12:20:00,8830e035ddfffff,25,45.76,29.01,Beom_Gye
8830e034a5fffff,12:40:00,8830e035d7fffff,22,61.82,23.68,경기 안양시 동안구 평촌동
8830e034a5fffff,12:40:00,8830e035ddfffff,19,57.42,18.09,Beom_Gye
8830e034a5fffff,13:00:00,8830e035d7fffff,26,72.92,20.11,경기 안양시 동안구 평촌동
8830e034a5fffff,13:00:00,8830e035ddfffff,21,51.38,26.15,Beom_Gye
8830e034a5fffff,13:20:00,8830e035d7fffff,25,119.36,15.58,경기 안양시 동안구 평촌동
8830e034a5fffff,13:20:00,8830e035ddfffff,28,58.07,27.27,Beom_Gye
8830e034a5fffff,13:40:00,8830e035d7fffff,20,58.05,20.83,경기 안양시 동안구 평촌동
8830e034a5fffff,13:40:00,8830e035ddfffff,28,55.11,25.45,Beom_Gye
8830e034a5fffff,14:00:00,8830e035d7fffff,24,63.75,15.84,경기 안양시 동안구 평촌동
8830e034a5fffff,14:00:00,8830e035ddfffff,25,52.08,23.25,Beom_Gye
8830e034a5fffff,14:20:00,8830e035d7fffff,20,62.45,27.05,경기 안양시 동안구 평촌동
8830e034a5fffff,14:20:00,8830e035ddfffff,25,50.32,33.57,Beom_Gye
8830e034a5fffff,14:40:00,8830e035d7fffff,18,80.06,20.48,경기 안양시 동안구 평촌동
8830e034a5fffff,14:40:00,8830e035ddfffff,17,52.88,25.88,Beom_Gye
8830e034a5fffff,15:00:00,8830e035d7fffff,26,61.88,15.26,경기 안양시 동안구 평촌동
8830e034a5fffff,15:00:00,8830e035ddfffff,26,58.58,22.94,Beom_Gye
8830e034a5fffff,15:20:00,8830e035d7fffff,34,66.68,20.75,경기 안양시 동안구 평촌동
8830e034a5fffff,15:20:00,8830e035ddfffff,16,58.5,29.59,Beom_Gye
8830e034a5fffff,15:40:00,8830e035d7fffff,23,64.35,17.95,경기 안양시 동안구 평촌동
8830e034a5fffff,15:40:00,8830e035ddfffff,17,46.41,23.7,Beom_Gye
8830e034a5fffff,16:00:00,8830e035d7fffff,27,65.93,18.66,경기 안양시 동안구 평촌동
8830e034a5fffff,16:00:00,8830e035ddfffff,21,54.05,25.62,Beom_Gye
8830e034a5fffff,16:20:00,8830e035d7fffff,21,54.86,22.02,경기 안양시 동안구 평촌동
8830e034a5fffff,16:20:00,8830e035ddfffff,17,50.29,27.6,Beom_Gye
8830e034a5fffff,16:40:00,8830e035d7fffff,19,57.26,25.66,경기 안양시 동안구 평촌동
8830e034a5fffff,16:40:00,8830e035ddfffff,21,45.9,28.42,Beom_Gye
8830e034a5fffff,17:00:00,8830e035d7fffff,23,107.78,16.49,경기 안양시 동안구 평촌동
8830e034a5fffff,17:00:00,8830e035ddfffff,34,107.68,24.09,Beom_Gye
8830e034a5fffff,17:20:00,8830e035d7fffff,30,100.9,18.71,경기 안양시 동안구 평촌동
8830e034a5fffff,17:20:00,8830e035ddfffff,19,56.79,22.64,Beom_Gye
8830e034a5fffff,17:40:00,8830e035d7fffff,27,90.7,21.71,경기 안양시 동안구 평촌동
8830e034a5fffff,17:40:00,8830e035ddfffff,25,80.2,29.16,Beom_Gye
8830e034a5fffff,18:00:00,8830e035d7fffff,13,77.69,17.62,경기 안양시 동안구 평촌동
8830e034a5fffff,18:00:00,8830e035ddfffff,29,49.31,27.81,Beom_Gye
8830e034a5fffff,18:20:00,8830e035d7fffff,17,55.29,17.48,경기 안양시 동안구 평촌동
8830e034a5fffff,18:20:00,8830e035ddfffff,16,43.25,20.07,Beom_Gye
8830e034a5fffff,18:40:00,8830e035d7fffff,35,81.4,15.89,경기 안양시 동안구 평촌동
8830e034a5fffff,19:00:00,8830e035d7fffff,24,55.0,20.38,경기 안양시 동안구 평촌동
8830e034a5fffff,19:00:00,8830e035ddfffff,17,50.24,24.25,Beom_Gye
8830e034a5fffff,19:20:00,8830e035d7fffff,18,57.44,18.79,경기 안양시 동안구 평촌동
8830e034a5fffff,19:20:00,8830e035ddfffff,19,51.21,22.9,Beom_Gye
8830e034a5fffff,19:40:00,8830e035d7fffff,21,50.0,15.62,경기 안양시 동안구 평촌동
8830e034a5fffff,19:40:00,8830e035ddfffff,14,45.93,21.85,Beom_Gye
8830e034a5fffff,20:00:00,8830e035d7fffff,27,73.07,14.52,경기 안양시 동안구 평촌동
8830e034a5fffff,20:20:00,8830e035d7fffff,31,73.9,12.12,경기 안양시 동안구 평촌동
8830e034a5fffff,20:40:00,8830e035d7fffff,31,76.23,17.04,경기 안양시 동안구 평촌동
8830e034a5fffff,20:40:00,8830e035ddfffff,13,59.23,30.69,Beom_Gye
8830e034a5fffff,21:00:00,8830e035d7fffff,34,68.09,21.28,경기 안양시 동안구 평촌동
8830e034a5fffff,21:20:00,8830e035d7fffff,25,79.84,18.43,경기 안양시 동안구 평촌동
8830e034a5fffff,21:40:00,8830e035d7fffff,29,80.24,17.69,경기 안양시 동안구 평촌동
8830e034a5fffff,22:00:00,8830e035d7fffff,26,71.5,12.06,경기 안양시 동안구 평촌동
8830e034a5fffff,22:20:00,8830e035d7fffff,24,70.42,9.55,경기 안양시 동안구 평촌동
8830e034a5fffff,22:40:00,8830e035d7fffff,33,63.7,11.02,경기 안양시 동안구 평촌동
8830e034a5fffff,23:00:00,8830e035d7fffff,48,64.06,8.19,경기 안양시 동안구 평촌동
8830e034a5fffff,23:00:00,8830e035ddfffff,10,53.5,10.49,Beom_Gye
8830e034a5fffff,23:20:00,8830e035d7fffff,31,38.77,13.1,경기 안양시 동안구 평촌동
8830e034a7fffff,7:40:00,8830e0ac83fffff,10,75.7,59.58,서울 구로구 구로동
8830e034a7fffff,8:20:00,8830e035ddfffff,11,55.27,38.81,Beom_Gye
8830e034a7fffff,10:40:00,8830e035ddfffff,12,65.0,28.44,Beom_Gye
8830e034a7fffff,14:00:00,8830e035ddfffff,12,42.5,31.37,Beom_Gye
8830e034a7fffff,14:20:00,8830e035d7fffff,10,64.3,31.37,경기 안양시 동안구 평촌동
8830e034a7fffff,14:40:00,8830e035ddfffff,12,56.25,33.31,Beom_Gye
8830e034a7fffff,15:00:00,8830e035ddfffff,14,63.5,24.95,Beom_Gye
8830e034a7fffff,15:40:00,8830e035ddfffff,15,66.47,28.38,Beom_Gye
8830e034a7fffff,17:00:00,8830e035ddfffff,18,76.5,34.39,Beom_Gye
8830e034a7fffff,17:20:00,8830e035ddfffff,10,58.6,22.59,Beom_Gye
8830e034a7fffff,17:40:00,8830e035ddfffff,10,139.0,24.73,Beom_Gye
8830e034a7fffff,18:00:00,8830e035ddfffff,12,48.0,24.16,Beom_Gye
8830e034a7fffff,18:20:00,8830e035ddfffff,14,45.64,25.1,Beom_Gye
8830e034adfffff,0:00:00,8830e035d7fffff,12,56.08,24.25,경기 안양시 동안구 평촌동
8830e034adfffff,0:00:00,8830e035ddfffff,16,64.13,18.26,Beom_Gye
8830e034adfffff,8:00:00,8830e035ddfffff,12,84.58,31.38,Beom_Gye
8830e034adfffff,8:20:00,8830e035ddfffff,12,77.25,21.45,Beom_Gye
8830e034adfffff,8:40:00,8830e035ddfffff,10,79.6,24.57,Beom_Gye
8830e034adfffff,9:20:00,8830e035ddfffff,12,62.67,34.25,Beom_Gye
8830e034adfffff,9:40:00,8830e035ddfffff,15,54.8,20.5,Beom_Gye
8830e034adfffff,10:00:00,8830e035ddfffff,16,53.06,26.46,Beom_Gye
8830e034adfffff,10:20:00,8830e035ddfffff,11,67.45,23.45,Beom_Gye
8830e034adfffff,10:40:00,8830e035d7fffff,10,65.0,23.36,경기 안양시 동안구 평촌동
8830e034adfffff,10:40:00,8830e035ddfffff,17,48.12,23.99,Beom_Gye
8830e034adfffff,11:00:00,8830e035d7fffff,10,68.8,23.11,경기 안양시 동안구 평촌동
8830e034adfffff,11:00:00,8830e035ddfffff,23,106.52,25.38,Beom_Gye
8830e034adfffff,11:20:00,8830e035ddfffff,16,54.81,25.12,Beom_Gye
8830e034adfffff,11:40:00,8830e035ddfffff,10,67.3,30.1,Beom_Gye
8830e034adfffff,12:00:00,8830e035d7fffff,11,71.91,32.67,경기 안양시 동안구 평촌동
8830e034adfffff,12:00:00,8830e035ddfffff,20,68.75,30.32,Beom_Gye
8830e034adfffff,12:20:00,8830e035ddfffff,19,56.05,25.57,Beom_Gye
8830e034adfffff,12:40:00,8830e035d7fffff,10,56.6,30.37,경기 안양시 동안구 평촌동
8830e034adfffff,12:40:00,8830e035ddfffff,17,68.71,28.79,Beom_Gye
8830e034adfffff,13:00:00,8830e035ddfffff,25,61.0,25.52,Beom_Gye
8830e034adfffff,13:20:00,8830e035d7fffff,10,54.4,18.06,경기 안양시 동안구 평촌동
8830e034adfffff,13:20:00,8830e035ddfffff,18,71.39,28.75,Beom_Gye
8830e034adfffff,13:40:00,8830e035ddfffff,16,62.19,24.2,Beom_Gye
8830e034adfffff,14:00:00,8830e035ddfffff,13,45.92,22.61,Beom_Gye
8830e034adfffff,14:20:00,8830e035ddfffff,14,101.21,21.85,Beom_Gye
8830e034adfffff,14:40:00,8830e035d7fffff,10,88.5,24.45,경기 안양시 동안구 평촌동
8830e034adfffff,14:40:00,8830e035ddfffff,14,49.57,27.04,Beom_Gye
8830e034adfffff,15:00:00,8830e035d7fffff,10,66.7,37.43,경기 안양시 동안구 평촌동
8830e034adfffff,15:20:00,8830e035ddfffff,14,51.86,15.14,Beom_Gye
8830e034adfffff,15:40:00,8830e035ddfffff,14,51.64,28.25,Beom_Gye
8830e034adfffff,16:00:00,8830e035d7fffff,11,55.64,26.12,경기 안양시 동안구 평촌동
8830e034adfffff,16:00:00,8830e035ddfffff,19,98.74,21.88,Beom_Gye
8830e034adfffff,16:20:00,8830e035d7fffff,17,63.0,21.51,경기 안양시 동안구 평촌동
8830e034adfffff,16:20:00,8830e035ddfffff,19,73.79,22.85,Beom_Gye
8830e034adfffff,16:40:00,8830e035d7fffff,10,57.4,17.49,경기 안양시 동안구 평촌동
8830e034adfffff,16:40:00,8830e035ddfffff,22,76.23,20.11,Beom_Gye
8830e034adfffff,17:00:00,8830e035d7fffff,15,85.27,24.74,경기 안양시 동안구 평촌동
8830e034adfffff,17:00:00,8830e035ddfffff,27,74.89,26.63,Beom_Gye
8830e034adfffff,17:20:00,8830e035d7fffff,16,48.94,22.15,경기 안양시 동안구 평촌동
8830e034adfffff,17:20:00,8830e035ddfffff,29,109.21,24.38,Beom_Gye
8830e034adfffff,17:40:00,8830e035d7fffff,20,65.5,22.77,경기 안양시 동안구 평촌동
8830e034adfffff,17:40:00,8830e035ddfffff,30,47.73,24.89,Beom_Gye
8830e034adfffff,18:00:00,8830e03531fffff,13,81.15,32.34,경기 안양시 만안구 안양동
8830e034adfffff,18:00:00,8830e035d7fffff,13,43.69,28.25,경기 안양시 동안구 평촌동
8830e034adfffff,18:00:00,8830e035ddfffff,29,77.31,25.11,Beom_Gye
8830e034adfffff,18:20:00,8830e035ddfffff,29,48.24,26.98,Beom_Gye
8830e034adfffff,18:40:00,8830e03531fffff,10,54.0,39.5,경기 안양시 만안구 안양동
8830e034adfffff,18:40:00,8830e035d7fffff,10,83.1,23.64,경기 안양시 동안구 평촌동
8830e034adfffff,18:40:00,8830e035ddfffff,13,63.38,25.73,Beom_Gye
8830e034adfffff,19:00:00,8830e035ddfffff,14,43.79,22.11,Beom_Gye
8830e034adfffff,19:20:00,8830e035ddfffff,11,103.73,27.18,Beom_Gye
8830e034adfffff,19:40:00,8830e035ddfffff,15,59.0,23.84,Beom_Gye
8830e034adfffff,20:00:00,8830e035d7fffff,10,43.6,22.9,경기 안양시 동안구 평촌동
8830e034adfffff,20:00:00,8830e035ddfffff,11,79.09,28.06,Beom_Gye
8830e034adfffff,20:20:00,8830e035ddfffff,12,80.5,28.31,Beom_Gye
8830e034adfffff,20:40:00,8830e035d7fffff,16,55.88,26.23,경기 안양시 동안구 평촌동
8830e034adfffff,20:40:00,8830e035ddfffff,16,65.56,33.67,Beom_Gye
8830e034adfffff,21:00:00,8830e035ddfffff,12,79.83,27.23,Beom_Gye
8830e034adfffff,21:20:00,8830e035d7fffff,16,70.38,24.36,경기 안양시 동안구 평촌동
8830e034adfffff,21:20:00,8830e035ddfffff,11,56.45,27.13,Beom_Gye
8830e034adfffff,21:40:00,8830e035d7fffff,13,47.92,25.87,경기 안양시 동안구 평촌동
8830e034adfffff,21:40:00,8830e035ddfffff,11,56.82,30.89,Beom_Gye
8830e034adfffff,22:00:00,8830e035ddfffff,11,140.91,21.19,Beom_Gye
8830e034adfffff,22:20:00,8830e035ddfffff,10,53.8,32.72,Beom_Gye
8830e034adfffff,23:00:00,8830e035ddfffff,12,135.5,29.42,Beom_Gye
8830e034d7fffff,8:00:00,8830e035ddfffff,10,37.0,33.89,Beom_Gye
8830e034d7fffff,8:20:00,8830e035ddfffff,17,50.06,35.37,Beom_Gye
8830e034d7fffff,8:40:00,8830e035ddfffff,12,41.67,35.01,Beom_Gye
8830e034d7fffff,11:00:00,8830e035ddfffff,12,53.83,26.54,Beom_Gye
8830e034d7fffff,17:20:00,8830e035ddfffff,12,57.42,25.25,Beom_Gye
8830e034d7fffff,18:00:00,8830e035ddfffff,16,48.19,30.17,Beom_Gye
8830e034e1fffff,10:20:00,8830e035ddfffff,10,73.3,25.1,Beom_Gye
8830e034e1fffff,15:00:00,8830e035ddfffff,12,69.42,27.91,Beom_Gye
8830e034e1fffff,16:00:00,8830e035ddfffff,11,58.45,29.03,Beom_Gye
8830e034e3fffff,8:00:00,8830e035ddfffff,10,51.5,30.71,Beom_Gye
8830e034e3fffff,9:20:00,8830e035ddfffff,10,80.4,22.56,Beom_Gye
8830e034e3fffff,10:40:00,8830e035ddfffff,11,56.64,19.14,Beom_Gye
8830e034e3fffff,12:20:00,8830e035ddfffff,11,54.73,27.69,Beom_Gye
8830e034e3fffff,12:40:00,8830e035ddfffff,10,97.2,30.99,Beom_Gye
8830e034e3fffff,15:20:00,8830e035ddfffff,10,88.5,28.42,Beom_Gye
8830e034e3fffff,16:40:00,8830e035ddfffff,10,60.2,21.29,Beom_Gye
8830e034e3fffff,17:00:00,8830e035ddfffff,16,60.69,27.94,Beom_Gye
8830e034e3fffff,17:20:00,8830e035ddfffff,10,52.5,25.79,Beom_Gye
8830e034e3fffff,17:40:00,8830e035ddfffff,11,76.55,27.27,Beom_Gye
8830e034e5fffff,7:00:00,8830e035ddfffff,11,50.09,24.35,Beom_Gye
8830e034e5fffff,8:20:00,8830e035ddfffff,14,55.14,23.63,Beom_Gye
8830e034e5fffff,9:20:00,8830e035ddfffff,11,84.36,25.95,Beom_Gye
8830e034e5fffff,11:00:00,8830e035d7fffff,12,67.67,28.31,경기 안양시 동안구 평촌동
8830e034e5fffff,11:40:00,8830e035d7fffff,13,72.15,21.49,경기 안양시 동안구 평촌동
8830e034e5fffff,11:40:00,8830e035ddfffff,10,46.8,20.86,Beom_Gye
8830e034e5fffff,12:00:00,8830e035d7fffff,18,63.5,34.52,경기 안양시 동안구 평촌동
8830e034e5fffff,12:00:00,8830e035ddfffff,19,57.89,18.5,Beom_Gye
8830e034e5fffff,12:20:00,8830e035d7fffff,11,53.18,22.06,경기 안양시 동안구 평촌동
8830e034e5fffff,12:40:00,8830e035d7fffff,16,58.63,47.95,경기 안양시 동안구 평촌동
8830e034e5fffff,12:40:00,8830e035ddfffff,16,66.31,25.86,Beom_Gye
8830e034e5fffff,13:00:00,8830e035ddfffff,16,51.75,15.3,Beom_Gye
8830e034e5fffff,14:00:00,8830e035d7fffff,11,73.27,22.9,경기 안양시 동안구 평촌동
8830e034e5fffff,14:00:00,8830e035ddfffff,13,68.23,26.96,Beom_Gye
8830e034e5fffff,14:40:00,8830e035d7fffff,12,73.75,23.89,경기 안양시 동안구 평촌동
8830e034e5fffff,14:40:00,8830e035ddfffff,15,52.6,24.72,Beom_Gye
8830e034e5fffff,15:00:00,8830e035d7fffff,10,67.5,33.57,경기 안양시 동안구 평촌동
8830e034e5fffff,15:00:00,8830e035ddfffff,13,62.85,23.23,Beom_Gye
8830e034e5fffff,15:40:00,8830e035d7fffff,12,64.5,34.39,경기 안양시 동안구 평촌동
8830e034e5fffff,16:00:00,8830e035ddfffff,12,54.83,27.95,Beom_Gye
8830e034e5fffff,16:20:00,8830e035ddfffff,10,66.2,28.67,Beom_Gye
8830e034e5fffff,16:40:00,8830e035ddfffff,17,77.41,23.9,Beom_Gye
8830e034e5fffff,17:00:00,8830e035ddfffff,10,57.2,25.37,Beom_Gye
8830e034e5fffff,17:40:00,8830e035ddfffff,15,53.47,26.01,Beom_Gye
8830e034e5fffff,18:00:00,8830e035ddfffff,24,88.46,31.85,Beom_Gye
8830e034e5fffff,18:40:00,8830e035ddfffff,11,52.64,23.18,Beom_Gye
8830e034e7fffff,0:00:00,8830e035ddfffff,14,84.79,34.67,Beom_Gye
8830e034e7fffff,8:00:00,8830e035ddfffff,13,56.46,22.83,Beom_Gye
8830e034e7fffff,9:20:00,8830e035ddfffff,10,95.7,26.2,Beom_Gye
8830e034e7fffff,10:40:00,8830e035ddfffff,14,59.29,29.14,Beom_Gye
8830e034e7fffff,11:40:00,8830e035d7fffff,11,88.73,38.44,경기 안양시 동안구 평촌동
8830e034e7fffff,12:00:00,8830e035ddfffff,10,52.1,29.76,Beom_Gye
8830e034e7fffff,12:20:00,8830e035d7fffff,11,56.09,28.22,경기 안양시 동안구 평촌동
8830e034e7fffff,12:40:00,8830e035ddfffff,11,52.82,26.75,Beom_Gye
8830e034e7fffff,13:00:00,8830e035d7fffff,11,83.27,26.38,경기 안양시 동안구 평촌동
8830e034e7fffff,13:00:00,8830e035ddfffff,18,66.33,21.56,Beom_Gye
8830e034e7fffff,13:20:00,8830e035d7fffff,10,90.8,26.88,경기 안양시 동안구 평촌동
8830e034e7fffff,13:20:00,8830e035ddfffff,17,66.65,29.89,Beom_Gye
8830e034e7fffff,13:40:00,8830e035ddfffff,11,80.18,28.45,Beom_Gye
8830e034e7fffff,14:20:00,8830e035ddfffff,15,78.2,29.64,Beom_Gye
8830e034e7fffff,14:40:00,8830e035ddfffff,13,63.31,21.88,Beom_Gye
8830e034e7fffff,15:00:00,8830e035ddfffff,13,74.54,24.06,Beom_Gye
8830e034e7fffff,15:20:00,8830e035d7fffff,10,64.3,23.83,경기 안양시 동안구 평촌동
8830e034e7fffff,15:20:00,8830e035ddfffff,11,78.0,25.23,Beom_Gye
8830e034e7fffff,15:40:00,8830e035d7fffff,16,76.44,28.52,경기 안양시 동안구 평촌동
8830e034e7fffff,15:40:00,8830e035ddfffff,12,67.25,32.53,Beom_Gye
8830e034e7fffff,16:00:00,8830e035ddfffff,10,144.9,21.71,Beom_Gye
8830e034e7fffff,16:20:00,8830e035ddfffff,14,66.21,22.39,Beom_Gye
8830e034e7fffff,16:40:00,8830e035ddfffff,22,66.32,26.48,Beom_Gye
8830e034e7fffff,17:00:00,8830e035ddfffff,38,57.42,24.5,Beom_Gye
8830e034e7fffff,17:20:00,8830e035ddfffff,33,74.3,26.79,Beom_Gye
8830e034e7fffff,17:40:00,8830e035d7fffff,11,51.82,25.32,경기 안양시 동안구 평촌동
8830e034e7fffff,17:40:00,8830e035ddfffff,25,67.96,24.81,Beom_Gye
8830e034e7fffff,18:00:00,8830e035ddfffff,27,56.3,30.35,Beom_Gye
8830e034e7fffff,18:20:00,8830e035ddfffff,19,58.79,23.99,Beom_Gye
8830e034e7fffff,18:40:00,8830e035ddfffff,14,53.0,27.79,Beom_Gye
8830e034e7fffff,19:00:00,8830e035ddfffff,14,51.79,29.66,Beom_Gye
8830e03513fffff,8:00:00,8830e035ddfffff,10,65.2,23.68,Beom_Gye
8830e03517fffff,7:40:00,8830e035ddfffff,12,45.0,24.49,Beom_Gye
8830e03517fffff,8:00:00,8830e035ddfffff,18,44.06,32.67,Beom_Gye
8830e03517fffff,8:20:00,8830e035ddfffff,20,48.2,31.89,Beom_Gye
8830e03517fffff,9:20:00,8830e035ddfffff,18,50.11,26.33,Beom_Gye
8830e03517fffff,9:40:00,8830e035ddfffff,10,43.9,34.67,Beom_Gye
8830e03517fffff,10:00:00,8830e035ddfffff,11,91.91,29.86,Beom_Gye
8830e03517fffff,12:00:00,8830e03531fffff,10,44.9,14.17,경기 안양시 만안구 안양동
8830e03517fffff,12:20:00,8830e03531fffff,10,86.0,21.85,경기 안양시 만안구 안양동
8830e03517fffff,12:40:00,8830e03531fffff,10,74.0,21.96,경기 안양시 만안구 안양동
8830e03517fffff,14:20:00,8830e03531fffff,14,54.86,17.51,경기 안양시 만안구 안양동
8830e03517fffff,15:00:00,8830e03531fffff,10,54.7,17.95,경기 안양시 만안구 안양동
8830e03517fffff,15:20:00,8830e03531fffff,10,47.9,14.46,경기 안양시 만안구 안양동
8830e03517fffff,15:40:00,8830e03531fffff,14,46.29,20.64,경기 안양시 만안구 안양동
8830e03517fffff,16:00:00,8830e03531fffff,10,49.2,21.87,경기 안양시 만안구 안양동
8830e0351bfffff,0:00:00,8830e035ddfffff,17,57.06,19.16,Beom_Gye
8830e0351bfffff,9:00:00,8830e035ddfffff,12,72.25,23.15,Beom_Gye
8830e0351bfffff,9:20:00,8830e035ddfffff,10,82.4,21.25,Beom_Gye
8830e0351bfffff,10:00:00,8830e035ddfffff,13,82.31,20.63,Beom_Gye
8830e0351bfffff,11:00:00,8830e035ddfffff,10,72.6,19.95,Beom_Gye
8830e0351bfffff,11:20:00,8830e035ddfffff,20,93.1,25.31,Beom_Gye
8830e0351bfffff,11:40:00,8830e035ddfffff,14,94.36,28.36,Beom_Gye
8830e0351bfffff,12:00:00,8830e035ddfffff,10,64.0,24.82,Beom_Gye
8830e0351bfffff,13:00:00,8830e035ddfffff,12,69.83,19.55,Beom_Gye
8830e0351bfffff,14:00:00,8830e035ddfffff,10,67.0,28.05,Beom_Gye
8830e0351bfffff,14:20:00,8830e035ddfffff,11,80.18,19.04,Beom_Gye
8830e0351bfffff,15:00:00,8830e035ddfffff,13,61.31,22.79,Beom_Gye
8830e0351bfffff,15:20:00,8830e035ddfffff,13,68.69,23.88,Beom_Gye
8830e0351bfffff,15:40:00,8830e035ddfffff,15,94.8,20.94,Beom_Gye
8830e0351bfffff,16:20:00,8830e035ddfffff,13,114.62,22.36,Beom_Gye
8830e0351bfffff,16:40:00,8830e035ddfffff,15,73.47,19.84,Beom_Gye
8830e0351bfffff,17:00:00,8830e035ddfffff,20,103.85,22.67,Beom_Gye
8830e0351bfffff,17:20:00,8830e035ddfffff,20,89.3,17.65,Beom_Gye
8830e0351bfffff,17:40:00,8830e035ddfffff,23,92.39,20.33,Beom_Gye
8830e0351bfffff,18:00:00,8830e035ddfffff,27,58.44,21.89,Beom_Gye
8830e0351bfffff,18:20:00,8830e035ddfffff,11,67.0,18.03,Beom_Gye
8830e0351bfffff,18:40:00,8830e035ddfffff,11,164.64,16.28,Beom_Gye
8830e0351bfffff,19:00:00,8830e035ddfffff,13,123.69,15.18,Beom_Gye
8830e0351bfffff,20:20:00,8830e035ddfffff,12,118.08,18.89,Beom_Gye
8830e0351bfffff,21:00:00,8830e035ddfffff,11,116.55,15.37,Beom_Gye
8830e0351bfffff,21:20:00,8830e035ddfffff,11,115.45,11.67,Beom_Gye
8830e0351bfffff,22:00:00,8830e035ddfffff,14,85.14,11.6,Beom_Gye
8830e0351bfffff,22:20:00,8830e035ddfffff,14,69.14,20.04,Beom_Gye
8830e0351bfffff,22:40:00,8830e035ddfffff,19,72.63,16.12,Beom_Gye
8830e0351bfffff,23:00:00,8830e035ddfffff,12,55.75,12.72,Beom_Gye
8830e03531fffff,0:00:00,8830e03531fffff,214,55.31,13.45,경기 안양시 만안구 안양동
8830e03531fffff,0:20:00,8830e03531fffff,12,40.5,20.0,경기 안양시 만안구 안양동
8830e03531fffff,0:40:00,8830e03531fffff,11,43.0,19.97,경기 안양시 만안구 안양동
8830e03531fffff,4:40:00,8830e03531fffff,28,276.71,54.62,경기 안양시 만안구 안양동
8830e03531fffff,5:00:00,8830e03531fffff,27,159.7,31.8,경기 안양시 만안구 안양동
8830e03531fffff,5:20:00,8830e03531fffff,16,167.0,32.17,경기 안양시 만안구 안양동
8830e03531fffff,5:40:00,8830e03531fffff,30,216.47,36.33,경기 안양시 만안구 안양동
8830e03531fffff,6:00:00,8830e03531fffff,30,97.9,24.67,경기 안양시 만안구 안양동
8830e03531fffff,6:20:00,8830e03531fffff,25,121.72,34.94,경기 안양시 만안구 안양동
8830e03531fffff,6:40:00,8830e03531fffff,42,204.21,42.15,경기 안양시 만안구 안양동
8830e03531fffff,7:00:00,8830e03531fffff,59,111.15,30.68,경기 안양시 만안구 안양동
8830e03531fffff,7:20:00,8830e03531fffff,52,93.71,25.04,경기 안양시 만안구 안양동
8830e03531fffff,7:40:00,8830e03531fffff,62,85.23,22.82,경기 안양시 만안구 안양동
8830e03531fffff,7:40:00,8830e035ddfffff,15,42.87,41.86,Beom_Gye
8830e03531fffff,8:00:00,8830e03531fffff,53,112.4,27.2,경기 안양시 만안구 안양동
8830e03531fffff,8:20:00,8830e03531fffff,103,70.76,29.34,경기 안양시 만안구 안양동
8830e03531fffff,8:20:00,8830e035ddfffff,19,42.95,32.35,Beom_Gye
8830e03531fffff,8:40:00,8830e03531fffff,83,80.73,21.0,경기 안양시 만안구 안양동
8830e03531fffff,8:40:00,8830e035ddfffff,10,41.5,38.44,Beom_Gye
8830e03531fffff,9:00:00,8830e03531fffff,106,101.05,28.78,경기 안양시 만안구 안양동
8830e03531fffff,9:20:00,8830e03531fffff,139,80.18,28.04,경기 안양시 만안구 안양동
8830e03531fffff,9:40:00,8830e03531fffff,133,83.04,27.98,경기 안양시 만안구 안양동
8830e03531fffff,10:00:00,8830e03531fffff,117,90.61,26.55,경기 안양시 만안구 안양동
8830e03531fffff,10:20:00,8830e03531fffff,99,88.92,26.66,경기 안양시 만안구 안양동
8830e03531fffff,10:40:00,8830e03531fffff,91,79.69,27.29,경기 안양시 만안구 안양동
8830e03531fffff,11:00:00,8830e03531fffff,96,84.22,21.4,경기 안양시 만안구 안양동
8830e03531fffff,11:20:00,8830e03531fffff,89,67.61,24.98,경기 안양시 만안구 안양동
8830e03531fffff,11:40:00,8830e03531fffff,79,84.46,26.34,경기 안양시 만안구 안양동
8830e03531fffff,12:00:00,8830e03531fffff,90,74.74,26.63,경기 안양시 만안구 안양동
8830e03531fffff,12:20:00,8830e03531fffff,79,116.46,27.07,경기 안양시 만안구 안양동
8830e03531fffff,12:40:00,8830e03531fffff,78,76.37,23.79,경기 안양시 만안구 안양동
8830e03531fffff,13:00:00,8830e03531fffff,90,113.98,25.84,경기 안양시 만안구 안양동
8830e03531fffff,13:20:00,8830e03531fffff,96,80.55,24.39,경기 안양시 만안구 안양동
8830e03531fffff,13:40:00,8830e03531fffff,124,74.32,28.15,경기 안양시 만안구 안양동
8830e03531fffff,14:00:00,8830e03531fffff,109,100.75,31.76,경기 안양시 만안구 안양동
8830e03531fffff,14:20:00,8830e03531fffff,115,81.65,22.47,경기 안양시 만안구 안양동
8830e03531fffff,14:40:00,8830e03531fffff,93,68.11,23.78,경기 안양시 만안구 안양동
8830e03531fffff,15:00:00,8830e03531fffff,108,76.84,20.38,경기 안양시 만안구 안양동
8830e03531fffff,15:20:00,8830e03531fffff,117,81.32,21.4,경기 안양시 만안구 안양동
8830e03531fffff,15:40:00,8830e03531fffff,102,85.25,22.2,경기 안양시 만안구 안양동
8830e03531fffff,16:00:00,8830e03531fffff,97,76.55,24.77,경기 안양시 만안구 안양동
8830e03531fffff,16:20:00,8830e03531fffff,86,69.77,23.94,경기 안양시 만안구 안양동
8830e03531fffff,16:40:00,8830e03531fffff,89,62.66,23.68,경기 안양시 만안구 안양동
8830e03531fffff,17:00:00,8830e03531fffff,84,70.56,22.06,경기 안양시 만안구 안양동
8830e03531fffff,17:20:00,8830e03531fffff,95,76.78,26.41,경기 안양시 만안구 안양동
8830e03531fffff,17:40:00,8830e03531fffff,75,65.93,24.38,경기 안양시 만안구 안양동
8830e03531fffff,18:00:00,8830e03531fffff,66,55.09,23.71,경기 안양시 만안구 안양동
8830e03531fffff,18:20:00,8830e03531fffff,75,62.35,23.22,경기 안양시 만안구 안양동
8830e03531fffff,18:40:00,8830e03531fffff,65,53.14,18.83,경기 안양시 만안구 안양동
8830e03531fffff,19:00:00,8830e03531fffff,63,54.33,20.33,경기 안양시 만안구 안양동
8830e03531fffff,19:20:00,8830e03531fffff,79,66.28,17.98,경기 안양시 만안구 안양동
8830e03531fffff,19:40:00,8830e03531fffff,64,58.23,22.71,경기 안양시 만안구 안양동
8830e03531fffff,20:00:00,8830e03531fffff,70,53.13,17.28,경기 안양시 만안구 안양동
8830e03531fffff,20:20:00,8830e03531fffff,62,56.32,20.16,경기 안양시 만안구 안양동
8830e03531fffff,20:40:00,8830e03531fffff,51,75.8,22.28,경기 안양시 만안구 안양동
8830e03531fffff,21:00:00,8830e03531fffff,63,68.3,21.48,경기 안양시 만안구 안양동
8830e03531fffff,21:20:00,8830e03531fffff,56,52.54,20.62,경기 안양시 만안구 안양동
8830e03531fffff,21:40:00,8830e03531fffff,66,48.06,30.15,경기 안양시 만안구 안양동
8830e03531fffff,22:00:00,8830e03531fffff,59,53.61,24.33,경기 안양시 만안구 안양동
8830e03531fffff,22:20:00,8830e03531fffff,49,55.41,16.33,경기 안양시 만안구 안양동
8830e03531fffff,22:40:00,8830e03531fffff,36,51.31,17.36,경기 안양시 만안구 안양동
8830e03531fffff,23:00:00,8830e03531fffff,26,47.5,10.48,경기 안양시 만안구 안양동
8830e03531fffff,23:20:00,8830e03531fffff,39,36.1,15.01,경기 안양시 만안구 안양동
8830e03533fffff,0:00:00,8830e03531fffff,135,50.39,14.22,경기 안양시 만안구 안양동
8830e03533fffff,0:20:00,8830e03531fffff,16,50.75,14.99,경기 안양시 만안구 안양동
8830e03533fffff,0:40:00,8830e03531fffff,17,50.88,11.09,경기 안양시 만안구 안양동
8830e03533fffff,6:00:00,8830e03531fffff,11,57.18,9.72,경기 안양시 만안구 안양동
8830e03533fffff,6:20:00,8830e03531fffff,14,65.43,30.7,경기 안양시 만안구 안양동
8830e03533fffff,6:40:00,8830e03531fffff,15,68.47,24.23,경기 안양시 만안구 안양동
8830e03533fffff,7:00:00,8830e03531fffff,10,72.7,31.2,경기 안양시 만안구 안양동
8830e03533fffff,7:20:00,8830e03531fffff,23,47.96,24.14,경기 안양시 만안구 안양동
8830e03533fffff,7:40:00,8830e03531fffff,20,67.75,24.35,경기 안양시 만안구 안양동
8830e03533fffff,7:40:00,8830e035ddfffff,11,40.55,30.54,Beom_Gye
8830e03533fffff,8:00:00,8830e03531fffff,18,82.44,17.11,경기 안양시 만안구 안양동
8830e03533fffff,8:00:00,8830e035ddfffff,11,60.45,43.07,Beom_Gye
8830e03533fffff,8:20:00,8830e03531fffff,24,93.33,23.14,경기 안양시 만안구 안양동
8830e03533fffff,8:20:00,8830e035ddfffff,17,53.76,35.36,Beom_Gye
8830e03533fffff,8:40:00,8830e03531fffff,17,63.24,26.51,경기 안양시 만안구 안양동
8830e03533fffff,8:40:00,8830e035ddfffff,14,53.93,47.15,Beom_Gye
8830e03533fffff,9:00:00,8830e03531fffff,29,74.72,20.16,경기 안양시 만안구 안양동
8830e03533fffff,9:00:00,8830e035ddfffff,11,60.91,40.07,Beom_Gye
8830e03533fffff,9:20:00,8830e03531fffff,32,149.25,21.22,경기 안양시 만안구 안양동
8830e03533fffff,9:20:00,8830e035ddfffff,11,51.91,42.23,Beom_Gye
8830e03533fffff,9:40:00,8830e03531fffff,40,118.18,20.94,경기 안양시 만안구 안양동
8830e03533fffff,10:00:00,8830e03531fffff,30,70.8,18.16,경기 안양시 만안구 안양동
8830e03533fffff,10:20:00,8830e03531fffff,32,77.84,27.59,경기 안양시 만안구 안양동
8830e03533fffff,10:40:00,8830e03531fffff,40,71.3,19.3,경기 안양시 만안구 안양동
8830e03533fffff,10:40:00,8830e035ddfffff,11,50.45,24.93,Beom_Gye
8830e03533fffff,11:00:00,8830e03531fffff,41,64.0,26.41,경기 안양시 만안구 안양동
8830e03533fffff,11:00:00,8830e035ddfffff,10,54.7,20.98,Beom_Gye
8830e03533fffff,11:20:00,8830e03531fffff,50,74.46,25.13,경기 안양시 만안구 안양동
8830e03533fffff,11:20:00,8830e035ddfffff,10,88.9,34.97,Beom_Gye
8830e03533fffff,11:40:00,8830e03531fffff,33,88.67,17.04,경기 안양시 만안구 안양동
8830e03533fffff,12:00:00,8830e03531fffff,34,63.76,20.72,경기 안양시 만안구 안양동
8830e03533fffff,12:20:00,8830e03531fffff,50,71.84,17.55,경기 안양시 만안구 안양동
8830e03533fffff,12:40:00,8830e03531fffff,50,84.22,23.91,경기 안양시 만안구 안양동
8830e03533fffff,13:00:00,8830e03531fffff,60,80.48,18.88,경기 안양시 만안구 안양동
8830e03533fffff,13:20:00,8830e03531fffff,58,66.45,18.65,경기 안양시 만안구 안양동
8830e03533fffff,13:20:00,8830e035ddfffff,10,67.1,25.8,Beom_Gye
8830e03533fffff,13:40:00,8830e03531fffff,55,73.51,20.64,경기 안양시 만안구 안양동
8830e03533fffff,14:00:00,8830e03531fffff,58,57.36,17.81,경기 안양시 만안구 안양동
8830e03533fffff,14:00:00,8830e035ddfffff,11,53.73,28.0,Beom_Gye
8830e03533fffff,14:20:00,8830e03531fffff,51,57.75,20.11,경기 안양시 만안구 안양동
8830e03533fffff,14:40:00,8830e03531fffff,63,69.7,22.44,경기 안양시 만안구 안양동
8830e03533fffff,14:40:00,8830e035ddfffff,14,53.0,32.28,Beom_Gye
8830e03533fffff,15:00:00,8830e03531fffff,62,56.19,18.92,경기 안양시 만안구 안양동
8830e03533fffff,15:00:00,8830e035ddfffff,12,44.83,36.35,Beom_Gye
8830e03533fffff,15:20:00,8830e03531fffff,63,68.86,17.28,경기 안양시 만안구 안양동
8830e03533fffff,15:40:00,8830e03531fffff,73,61.18,24.01,경기 안양시 만안구 안양동
8830e03533fffff,16:00:00,8830e03531fffff,68,53.57,19.14,경기 안양시 만안구 안양동
8830e03533fffff,16:20:00,8830e03531fffff,59,58.53,19.46,경기 안양시 만안구 안양동
8830e03533fffff,16:40:00,8830e03531fffff,64,65.63,18.61,경기 안양시 만안구 안양동
8830e03533fffff,16:40:00,8830e035ddfffff,12,53.83,30.19,Beom_Gye
8830e03533fffff,17:00:00,8830e03531fffff,68,54.69,19.28,경기 안양시 만안구 안양동
8830e03533fffff,17:20:00,8830e03531fffff,43,74.95,19.7,경기 안양시 만안구 안양동
8830e03533fffff,17:20:00,8830e035ddfffff,20,56.9,33.78,Beom_Gye
8830e03533fffff,17:40:00,8830e03531fffff,63,60.33,17.32,경기 안양시 만안구 안양동
8830e03533fffff,18:00:00,8830e03531fffff,53,61.47,19.91,경기 안양시 만안구 안양동
8830e03533fffff,18:00:00,8830e035ddfffff,17,59.76,44.67,Beom_Gye
8830e03533fffff,18:20:00,8830e03531fffff,49,55.08,19.17,경기 안양시 만안구 안양동
8830e03533fffff,18:20:00,8830e035ddfffff,14,53.64,34.02,Beom_Gye
8830e03533fffff,18:40:00,8830e03531fffff,70,64.71,19.27,경기 안양시 만안구 안양동
8830e03533fffff,19:00:00,8830e03531fffff,63,52.32,20.31,경기 안양시 만안구 안양동
8830e03533fffff,19:20:00,8830e03531fffff,67,54.13,15.62,경기 안양시 만안구 안양동
8830e03533fffff,19:20:00,8830e035ddfffff,10,171.5,54.72,Beom_Gye
8830e03533fffff,19:40:00,8830e03531fffff,40,60.18,22.49,경기 안양시 만안구 안양동
8830e03533fffff,20:00:00,8830e03531fffff,68,55.6,16.94,경기 안양시 만안구 안양동
8830e03533fffff,20:20:00,8830e03531fffff,58,57.4,18.93,경기 안양시 만안구 안양동
8830e03533fffff,20:40:00,8830e03531fffff,59,59.24,19.64,경기 안양시 만안구 안양동
8830e03533fffff,21:00:00,8830e03531fffff,65,59.94,20.11,경기 안양시 만안구 안양동
8830e03533fffff,21:20:00,8830e03531fffff,45,49.93,18.07,경기 안양시 만안구 안양동
8830e03533fffff,21:40:00,8830e03531fffff,54,51.06,20.24,경기 안양시 만안구 안양동
8830e03533fffff,22:00:00,8830e03531fffff,37,51.73,14.6,경기 안양시 만안구 안양동
8830e03533fffff,22:20:00,8830e03531fffff,40,50.53,17.08,경기 안양시 만안구 안양동
8830e03533fffff,22:40:00,8830e03531fffff,38,55.03,17.29,경기 안양시 만안구 안양동
8830e03533fffff,23:00:00,8830e03531fffff,79,45.92,14.1,경기 안양시 만안구 안양동
8830e03533fffff,23:20:00,8830e03531fffff,34,34.21,14.07,경기 안양시 만안구 안양동
8830e03537fffff,0:00:00,8830e03531fffff,47,50.3,11.47,경기 안양시 만안구 안양동
8830e03537fffff,7:00:00,8830e03531fffff,10,72.2,22.14,경기 안양시 만안구 안양동
8830e03537fffff,7:20:00,8830e03531fffff,13,90.08,33.36,경기 안양시 만안구 안양동
8830e03537fffff,8:00:00,8830e03531fffff,17,67.76,22.57,경기 안양시 만안구 안양동
8830e03537fffff,8:00:00,8830e035ddfffff,18,37.72,44.77,Beom_Gye
8830e03537fffff,8:20:00,8830e03531fffff,17,91.71,16.71,경기 안양시 만안구 안양동
8830e03537fffff,8:20:00,8830e035ddfffff,14,46.5,31.86,Beom_Gye
8830e03537fffff,8:40:00,8830e03531fffff,10,59.0,28.11,경기 안양시 만안구 안양동
8830e03537fffff,9:00:00,8830e03531fffff,19,49.53,20.19,경기 안양시 만안구 안양동
8830e03537fffff,9:40:00,8830e03531fffff,14,123.43,23.97,경기 안양시 만안구 안양동
8830e03537fffff,10:00:00,8830e03531fffff,23,75.52,25.88,경기 안양시 만안구 안양동
8830e03537fffff,10:40:00,8830e03531fffff,13,138.15,40.12,경기 안양시 만안구 안양동
8830e03537fffff,11:00:00,8830e03531fffff,12,77.0,25.46,경기 안양시 만안구 안양동
8830e03537fffff,11:20:00,8830e03531fffff,13,84.77,26.65,경기 안양시 만안구 안양동
8830e03537fffff,11:40:00,8830e03531fffff,18,42.5,28.44,경기 안양시 만안구 안양동
8830e03537fffff,12:00:00,8830e03531fffff,12,117.42,14.33,경기 안양시 만안구 안양동
8830e03537fffff,12:20:00,8830e03531fffff,12,80.92,24.78,경기 안양시 만안구 안양동
8830e03537fffff,13:00:00,8830e03531fffff,13,53.54,29.66,경기 안양시 만안구 안양동
8830e03537fffff,13:20:00,8830e03531fffff,12,72.42,42.75,경기 안양시 만안구 안양동
8830e03537fffff,13:40:00,8830e03531fffff,11,61.45,18.91,경기 안양시 만안구 안양동
8830e03537fffff,14:00:00,8830e03531fffff,15,66.53,25.0,경기 안양시 만안구 안양동
8830e03537fffff,14:20:00,8830e03531fffff,12,57.25,19.8,경기 안양시 만안구 안양동
8830e03537fffff,14:40:00,8830e03531fffff,14,64.5,20.61,경기 안양시 만안구 안양동
8830e03537fffff,15:00:00,8830e03531fffff,13,89.15,24.39,경기 안양시 만안구 안양동
8830e03537fffff,15:20:00,8830e03531fffff,22,64.73,21.97,경기 안양시 만안구 안양동
8830e03537fffff,15:40:00,8830e03531fffff,10,45.3,20.89,경기 안양시 만안구 안양동
8830e03537fffff,17:00:00,8830e03531fffff,14,52.0,17.1,경기 안양시 만안구 안양동
8830e03537fffff,17:20:00,8830e03531fffff,10,62.0,20.67,경기 안양시 만안구 안양동
8830e03537fffff,17:40:00,8830e03531fffff,10,60.1,16.44,경기 안양시 만안구 안양동
8830e03537fffff,18:00:00,8830e03531fffff,14,56.29,25.14,경기 안양시 만안구 안양동
8830e03537fffff,18:20:00,8830e03531fffff,13,59.62,25.96,경기 안양시 만안구 안양동
8830e03537fffff,18:40:00,8830e03531fffff,10,67.8,19.0,경기 안양시 만안구 안양동
8830e03537fffff,19:00:00,8830e03531fffff,12,57.33,21.26,경기 안양시 만안구 안양동
8830e03537fffff,19:20:00,8830e03531fffff,10,57.1,23.85,경기 안양시 만안구 안양동
8830e03537fffff,19:40:00,8830e03531fffff,11,69.82,26.91,경기 안양시 만안구 안양동
8830e03537fffff,20:20:00,8830e03531fffff,13,60.31,15.52,경기 안양시 만안구 안양동
8830e03537fffff,21:20:00,8830e03531fffff,10,59.3,14.52,경기 안양시 만안구 안양동
8830e03537fffff,21:40:00,8830e03531fffff,10,64.1,13.08,경기 안양시 만안구 안양동
8830e03537fffff,22:40:00,8830e03531fffff,10,54.5,10.34,경기 안양시 만안구 안양동
8830e03539fffff,7:20:00,8830e03531fffff,11,110.64,32.07,경기 안양시 만안구 안양동
8830e03539fffff,8:00:00,8830e03531fffff,10,76.2,15.7,경기 안양시 만안구 안양동
8830e03539fffff,8:00:00,8830e035ddfffff,11,51.45,34.72,Beom_Gye
8830e03539fffff,8:20:00,8830e03531fffff,10,90.8,25.26,경기 안양시 만안구 안양동
8830e03539fffff,8:20:00,8830e035ddfffff,10,61.3,24.86,Beom_Gye
8830e03539fffff,8:40:00,8830e03531fffff,13,83.38,26.84,경기 안양시 만안구 안양동
8830e03539fffff,9:00:00,8830e03531fffff,16,55.56,22.41,경기 안양시 만안구 안양동
8830e03539fffff,9:20:00,8830e03531fffff,17,52.65,23.16,경기 안양시 만안구 안양동
8830e03539fffff,9:40:00,8830e03531fffff,22,110.82,26.73,경기 안양시 만안구 안양동
8830e03539fffff,10:00:00,8830e03531fffff,22,58.86,27.98,경기 안양시 만안구 안양동
8830e03539fffff,10:20:00,8830e03531fffff,18,97.33,19.97,경기 안양시 만안구 안양동
8830e03539fffff,10:40:00,8830e03531fffff,24,72.63,17.46,경기 안양시 만안구 안양동
8830e03539fffff,11:00:00,8830e03531fffff,17,68.29,19.0,경기 안양시 만안구 안양동
8830e03539fffff,11:20:00,8830e03531fffff,11,46.27,20.17,경기 안양시 만안구 안양동
8830e03539fffff,11:40:00,8830e03531fffff,15,87.27,32.9,경기 안양시 만안구 안양동
8830e03539fffff,12:00:00,8830e03531fffff,19,58.58,20.2,경기 안양시 만안구 안양동
8830e03539fffff,12:20:00,8830e03531fffff,16,70.19,29.76,경기 안양시 만안구 안양동
8830e03539fffff,12:40:00,8830e03531fffff,10,80.7,26.5,경기 안양시 만안구 안양동
8830e03539fffff,13:00:00,8830e03531fffff,21,56.95,27.6,경기 안양시 만안구 안양동
8830e03539fffff,13:20:00,8830e03531fffff,13,80.62,20.77,경기 안양시 만안구 안양동
8830e03539fffff,13:20:00,8830e035ddfffff,10,46.3,33.81,Beom_Gye
8830e03539fffff,13:40:00,8830e03531fffff,10,111.4,17.77,경기 안양시 만안구 안양동
8830e03539fffff,14:00:00,8830e03531fffff,16,74.13,17.76,경기 안양시 만안구 안양동
8830e03539fffff,14:20:00,8830e03531fffff,16,72.56,28.68,경기 안양시 만안구 안양동
8830e03539fffff,14:40:00,8830e03531fffff,19,63.84,22.38,경기 안양시 만안구 안양동
8830e03539fffff,15:00:00,8830e03531fffff,23,74.13,30.11,경기 안양시 만안구 안양동
8830e03539fffff,15:20:00,8830e03531fffff,24,66.67,20.04,경기 안양시 만안구 안양동
8830e03539fffff,15:40:00,8830e03531fffff,25,61.44,24.4,경기 안양시 만안구 안양동
8830e03539fffff,16:00:00,8830e03531fffff,12,67.25,26.71,경기 안양시 만안구 안양동
8830e03539fffff,16:20:00,8830e03531fffff,21,77.0,21.71,경기 안양시 만안구 안양동
8830e03539fffff,16:40:00,8830e03531fffff,16,45.19,29.87,경기 안양시 만안구 안양동
8830e03539fffff,17:00:00,8830e03531fffff,19,55.05,26.07,경기 안양시 만안구 안양동
8830e03539fffff,17:20:00,8830e03531fffff,10,56.5,23.5,경기 안양시 만안구 안양동
8830e03539fffff,17:40:00,8830e03531fffff,17,56.76,17.68,경기 안양시 만안구 안양동
8830e03539fffff,18:00:00,8830e03531fffff,13,52.69,16.58,경기 안양시 만안구 안양동
8830e03539fffff,18:20:00,8830e03531fffff,10,47.5,12.18,경기 안양시 만안구 안양동
8830e03539fffff,18:40:00,8830e03531fffff,11,62.09,21.43,경기 안양시 만안구 안양동
8830e03539fffff,20:40:00,8830e03531fffff,13,49.62,30.7,경기 안양시 만안구 안양동
8830e0353bfffff,0:00:00,8830e03531fffff,78,51.06,14.17,경기 안양시 만안구 안양동
8830e0353bfffff,6:40:00,8830e03531fffff,11,60.27,31.46,경기 안양시 만안구 안양동
8830e0353bfffff,7:00:00,8830e03531fffff,16,63.88,22.61,경기 안양시 만안구 안양동
8830e0353bfffff,7:20:00,8830e03531fffff,14,59.86,21.52,경기 안양시 만안구 안양동
8830e0353bfffff,7:20:00,8830e035ddfffff,10,63.0,25.75,Beom_Gye
8830e0353bfffff,7:40:00,8830e03531fffff,14,65.5,20.74,경기 안양시 만안구 안양동
8830e0353bfffff,8:00:00,8830e03531fffff,30,60.83,21.26,경기 안양시 만안구 안양동
8830e0353bfffff,8:00:00,8830e035ddfffff,16,55.19,26.07,Beom_Gye
8830e0353bfffff,8:20:00,8830e03531fffff,24,93.29,17.9,경기 안양시 만안구 안양동
8830e0353bfffff,8:20:00,8830e035ddfffff,25,55.6,34.32,Beom_Gye
8830e0353bfffff,8:40:00,8830e03531fffff,35,100.09,30.02,경기 안양시 만안구 안양동
8830e0353bfffff,8:40:00,8830e035ddfffff,16,71.25,34.44,Beom_Gye
8830e0353bfffff,9:00:00,8830e03531fffff,35,80.11,22.02,경기 안양시 만안구 안양동
8830e0353bfffff,9:20:00,8830e03531fffff,34,67.68,24.26,경기 안양시 만안구 안양동
8830e0353bfffff,9:40:00,8830e03531fffff,39,59.0,22.05,경기 안양시 만안구 안양동
8830e0353bfffff,10:00:00,8830e03531fffff,45,101.76,23.16,경기 안양시 만안구 안양동
8830e0353bfffff,10:20:00,8830e03531fffff,52,73.33,22.2,경기 안양시 만안구 안양동
8830e0353bfffff,10:40:00,8830e03531fffff,42,69.26,21.03,경기 안양시 만안구 안양동
8830e0353bfffff,11:00:00,8830e03531fffff,37,76.51,33.22,경기 안양시 만안구 안양동
8830e0353bfffff,11:20:00,8830e03531fffff,39,69.62,23.95,경기 안양시 만안구 안양동
8830e0353bfffff,11:40:00,8830e03531fffff,37,82.27,24.21,경기 안양시 만안구 안양동
8830e0353bfffff,12:00:00,8830e03531fffff,53,110.6,17.64,경기 안양시 만안구 안양동
8830e0353bfffff,12:00:00,8830e035ddfffff,11,58.27,32.78,Beom_Gye
8830e0353bfffff,12:20:00,8830e03531fffff,49,78.92,21.21,경기 안양시 만안구 안양동
8830e0353bfffff,12:40:00,8830e03531fffff,35,72.57,24.27,경기 안양시 만안구 안양동
8830e0353bfffff,13:00:00,8830e03531fffff,46,64.63,24.4,경기 안양시 만안구 안양동
8830e0353bfffff,13:20:00,8830e03531fffff,31,65.35,25.81,경기 안양시 만안구 안양동
8830e0353bfffff,13:40:00,8830e03531fffff,53,58.09,23.08,경기 안양시 만안구 안양동
8830e0353bfffff,14:00:00,8830e03531fffff,37,69.86,21.28,경기 안양시 만안구 안양동
8830e0353bfffff,14:20:00,8830e03531fffff,58,77.72,25.0,경기 안양시 만안구 안양동
8830e0353bfffff,14:40:00,8830e03531fffff,55,70.82,22.21,경기 안양시 만안구 안양동
8830e0353bfffff,15:00:00,8830e03531fffff,50,80.48,32.81,경기 안양시 만안구 안양동
8830e0353bfffff,15:20:00,8830e03531fffff,53,65.08,20.53,경기 안양시 만안구 안양동
8830e0353bfffff,15:40:00,8830e03531fffff,59,62.93,19.8,경기 안양시 만안구 안양동
8830e0353bfffff,16:00:00,8830e03531fffff,55,52.05,21.99,경기 안양시 만안구 안양동
8830e0353bfffff,16:20:00,8830e03531fffff,46,64.8,19.92,경기 안양시 만안구 안양동
8830e0353bfffff,16:40:00,8830e03531fffff,42,72.4,16.21,경기 안양시 만안구 안양동
8830e0353bfffff,17:00:00,8830e03531fffff,44,66.43,20.34,경기 안양시 만안구 안양동
8830e0353bfffff,17:00:00,8830e035ddfffff,10,146.2,28.57,Beom_Gye
8830e0353bfffff,17:20:00,8830e03531fffff,54,50.3,17.97,경기 안양시 만안구 안양동
8830e0353bfffff,17:40:00,8830e03531fffff,49,65.31,18.61,경기 안양시 만안구 안양동
8830e0353bfffff,18:00:00,8830e03531fffff,49,60.47,18.99,경기 안양시 만안구 안양동
8830e0353bfffff,18:00:00,8830e035ddfffff,11,46.09,34.47,Beom_Gye
8830e0353bfffff,18:20:00,8830e03531fffff,49,55.39,18.56,경기 안양시 만안구 안양동
8830e0353bfffff,18:40:00,8830e03531fffff,32,56.5,19.05,경기 안양시 만안구 안양동
8830e0353bfffff,19:00:00,8830e03531fffff,46,51.17,21.46,경기 안양시 만안구 안양동
8830e0353bfffff,19:20:00,8830e03531fffff,29,55.31,15.01,경기 안양시 만안구 안양동
8830e0353bfffff,19:40:00,8830e03531fffff,41,56.41,23.5,경기 안양시 만안구 안양동
8830e0353bfffff,20:00:00,8830e03531fffff,33,54.48,20.14,경기 안양시 만안구 안양동
8830e0353bfffff,20:20:00,8830e03531fffff,26,60.73,24.65,경기 안양시 만안구 안양동
8830e0353bfffff,20:40:00,8830e03531fffff,28,51.21,16.6,경기 안양시 만안구 안양동
8830e0353bfffff,21:00:00,8830e03531fffff,29,63.69,19.92,경기 안양시 만안구 안양동
8830e0353bfffff,21:20:00,8830e03531fffff,35,47.49,28.35,경기 안양시 만안구 안양동
8830e0353bfffff,21:40:00,8830e03531fffff,37,51.27,27.76,경기 안양시 만안구 안양동
8830e0353bfffff,22:00:00,8830e03531fffff,24,54.13,25.83,경기 안양시 만안구 안양동
8830e0353bfffff,22:20:00,8830e03531fffff,17,43.82,41.62,경기 안양시 만안구 안양동
8830e0353bfffff,22:40:00,8830e03531fffff,10,53.8,12.42,경기 안양시 만안구 안양동
8830e0353bfffff,23:00:00,8830e03531fffff,22,43.64,18.83,경기 안양시 만안구 안양동
8830e0353bfffff,23:20:00,8830e03531fffff,14,35.86,15.08,경기 안양시 만안구 안양동
8830e0353dfffff,0:00:00,8830e03531fffff,12,55.5,14.73,경기 안양시 만안구 안양동
8830e0353dfffff,7:00:00,8830e03531fffff,10,59.2,26.22,경기 안양시 만안구 안양동
8830e0353dfffff,7:20:00,8830e03531fffff,17,61.12,20.36,경기 안양시 만안구 안양동
8830e0353dfffff,8:20:00,8830e03531fffff,15,100.73,25.16,경기 안양시 만안구 안양동
8830e0353dfffff,9:00:00,8830e03531fffff,28,100.79,18.82,경기 안양시 만안구 안양동
8830e0353dfffff,9:20:00,8830e03531fffff,22,64.95,20.39,경기 안양시 만안구 안양동
8830e0353dfffff,9:40:00,8830e03531fffff,18,59.28,16.23,경기 안양시 만안구 안양동
8830e0353dfffff,10:00:00,8830e03531fffff,21,69.29,17.85,경기 안양시 만안구 안양동
8830e0353dfffff,10:20:00,8830e03531fffff,21,72.52,23.4,경기 안양시 만안구 안양동
8830e0353dfffff,10:40:00,8830e03531fffff,13,65.77,29.86,경기 안양시 만안구 안양동
8830e0353dfffff,11:00:00,8830e03531fffff,14,56.21,13.84,경기 안양시 만안구 안양동
8830e0353dfffff,11:20:00,8830e03531fffff,25,86.56,17.38,경기 안양시 만안구 안양동
8830e0353dfffff,11:40:00,8830e03531fffff,23,54.87,18.74,경기 안양시 만안구 안양동
8830e0353dfffff,12:00:00,8830e03531fffff,33,75.55,24.6,경기 안양시 만안구 안양동
8830e0353dfffff,12:20:00,8830e03531fffff,20,51.0,20.3,경기 안양시 만안구 안양동
8830e0353dfffff,12:40:00,8830e03531fffff,13,55.0,17.47,경기 안양시 만안구 안양동
8830e0353dfffff,13:00:00,8830e03531fffff,17,68.76,22.48,경기 안양시 만안구 안양동
8830e0353dfffff,13:20:00,8830e03531fffff,20,75.8,18.45,경기 안양시 만안구 안양동
8830e0353dfffff,13:40:00,8830e03531fffff,19,72.68,21.13,경기 안양시 만안구 안양동
8830e0353dfffff,14:00:00,8830e03531fffff,28,74.18,22.27,경기 안양시 만안구 안양동
8830e0353dfffff,14:20:00,8830e03531fffff,28,131.61,18.55,경기 안양시 만안구 안양동
8830e0353dfffff,14:40:00,8830e03531fffff,25,68.88,27.14,경기 안양시 만안구 안양동
8830e0353dfffff,15:00:00,8830e03531fffff,25,60.12,15.47,경기 안양시 만안구 안양동
8830e0353dfffff,15:20:00,8830e03531fffff,24,60.42,20.12,경기 안양시 만안구 안양동
8830e0353dfffff,15:40:00,8830e03531fffff,16,93.63,22.2,경기 안양시 만안구 안양동
8830e0353dfffff,16:00:00,8830e03531fffff,19,51.42,20.09,경기 안양시 만안구 안양동
8830e0353dfffff,16:20:00,8830e03531fffff,34,49.62,27.28,경기 안양시 만안구 안양동
8830e0353dfffff,16:40:00,8830e03531fffff,22,48.55,20.42,경기 안양시 만안구 안양동
8830e0353dfffff,17:00:00,8830e03531fffff,17,69.41,21.64,경기 안양시 만안구 안양동
8830e0353dfffff,17:20:00,8830e03531fffff,17,54.94,17.61,경기 안양시 만안구 안양동
8830e0353dfffff,17:40:00,8830e03531fffff,16,72.13,16.82,경기 안양시 만안구 안양동
8830e0353dfffff,18:00:00,8830e03531fffff,14,61.71,32.01,경기 안양시 만안구 안양동
8830e0353dfffff,18:20:00,8830e03531fffff,13,45.69,14.56,경기 안양시 만안구 안양동
8830e0353dfffff,18:40:00,8830e03531fffff,13,68.15,21.35,경기 안양시 만안구 안양동
8830e0353dfffff,19:00:00,8830e03531fffff,10,47.3,14.29,경기 안양시 만안구 안양동
8830e0353dfffff,19:20:00,8830e03531fffff,13,64.38,14.72,경기 안양시 만안구 안양동
8830e0353dfffff,20:40:00,8830e03531fffff,12,48.0,16.06,경기 안양시 만안구 안양동
8830e0353dfffff,21:00:00,8830e03531fffff,17,61.82,17.42,경기 안양시 만안구 안양동
8830e0355bfffff,7:20:00,8830e035ddfffff,11,65.55,31.69,Beom_Gye
8830e0355bfffff,7:40:00,8830e035ddfffff,10,59.8,25.49,Beom_Gye
8830e0355bfffff,8:00:00,8830e035d7fffff,13,57.69,28.57,경기 안양시 동안구 평촌동
8830e0355bfffff,8:00:00,8830e035ddfffff,32,45.75,18.89,Beom_Gye
8830e0355bfffff,8:20:00,8830e035ddfffff,11,44.73,22.97,Beom_Gye
8830e0355bfffff,9:00:00,8830e035ddfffff,18,43.83,27.86,Beom_Gye
8830e0355bfffff,12:40:00,8830e035ddfffff,10,69.6,25.1,Beom_Gye
8830e0355bfffff,13:00:00,8830e035ddfffff,14,83.21,35.13,Beom_Gye
8830e0355bfffff,15:40:00,8830e035ddfffff,11,69.64,27.74,Beom_Gye
8830e0355bfffff,17:00:00,8830e035ddfffff,11,55.73,27.05,Beom_Gye
8830e03581fffff,9:00:00,8830e035ddfffff,11,87.18,24.86,Beom_Gye
8830e03581fffff,11:00:00,8830e035ddfffff,11,58.36,22.59,Beom_Gye
8830e03581fffff,11:20:00,8830e035ddfffff,16,65.69,27.41,Beom_Gye
8830e03581fffff,15:40:00,8830e035ddfffff,15,70.0,23.19,Beom_Gye
8830e03581fffff,17:40:00,8830e035ddfffff,14,71.21,29.06,Beom_Gye
8830e03583fffff,9:40:00,8830e035ddfffff,10,45.1,28.71,Beom_Gye
8830e03585fffff,7:00:00,8830e0ac83fffff,10,66.5,47.87,서울 구로구 구로동
8830e03585fffff,7:40:00,8830e024dbfffff,12,51.92,39.07,경기 성남시 분당구 서현동
8830e03585fffff,7:40:00,8830e035ddfffff,13,47.46,21.19,Beom_Gye
8830e03585fffff,7:40:00,8830e1530dfffff,12,61.08,54.74,Bundang_Townhall
8830e03585fffff,8:00:00,8830e035ddfffff,39,57.62,26.83,Beom_Gye
8830e03585fffff,8:20:00,8830e035ddfffff,25,58.32,28.66,Beom_Gye
8830e03585fffff,8:40:00,8830e035ddfffff,13,50.46,23.22,Beom_Gye
8830e03585fffff,9:00:00,8830e035ddfffff,14,70.07,28.47,Beom_Gye
8830e03585fffff,9:20:00,8830e035ddfffff,17,65.0,22.97,Beom_Gye
8830e03585fffff,9:40:00,8830e035ddfffff,17,55.71,23.77,Beom_Gye
8830e03585fffff,10:00:00,8830e035ddfffff,19,72.11,25.33,Beom_Gye
8830e03585fffff,10:20:00,8830e035ddfffff,26,60.08,23.32,Beom_Gye
8830e03585fffff,10:40:00,8830e035ddfffff,20,52.8,24.48,Beom_Gye
8830e03585fffff,11:00:00,8830e035ddfffff,15,108.67,32.34,Beom_Gye
8830e03585fffff,11:20:00,8830e035ddfffff,10,50.8,30.56,Beom_Gye
8830e03585fffff,11:40:00,8830e035ddfffff,17,75.82,22.93,Beom_Gye
8830e03585fffff,12:00:00,8830e035ddfffff,13,66.38,25.62,Beom_Gye
8830e03585fffff,12:20:00,8830e035ddfffff,17,60.59,24.79,Beom_Gye
8830e03585fffff,12:40:00,8830e035ddfffff,14,64.21,19.22,Beom_Gye
8830e03585fffff,13:00:00,8830e035ddfffff,19,52.11,25.05,Beom_Gye
8830e03585fffff,13:20:00,8830e035ddfffff,17,77.71,32.63,Beom_Gye
8830e03585fffff,13:40:00,8830e035ddfffff,15,58.47,26.97,Beom_Gye
8830e03585fffff,14:00:00,8830e035ddfffff,14,60.57,25.07,Beom_Gye
8830e03585fffff,14:20:00,8830e035ddfffff,17,63.94,25.11,Beom_Gye
8830e03585fffff,14:40:00,8830e035ddfffff,14,60.36,22.81,Beom_Gye
8830e03585fffff,15:00:00,8830e035ddfffff,17,59.53,29.74,Beom_Gye
8830e03585fffff,15:20:00,8830e035ddfffff,11,43.55,19.3,Beom_Gye
8830e03585fffff,15:40:00,8830e035ddfffff,11,53.82,30.18,Beom_Gye
8830e03585fffff,16:20:00,8830e035d7fffff,10,41.0,22.3,경기 안양시 동안구 평촌동
8830e03585fffff,16:20:00,8830e035ddfffff,15,57.93,30.89,Beom_Gye
8830e03585fffff,16:40:00,8830e035ddfffff,22,51.55,25.86,Beom_Gye
8830e03585fffff,17:00:00,8830e035ddfffff,16,64.0,23.76,Beom_Gye
8830e03585fffff,17:20:00,8830e035ddfffff,24,58.21,27.89,Beom_Gye
8830e03585fffff,17:40:00,8830e035ddfffff,17,62.35,31.03,Beom_Gye
8830e03585fffff,18:00:00,8830e035ddfffff,21,52.1,31.59,Beom_Gye
8830e03585fffff,18:20:00,8830e035ddfffff,19,43.95,23.76,Beom_Gye
8830e03587fffff,8:00:00,8830e035ddfffff,28,55.86,27.09,Beom_Gye
8830e03587fffff,8:20:00,8830e035ddfffff,25,56.08,24.42,Beom_Gye
8830e03587fffff,9:00:00,8830e035ddfffff,16,54.31,21.87,Beom_Gye
8830e03587fffff,9:40:00,8830e035ddfffff,10,45.1,21.55,Beom_Gye
8830e03587fffff,10:20:00,8830e035ddfffff,11,78.27,34.88,Beom_Gye
8830e03587fffff,10:40:00,8830e035ddfffff,10,61.5,27.32,Beom_Gye
8830e03587fffff,11:20:00,8830e035ddfffff,10,109.2,20.87,Beom_Gye
8830e03587fffff,11:40:00,8830e035ddfffff,11,53.91,28.43,Beom_Gye
8830e03587fffff,13:00:00,8830e035ddfffff,11,48.27,25.69,Beom_Gye
8830e03587fffff,15:20:00,8830e035ddfffff,14,51.5,28.04,Beom_Gye
8830e03587fffff,17:20:00,8830e035ddfffff,11,45.0,26.61,Beom_Gye
8830e03589fffff,0:00:00,8830e035d7fffff,13,54.77,22.28,경기 안양시 동안구 평촌동
8830e03589fffff,0:00:00,8830e035ddfffff,19,119.84,22.22,Beom_Gye
8830e03589fffff,6:20:00,8830e035ddfffff,13,123.0,24.46,Beom_Gye
8830e03589fffff,6:40:00,8830e035ddfffff,11,124.73,26.6,Beom_Gye
8830e03589fffff,7:00:00,8830e035ddfffff,24,63.42,21.56,Beom_Gye
8830e03589fffff,7:20:00,8830e035ddfffff,32,76.91,23.79,Beom_Gye
8830e03589fffff,7:40:00,8830e035ddfffff,32,57.13,17.02,Beom_Gye
8830e03589fffff,8:00:00,8830e035ddfffff,38,56.84,24.64,Beom_Gye
8830e03589fffff,8:20:00,8830e035ddfffff,47,57.21,18.0,Beom_Gye
8830e03589fffff,8:40:00,8830e035ddfffff,32,65.75,22.67,Beom_Gye
8830e03589fffff,9:00:00,8830e035ddfffff,54,64.81,23.05,Beom_Gye
8830e03589fffff,9:20:00,8830e035ddfffff,45,58.27,19.63,Beom_Gye
8830e03589fffff,9:40:00,8830e035ddfffff,54,60.94,24.29,Beom_Gye
8830e03589fffff,10:00:00,8830e035ddfffff,33,112.0,26.23,Beom_Gye
8830e03589fffff,10:20:00,8830e035ddfffff,47,62.04,23.89,Beom_Gye
8830e03589fffff,10:40:00,8830e035ddfffff,57,55.95,22.94,Beom_Gye
8830e03589fffff,11:00:00,8830e035ddfffff,47,54.98,20.03,Beom_Gye
8830e03589fffff,11:20:00,8830e035ddfffff,56,60.61,26.63,Beom_Gye
8830e03589fffff,11:40:00,8830e035ddfffff,46,71.0,22.22,Beom_Gye
8830e03589fffff,12:00:00,8830e035ddfffff,35,58.31,23.42,Beom_Gye
8830e03589fffff,12:20:00,8830e035ddfffff,32,63.56,32.93,Beom_Gye
8830e03589fffff,12:40:00,8830e035ddfffff,36,57.31,22.11,Beom_Gye
8830e03589fffff,13:00:00,8830e035d7fffff,16,65.13,19.79,경기 안양시 동안구 평촌동
8830e03589fffff,13:00:00,8830e035ddfffff,44,57.41,19.8,Beom_Gye
8830e03589fffff,13:20:00,8830e035d7fffff,12,65.42,23.05,경기 안양시 동안구 평촌동
8830e03589fffff,13:20:00,8830e035ddfffff,38,44.13,24.64,Beom_Gye
8830e03589fffff,13:40:00,8830e035d7fffff,19,83.47,21.72,경기 안양시 동안구 평촌동
8830e03589fffff,13:40:00,8830e035ddfffff,45,68.49,22.99,Beom_Gye
8830e03589fffff,14:00:00,8830e035ddfffff,44,62.25,26.58,Beom_Gye
8830e03589fffff,14:20:00,8830e035d7fffff,16,67.56,25.46,경기 안양시 동안구 평촌동
8830e03589fffff,14:20:00,8830e035ddfffff,47,68.91,21.1,Beom_Gye
8830e03589fffff,14:40:00,8830e035ddfffff,45,59.27,21.7,Beom_Gye
8830e03589fffff,15:00:00,8830e035ddfffff,65,72.4,28.56,Beom_Gye
8830e03589fffff,15:20:00,8830e035ddfffff,37,56.24,19.61,Beom_Gye
8830e03589fffff,15:40:00,8830e035d7fffff,11,56.27,21.17,경기 안양시 동안구 평촌동
8830e03589fffff,15:40:00,8830e035ddfffff,35,71.0,21.52,Beom_Gye
8830e03589fffff,16:00:00,8830e035d7fffff,18,53.44,18.96,경기 안양시 동안구 평촌동
8830e03589fffff,16:00:00,8830e035ddfffff,30,53.97,22.68,Beom_Gye
8830e03589fffff,16:20:00,8830e035d7fffff,12,60.83,29.25,경기 안양시 동안구 평촌동
8830e03589fffff,16:20:00,8830e035ddfffff,44,101.36,28.4,Beom_Gye
8830e03589fffff,16:40:00,8830e035d7fffff,12,71.08,41.68,경기 안양시 동안구 평촌동
8830e03589fffff,16:40:00,8830e035ddfffff,50,54.86,23.61,Beom_Gye
8830e03589fffff,17:00:00,8830e035ddfffff,35,60.51,22.98,Beom_Gye
8830e03589fffff,17:20:00,8830e035d7fffff,11,44.73,16.85,경기 안양시 동안구 평촌동
8830e03589fffff,17:20:00,8830e035ddfffff,63,55.16,21.66,Beom_Gye
8830e03589fffff,17:40:00,8830e035ddfffff,42,57.69,28.15,Beom_Gye
8830e03589fffff,18:00:00,8830e035ddfffff,45,57.09,20.22,Beom_Gye
8830e03589fffff,18:20:00,8830e035d7fffff,16,64.94,22.77,경기 안양시 동안구 평촌동
8830e03589fffff,18:20:00,8830e035ddfffff,31,56.65,18.4,Beom_Gye
8830e03589fffff,18:40:00,8830e035d7fffff,12,79.42,17.39,경기 안양시 동안구 평촌동
8830e03589fffff,18:40:00,8830e035ddfffff,34,58.68,19.55,Beom_Gye
8830e03589fffff,19:00:00,8830e035ddfffff,32,59.75,20.6,Beom_Gye
8830e03589fffff,19:20:00,8830e035ddfffff,34,56.53,22.75,Beom_Gye
8830e03589fffff,19:40:00,8830e035d7fffff,10,50.3,26.07,경기 안양시 동안구 평촌동
8830e03589fffff,19:40:00,8830e035ddfffff,28,57.0,20.96,Beom_Gye
8830e03589fffff,20:00:00,8830e035ddfffff,25,56.68,22.0,Beom_Gye
8830e03589fffff,20:20:00,8830e035ddfffff,27,70.74,26.48,Beom_Gye
8830e03589fffff,20:40:00,8830e035ddfffff,19,49.89,18.93,Beom_Gye
8830e03589fffff,21:00:00,8830e035ddfffff,28,62.29,18.1,Beom_Gye
8830e03589fffff,21:20:00,8830e035ddfffff,16,59.63,22.71,Beom_Gye
8830e03589fffff,21:40:00,8830e035ddfffff,15,48.67,23.46,Beom_Gye
8830e03589fffff,22:00:00,8830e035d7fffff,13,51.69,25.62,경기 안양시 동안구 평촌동
8830e03589fffff,22:20:00,8830e035ddfffff,10,57.5,18.88,Beom_Gye
8830e0358bfffff,0:00:00,8830e035d7fffff,39,58.26,19.19,경기 안양시 동안구 평촌동
8830e0358bfffff,6:40:00,8830e035d7fffff,12,118.5,24.42,경기 안양시 동안구 평촌동
8830e0358bfffff,7:00:00,8830e035d7fffff,15,73.67,29.98,경기 안양시 동안구 평촌동
8830e0358bfffff,7:40:00,8830e035d7fffff,19,80.47,18.78,경기 안양시 동안구 평촌동
8830e0358bfffff,7:40:00,8830e035ddfffff,12,48.67,15.2,Beom_Gye
8830e0358bfffff,8:00:00,8830e035ddfffff,27,55.33,21.7,Beom_Gye
8830e0358bfffff,8:20:00,8830e035d7fffff,16,81.25,34.37,경기 안양시 동안구 평촌동
8830e0358bfffff,8:20:00,8830e035ddfffff,17,71.82,24.16,Beom_Gye
8830e0358bfffff,8:40:00,8830e035d7fffff,12,52.58,18.0,경기 안양시 동안구 평촌동
8830e0358bfffff,8:40:00,8830e035ddfffff,12,46.5,25.92,Beom_Gye
8830e0358bfffff,9:00:00,8830e035d7fffff,17,65.59,20.67,경기 안양시 동안구 평촌동
8830e0358bfffff,9:00:00,8830e035ddfffff,13,58.23,26.29,Beom_Gye
8830e0358bfffff,9:20:00,8830e035d7fffff,19,95.16,25.11,경기 안양시 동안구 평촌동
8830e0358bfffff,9:20:00,8830e035ddfffff,30,64.93,21.21,Beom_Gye
8830e0358bfffff,9:40:00,8830e035d7fffff,14,87.64,25.03,경기 안양시 동안구 평촌동
8830e0358bfffff,9:40:00,8830e035ddfffff,22,61.95,20.77,Beom_Gye
8830e0358bfffff,10:00:00,8830e035d7fffff,15,66.4,23.42,경기 안양시 동안구 평촌동
8830e0358bfffff,10:00:00,8830e035ddfffff,30,51.43,34.0,Beom_Gye
8830e0358bfffff,10:20:00,8830e035d7fffff,11,117.27,40.06,경기 안양시 동안구 평촌동
8830e0358bfffff,10:20:00,8830e035ddfffff,20,48.95,21.15,Beom_Gye
8830e0358bfffff,10:40:00,8830e035d7fffff,11,83.36,23.12,경기 안양시 동안구 평촌동
8830e0358bfffff,10:40:00,8830e035ddfffff,20,46.85,26.24,Beom_Gye
8830e0358bfffff,11:00:00,8830e035d7fffff,12,95.33,15.55,경기 안양시 동안구 평촌동
8830e0358bfffff,11:00:00,8830e035ddfffff,30,62.9,31.94,Beom_Gye
8830e0358bfffff,11:20:00,8830e035ddfffff,28,68.68,24.72,Beom_Gye
8830e0358bfffff,11:40:00,8830e035ddfffff,16,78.0,26.74,Beom_Gye
8830e0358bfffff,12:00:00,8830e035d7fffff,21,70.29,37.6,경기 안양시 동안구 평촌동
8830e0358bfffff,12:00:00,8830e035ddfffff,11,46.27,22.65,Beom_Gye
8830e0358bfffff,12:20:00,8830e035d7fffff,13,80.0,25.56,경기 안양시 동안구 평촌동
8830e0358bfffff,12:20:00,8830e035ddfffff,11,116.45,33.87,Beom_Gye
8830e0358bfffff,12:40:00,8830e035d7fffff,22,64.0,29.48,경기 안양시 동안구 평촌동
8830e0358bfffff,12:40:00,8830e035ddfffff,18,59.89,33.38,Beom_Gye
8830e0358bfffff,13:00:00,8830e035d7fffff,12,139.5,40.19,경기 안양시 동안구 평촌동
8830e0358bfffff,13:00:00,8830e035ddfffff,19,59.79,19.44,Beom_Gye
8830e0358bfffff,13:20:00,8830e035d7fffff,18,74.44,25.57,경기 안양시 동안구 평촌동
8830e0358bfffff,13:20:00,8830e035ddfffff,13,111.15,23.57,Beom_Gye
8830e0358bfffff,13:40:00,8830e035ddfffff,14,55.43,35.32,Beom_Gye
8830e0358bfffff,14:00:00,8830e035d7fffff,18,63.0,20.24,경기 안양시 동안구 평촌동
8830e0358bfffff,14:00:00,8830e035ddfffff,21,52.05,18.14,Beom_Gye
8830e0358bfffff,14:20:00,8830e035d7fffff,16,52.5,17.1,경기 안양시 동안구 평촌동
8830e0358bfffff,14:20:00,8830e035ddfffff,18,61.06,28.36,Beom_Gye
8830e0358bfffff,14:40:00,8830e035d7fffff,16,51.5,27.09,경기 안양시 동안구 평촌동
8830e0358bfffff,14:40:00,8830e035ddfffff,22,58.23,26.96,Beom_Gye
8830e0358bfffff,15:00:00,8830e035d7fffff,14,72.14,21.68,경기 안양시 동안구 평촌동
8830e0358bfffff,15:00:00,8830e035ddfffff,17,65.53,22.55,Beom_Gye
8830e0358bfffff,15:20:00,8830e035d7fffff,20,58.85,22.67,경기 안양시 동안구 평촌동
8830e0358bfffff,15:20:00,8830e035ddfffff,12,60.75,22.52,Beom_Gye
8830e0358bfffff,15:40:00,8830e035d7fffff,18,80.44,26.54,경기 안양시 동안구 평촌동
8830e0358bfffff,15:40:00,8830e035ddfffff,16,56.75,25.16,Beom_Gye
8830e0358bfffff,16:00:00,8830e035d7fffff,10,75.6,25.06,경기 안양시 동안구 평촌동
8830e0358bfffff,16:20:00,8830e035d7fffff,16,52.69,25.53,경기 안양시 동안구 평촌동
8830e0358bfffff,16:20:00,8830e035ddfffff,12,149.92,23.02,Beom_Gye
8830e0358bfffff,16:40:00,8830e035d7fffff,14,85.21,20.4,경기 안양시 동안구 평촌동
8830e0358bfffff,16:40:00,8830e035ddfffff,17,65.06,22.04,Beom_Gye
8830e0358bfffff,17:00:00,8830e035d7fffff,16,62.0,24.81,경기 안양시 동안구 평촌동
8830e0358bfffff,17:00:00,8830e035ddfffff,15,49.73,25.5,Beom_Gye
8830e0358bfffff,17:20:00,8830e035d7fffff,12,73.92,23.13,경기 안양시 동안구 평촌동
8830e0358bfffff,17:20:00,8830e035ddfffff,15,54.87,17.83,Beom_Gye
8830e0358bfffff,17:40:00,8830e035d7fffff,16,75.94,23.42,경기 안양시 동안구 평촌동
8830e0358bfffff,18:00:00,8830e035d7fffff,16,56.06,21.39,경기 안양시 동안구 평촌동
8830e0358bfffff,18:00:00,8830e035ddfffff,12,56.42,29.62,Beom_Gye
8830e0358bfffff,18:20:00,8830e035d7fffff,13,56.15,16.87,경기 안양시 동안구 평촌동
8830e0358bfffff,18:40:00,8830e035d7fffff,10,59.4,26.16,경기 안양시 동안구 평촌동
8830e0358bfffff,18:40:00,8830e035ddfffff,11,44.18,23.0,Beom_Gye
8830e0358bfffff,19:20:00,8830e035d7fffff,11,81.0,22.43,경기 안양시 동안구 평촌동
8830e0358bfffff,19:40:00,8830e035ddfffff,13,86.62,25.07,Beom_Gye
8830e0358bfffff,20:00:00,8830e035d7fffff,12,57.42,17.22,경기 안양시 동안구 평촌동
8830e0358bfffff,20:40:00,8830e035d7fffff,14,54.5,29.07,경기 안양시 동안구 평촌동
8830e0358bfffff,21:00:00,8830e035d7fffff,11,63.27,34.84,경기 안양시 동안구 평촌동
8830e0358bfffff,21:20:00,8830e035d7fffff,13,54.38,30.64,경기 안양시 동안구 평촌동
8830e0358bfffff,21:40:00,8830e035d7fffff,12,73.42,23.97,경기 안양시 동안구 평촌동
8830e0358bfffff,22:00:00,8830e035d7fffff,17,52.71,28.27,경기 안양시 동안구 평촌동
8830e0358bfffff,22:40:00,8830e035d7fffff,10,62.8,12.16,경기 안양시 동안구 평촌동
8830e0358bfffff,23:00:00,8830e035d7fffff,10,49.2,27.95,경기 안양시 동안구 평촌동
8830e0358dfffff,8:00:00,8830e035ddfffff,26,46.88,23.1,Beom_Gye
8830e0358dfffff,8:20:00,8830e035ddfffff,21,68.1,29.26,Beom_Gye
8830e0358dfffff,8:40:00,8830e035ddfffff,13,39.15,24.13,Beom_Gye
8830e0358dfffff,9:00:00,8830e035ddfffff,15,156.47,30.13,Beom_Gye
8830e0358dfffff,9:20:00,8830e035ddfffff,18,107.61,30.26,Beom_Gye
8830e0358dfffff,9:40:00,8830e035ddfffff,20,81.7,24.08,Beom_Gye
8830e0358dfffff,10:00:00,8830e035d7fffff,13,76.92,28.85,경기 안양시 동안구 평촌동
8830e0358dfffff,10:00:00,8830e035ddfffff,11,55.0,18.73,Beom_Gye
8830e0358dfffff,10:20:00,8830e035ddfffff,23,71.74,25.96,Beom_Gye
8830e0358dfffff,10:40:00,8830e035ddfffff,18,69.28,26.09,Beom_Gye
8830e0358dfffff,11:00:00,8830e035ddfffff,13,50.92,18.91,Beom_Gye
8830e0358dfffff,11:20:00,8830e035ddfffff,16,96.0,24.96,Beom_Gye
8830e0358dfffff,11:40:00,8830e035ddfffff,12,68.25,26.35,Beom_Gye
8830e0358dfffff,12:00:00,8830e035ddfffff,16,53.19,20.28,Beom_Gye
8830e0358dfffff,12:20:00,8830e035ddfffff,15,74.53,23.69,Beom_Gye
8830e0358dfffff,12:40:00,8830e035ddfffff,27,53.56,26.26,Beom_Gye
8830e0358dfffff,13:00:00,8830e035ddfffff,17,77.59,32.87,Beom_Gye
8830e0358dfffff,13:20:00,8830e035ddfffff,18,73.61,30.16,Beom_Gye
8830e0358dfffff,13:40:00,8830e035ddfffff,24,65.96,23.23,Beom_Gye
8830e0358dfffff,14:00:00,8830e035ddfffff,18,52.89,20.39,Beom_Gye
8830e0358dfffff,14:20:00,8830e035ddfffff,29,54.72,26.11,Beom_Gye
8830e0358dfffff,14:40:00,8830e035ddfffff,23,54.43,25.1,Beom_Gye
8830e0358dfffff,15:00:00,8830e035ddfffff,19,63.63,24.21,Beom_Gye
8830e0358dfffff,15:20:00,8830e035ddfffff,24,54.0,27.8,Beom_Gye
8830e0358dfffff,15:40:00,8830e035ddfffff,15,42.07,25.62,Beom_Gye
8830e0358dfffff,16:00:00,8830e035ddfffff,11,57.73,21.49,Beom_Gye
8830e0358dfffff,16:20:00,8830e035ddfffff,31,55.35,26.85,Beom_Gye
8830e0358dfffff,16:40:00,8830e035ddfffff,25,54.64,22.58,Beom_Gye
8830e0358dfffff,17:00:00,8830e035ddfffff,27,64.33,25.7,Beom_Gye
8830e0358dfffff,17:20:00,8830e035d7fffff,11,47.36,19.44,경기 안양시 동안구 평촌동
8830e0358dfffff,17:20:00,8830e035ddfffff,36,85.78,24.21,Beom_Gye
8830e0358dfffff,17:40:00,8830e035d7fffff,12,76.75,22.37,경기 안양시 동안구 평촌동
8830e0358dfffff,17:40:00,8830e035ddfffff,26,48.42,25.08,Beom_Gye
8830e0358dfffff,18:00:00,8830e035ddfffff,37,76.62,24.74,Beom_Gye
8830e0358dfffff,18:20:00,8830e035ddfffff,20,46.1,22.61,Beom_Gye
8830e0358dfffff,18:40:00,8830e035ddfffff,16,43.63,22.02,Beom_Gye
8830e0358dfffff,19:40:00,8830e035ddfffff,15,46.6,29.17,Beom_Gye
8830e0358dfffff,20:00:00,8830e035ddfffff,10,64.9,28.02,Beom_Gye
8830e03591fffff,0:00:00,8830e035d7fffff,15,47.47,16.73,경기 안양시 동안구 평촌동
8830e03599fffff,0:00:00,8830e035d7fffff,88,49.8,15.15,경기 안양시 동안구 평촌동
8830e03599fffff,0:40:00,8830e035d7fffff,14,53.14,16.77,경기 안양시 동안구 평촌동
8830e03599fffff,1:00:00,8830e035d7fffff,11,57.45,16.18,경기 안양시 동안구 평촌동
8830e03599fffff,1:20:00,8830e035d7fffff,12,42.92,15.49,경기 안양시 동안구 평촌동
8830e03599fffff,3:00:00,8830e035d7fffff,11,73.27,16.98,경기 안양시 동안구 평촌동
8830e03599fffff,4:40:00,8830e035d7fffff,10,48.3,21.28,경기 안양시 동안구 평촌동
8830e03599fffff,5:00:00,8830e035d7fffff,15,56.67,14.33,경기 안양시 동안구 평촌동
8830e03599fffff,5:20:00,8830e035d7fffff,19,113.32,36.79,경기 안양시 동안구 평촌동
8830e03599fffff,5:40:00,8830e035d7fffff,23,129.7,20.19,경기 안양시 동안구 평촌동
8830e03599fffff,6:00:00,8830e035d7fffff,25,174.16,23.99,경기 안양시 동안구 평촌동
8830e03599fffff,6:20:00,8830e035d7fffff,28,93.5,23.72,경기 안양시 동안구 평촌동
8830e03599fffff,6:40:00,8830e035d7fffff,31,115.42,25.69,경기 안양시 동안구 평촌동
8830e03599fffff,7:00:00,8830e035d7fffff,33,92.64,25.91,경기 안양시 동안구 평촌동
8830e03599fffff,7:20:00,8830e035d7fffff,24,72.13,23.45,경기 안양시 동안구 평촌동
8830e03599fffff,7:20:00,8830e035ddfffff,17,61.65,27.79,Beom_Gye
8830e03599fffff,7:20:00,8830e1530dfffff,13,74.15,35.66,Bundang_Townhall
8830e03599fffff,7:40:00,8830e035d7fffff,37,71.51,21.61,경기 안양시 동안구 평촌동
8830e03599fffff,8:00:00,8830e035d7fffff,40,63.25,22.33,경기 안양시 동안구 평촌동
8830e03599fffff,8:00:00,8830e035ddfffff,12,37.08,20.63,Beom_Gye
8830e03599fffff,8:20:00,8830e035d7fffff,30,79.2,24.05,경기 안양시 동안구 평촌동
8830e03599fffff,8:20:00,8830e035ddfffff,25,63.04,21.96,Beom_Gye
8830e03599fffff,8:20:00,8830e1530dfffff,10,53.2,55.54,Bundang_Townhall
8830e03599fffff,8:40:00,8830e035d7fffff,59,88.88,21.57,경기 안양시 동안구 평촌동
8830e03599fffff,8:40:00,8830e035ddfffff,15,75.4,28.03,Beom_Gye
8830e03599fffff,9:00:00,8830e035d7fffff,46,67.85,20.93,경기 안양시 동안구 평촌동
8830e03599fffff,9:00:00,8830e035ddfffff,14,81.21,27.48,Beom_Gye
8830e03599fffff,9:20:00,8830e035d7fffff,70,60.79,25.17,경기 안양시 동안구 평촌동
8830e03599fffff,9:20:00,8830e035ddfffff,15,72.6,29.11,Beom_Gye
8830e03599fffff,9:40:00,8830e035d7fffff,44,63.39,22.27,경기 안양시 동안구 평촌동
8830e03599fffff,9:40:00,8830e035ddfffff,11,51.91,20.67,Beom_Gye
8830e03599fffff,10:00:00,8830e035d7fffff,39,66.15,22.56,경기 안양시 동안구 평촌동
8830e03599fffff,10:00:00,8830e035ddfffff,14,50.93,24.3,Beom_Gye
8830e03599fffff,10:20:00,8830e035d7fffff,53,68.89,25.4,경기 안양시 동안구 평촌동
8830e03599fffff,10:20:00,8830e035ddfffff,12,62.58,35.93,Beom_Gye
8830e03599fffff,10:40:00,8830e035d7fffff,52,65.56,24.27,경기 안양시 동안구 평촌동
8830e03599fffff,10:40:00,8830e035ddfffff,13,65.46,29.23,Beom_Gye
8830e03599fffff,11:00:00,8830e035d7fffff,52,67.79,27.22,경기 안양시 동안구 평촌동
8830e03599fffff,11:00:00,8830e035ddfffff,11,46.82,21.34,Beom_Gye
8830e03599fffff,11:20:00,8830e035d7fffff,42,67.55,23.62,경기 안양시 동안구 평촌동
8830e03599fffff,11:20:00,8830e035ddfffff,18,58.44,24.36,Beom_Gye
8830e03599fffff,11:40:00,8830e035d7fffff,43,51.4,23.61,경기 안양시 동안구 평촌동
8830e03599fffff,11:40:00,8830e035ddfffff,18,54.56,22.19,Beom_Gye
8830e03599fffff,12:00:00,8830e035d7fffff,41,60.22,20.57,경기 안양시 동안구 평촌동
8830e03599fffff,12:00:00,8830e035ddfffff,15,71.4,25.42,Beom_Gye
8830e03599fffff,12:20:00,8830e035d7fffff,71,75.03,24.18,경기 안양시 동안구 평촌동
8830e03599fffff,12:40:00,8830e035d7fffff,56,75.57,24.6,경기 안양시 동안구 평촌동
8830e03599fffff,12:40:00,8830e035ddfffff,17,66.41,29.29,Beom_Gye
8830e03599fffff,13:00:00,8830e035d7fffff,43,82.56,23.9,경기 안양시 동안구 평촌동
8830e03599fffff,13:20:00,8830e035d7fffff,43,71.33,23.17,경기 안양시 동안구 평촌동
8830e03599fffff,13:20:00,8830e035ddfffff,14,62.0,22.19,Beom_Gye
8830e03599fffff,13:40:00,8830e035d7fffff,54,74.31,24.82,경기 안양시 동안구 평촌동
8830e03599fffff,13:40:00,8830e035ddfffff,14,47.14,21.81,Beom_Gye
8830e03599fffff,14:00:00,8830e035d7fffff,62,68.61,22.99,경기 안양시 동안구 평촌동
8830e03599fffff,14:00:00,8830e035ddfffff,12,56.67,24.5,Beom_Gye
8830e03599fffff,14:20:00,8830e035d7fffff,58,69.22,23.53,경기 안양시 동안구 평촌동
8830e03599fffff,14:20:00,8830e035ddfffff,16,52.25,31.04,Beom_Gye
8830e03599fffff,14:40:00,8830e035d7fffff,71,64.18,24.78,경기 안양시 동안구 평촌동
8830e03599fffff,14:40:00,8830e035ddfffff,13,52.54,23.16,Beom_Gye
8830e03599fffff,15:00:00,8830e035d7fffff,54,66.96,20.8,경기 안양시 동안구 평촌동
8830e03599fffff,15:20:00,8830e035d7fffff,65,54.8,25.73,경기 안양시 동안구 평촌동
8830e03599fffff,15:20:00,8830e035ddfffff,11,45.45,19.35,Beom_Gye
8830e03599fffff,15:40:00,8830e035d7fffff,61,64.79,26.13,경기 안양시 동안구 평촌동
8830e03599fffff,16:00:00,8830e035d7fffff,55,79.33,22.0,경기 안양시 동안구 평촌동
8830e03599fffff,16:00:00,8830e035ddfffff,14,52.5,19.85,Beom_Gye
8830e03599fffff,16:20:00,8830e035d7fffff,61,61.74,22.72,경기 안양시 동안구 평촌동
8830e03599fffff,16:20:00,8830e035ddfffff,17,51.59,24.23,Beom_Gye
8830e03599fffff,16:40:00,8830e035d7fffff,53,60.3,19.75,경기 안양시 동안구 평촌동
8830e03599fffff,17:00:00,8830e035d7fffff,49,60.51,23.8,경기 안양시 동안구 평촌동
8830e03599fffff,17:00:00,8830e035ddfffff,10,50.0,29.04,Beom_Gye
8830e03599fffff,17:20:00,8830e035d7fffff,40,76.93,19.56,경기 안양시 동안구 평촌동
8830e03599fffff,17:20:00,8830e035ddfffff,17,51.06,20.76,Beom_Gye
8830e03599fffff,17:40:00,8830e035d7fffff,41,68.24,17.58,경기 안양시 동안구 평촌동
8830e03599fffff,17:40:00,8830e035ddfffff,17,51.76,24.09,Beom_Gye
8830e03599fffff,18:00:00,8830e035d7fffff,41,59.37,24.98,경기 안양시 동안구 평촌동
8830e03599fffff,18:00:00,8830e035ddfffff,21,58.29,26.67,Beom_Gye
8830e03599fffff,18:20:00,8830e035d7fffff,36,58.19,22.83,경기 안양시 동안구 평촌동
8830e03599fffff,18:20:00,8830e035ddfffff,12,43.58,23.14,Beom_Gye
8830e03599fffff,18:40:00,8830e035d7fffff,40,53.28,18.57,경기 안양시 동안구 평촌동
8830e03599fffff,18:40:00,8830e035ddfffff,11,48.45,23.63,Beom_Gye
8830e03599fffff,19:00:00,8830e035d7fffff,38,65.32,19.3,경기 안양시 동안구 평촌동
8830e03599fffff,19:00:00,8830e035ddfffff,16,46.19,28.99,Beom_Gye
8830e03599fffff,19:20:00,8830e035d7fffff,39,59.36,21.03,경기 안양시 동안구 평촌동
8830e03599fffff,19:40:00,8830e035d7fffff,35,53.2,24.08,경기 안양시 동안구 평촌동
8830e03599fffff,20:00:00,8830e035d7fffff,40,64.78,21.66,경기 안양시 동안구 평촌동
8830e03599fffff,20:20:00,8830e035d7fffff,33,50.15,17.79,경기 안양시 동안구 평촌동
8830e03599fffff,20:40:00,8830e035d7fffff,34,56.68,21.8,경기 안양시 동안구 평촌동
8830e03599fffff,21:00:00,8830e035d7fffff,34,56.35,27.03,경기 안양시 동안구 평촌동
8830e03599fffff,21:20:00,8830e035d7fffff,37,51.49,26.22,경기 안양시 동안구 평촌동
8830e03599fffff,21:40:00,8830e035d7fffff,36,51.44,24.51,경기 안양시 동안구 평촌동
8830e03599fffff,22:00:00,8830e035d7fffff,31,52.42,18.01,경기 안양시 동안구 평촌동
8830e03599fffff,22:20:00,8830e035d7fffff,24,58.21,24.96,경기 안양시 동안구 평촌동
8830e03599fffff,22:40:00,8830e035d7fffff,21,50.48,15.17,경기 안양시 동안구 평촌동
8830e03599fffff,23:00:00,8830e035d7fffff,26,46.62,10.99,경기 안양시 동안구 평촌동
8830e03599fffff,23:20:00,8830e035d7fffff,21,33.71,15.29,경기 안양시 동안구 평촌동
8830e0359bfffff,10:00:00,8830e035ddfffff,10,59.8,25.05,Beom_Gye
8830e0359bfffff,13:20:00,8830e035ddfffff,14,63.71,23.37,Beom_Gye
8830e0359bfffff,17:00:00,8830e035ddfffff,11,51.36,30.1,Beom_Gye
8830e0359dfffff,0:00:00,8830e035d7fffff,109,52.85,14.68,경기 안양시 동안구 평촌동
8830e0359dfffff,0:40:00,8830e035d7fffff,19,68.84,18.76,경기 안양시 동안구 평촌동
8830e0359dfffff,1:00:00,8830e035d7fffff,17,60.71,12.66,경기 안양시 동안구 평촌동
8830e0359dfffff,1:20:00,8830e035d7fffff,21,54.19,17.18,경기 안양시 동안구 평촌동
8830e0359dfffff,3:00:00,8830e035d7fffff,11,52.82,18.56,경기 안양시 동안구 평촌동
8830e0359dfffff,3:20:00,8830e035d7fffff,12,61.0,16.53,경기 안양시 동안구 평촌동
8830e0359dfffff,4:00:00,8830e035d7fffff,10,55.1,25.83,경기 안양시 동안구 평촌동
8830e0359dfffff,4:20:00,8830e035d7fffff,12,66.17,21.95,경기 안양시 동안구 평촌동
8830e0359dfffff,4:40:00,8830e035d7fffff,10,119.9,28.02,경기 안양시 동안구 평촌동
8830e0359dfffff,5:00:00,8830e035d7fffff,23,117.04,24.35,경기 안양시 동안구 평촌동
8830e0359dfffff,5:20:00,8830e035d7fffff,13,49.46,26.44,경기 안양시 동안구 평촌동
8830e0359dfffff,5:40:00,8830e035d7fffff,13,75.15,16.7,경기 안양시 동안구 평촌동
8830e0359dfffff,6:00:00,8830e035d7fffff,27,90.67,26.94,경기 안양시 동안구 평촌동
8830e0359dfffff,6:20:00,8830e035d7fffff,23,98.96,24.41,경기 안양시 동안구 평촌동
8830e0359dfffff,6:40:00,8830e035d7fffff,24,64.75,25.76,경기 안양시 동안구 평촌동
8830e0359dfffff,7:00:00,8830e035d7fffff,26,80.69,26.39,경기 안양시 동안구 평촌동
8830e0359dfffff,7:20:00,8830e035d7fffff,30,60.37,23.14,경기 안양시 동안구 평촌동
8830e0359dfffff,7:40:00,8830e035d7fffff,23,70.61,21.88,경기 안양시 동안구 평촌동
8830e0359dfffff,8:00:00,8830e035d7fffff,37,70.95,24.27,경기 안양시 동안구 평촌동
8830e0359dfffff,8:00:00,8830e035ddfffff,17,48.88,21.49,Beom_Gye
8830e0359dfffff,8:20:00,8830e035d7fffff,45,59.16,19.83,경기 안양시 동안구 평촌동
8830e0359dfffff,8:20:00,8830e035ddfffff,13,59.15,20.4,Beom_Gye
8830e0359dfffff,8:40:00,8830e035d7fffff,33,60.91,22.2,경기 안양시 동안구 평촌동
8830e0359dfffff,8:40:00,8830e035ddfffff,10,70.5,32.43,Beom_Gye
8830e0359dfffff,9:00:00,8830e035d7fffff,41,73.41,28.45,경기 안양시 동안구 평촌동
8830e0359dfffff,9:00:00,8830e035ddfffff,16,44.0,24.09,Beom_Gye
8830e0359dfffff,9:20:00,8830e035d7fffff,51,75.49,26.41,경기 안양시 동안구 평촌동
8830e0359dfffff,9:20:00,8830e035ddfffff,20,47.35,30.87,Beom_Gye
8830e0359dfffff,9:40:00,8830e035d7fffff,51,67.27,19.11,경기 안양시 동안구 평촌동
8830e0359dfffff,9:40:00,8830e035ddfffff,13,80.08,20.05,Beom_Gye
8830e0359dfffff,10:00:00,8830e035d7fffff,39,80.95,21.99,경기 안양시 동안구 평촌동
8830e0359dfffff,10:20:00,8830e035d7fffff,48,68.75,29.51,경기 안양시 동안구 평촌동
8830e0359dfffff,10:40:00,8830e035d7fffff,52,84.4,29.15,경기 안양시 동안구 평촌동
8830e0359dfffff,10:40:00,8830e035ddfffff,13,66.69,18.86,Beom_Gye
8830e0359dfffff,11:00:00,8830e035d7fffff,41,57.0,25.09,경기 안양시 동안구 평촌동
8830e0359dfffff,11:00:00,8830e035ddfffff,13,45.62,25.39,Beom_Gye
8830e0359dfffff,11:20:00,8830e035d7fffff,27,66.04,27.93,경기 안양시 동안구 평촌동
8830e0359dfffff,11:20:00,8830e035ddfffff,11,45.55,26.26,Beom_Gye
8830e0359dfffff,11:40:00,8830e035d7fffff,39,72.44,28.03,경기 안양시 동안구 평촌동
8830e0359dfffff,11:40:00,8830e035ddfffff,11,57.36,33.03,Beom_Gye
8830e0359dfffff,12:00:00,8830e035d7fffff,41,63.68,19.24,경기 안양시 동안구 평촌동
8830e0359dfffff,12:00:00,8830e035ddfffff,17,127.35,25.36,Beom_Gye
8830e0359dfffff,12:20:00,8830e035d7fffff,47,67.38,22.1,경기 안양시 동안구 평촌동
8830e0359dfffff,12:20:00,8830e035ddfffff,15,58.2,26.66,Beom_Gye
8830e0359dfffff,12:40:00,8830e035d7fffff,46,89.2,22.65,경기 안양시 동안구 평촌동
8830e0359dfffff,12:40:00,8830e035ddfffff,17,51.18,32.0,Beom_Gye
8830e0359dfffff,13:00:00,8830e035d7fffff,42,65.6,25.7,경기 안양시 동안구 평촌동
8830e0359dfffff,13:00:00,8830e035ddfffff,20,60.6,25.77,Beom_Gye
8830e0359dfffff,13:20:00,8830e035d7fffff,47,65.74,21.35,경기 안양시 동안구 평촌동
8830e0359dfffff,13:20:00,8830e035ddfffff,21,73.9,23.3,Beom_Gye
8830e0359dfffff,13:40:00,8830e035d7fffff,39,69.97,26.69,경기 안양시 동안구 평촌동
8830e0359dfffff,13:40:00,8830e035ddfffff,15,65.8,30.76,Beom_Gye
8830e0359dfffff,14:00:00,8830e035d7fffff,52,70.54,21.33,경기 안양시 동안구 평촌동
8830e0359dfffff,14:00:00,8830e035ddfffff,16,56.06,27.21,Beom_Gye
8830e0359dfffff,14:20:00,8830e035d7fffff,36,60.53,24.94,경기 안양시 동안구 평촌동
8830e0359dfffff,14:20:00,8830e035ddfffff,19,63.84,23.27,Beom_Gye
8830e0359dfffff,14:40:00,8830e035d7fffff,46,59.76,24.2,경기 안양시 동안구 평촌동
8830e0359dfffff,14:40:00,8830e035ddfffff,13,75.92,24.16,Beom_Gye
8830e0359dfffff,15:00:00,8830e035d7fffff,47,86.47,23.36,경기 안양시 동안구 평촌동
8830e0359dfffff,15:00:00,8830e035ddfffff,15,57.6,23.92,Beom_Gye
8830e0359dfffff,15:20:00,8830e035d7fffff,39,61.95,21.81,경기 안양시 동안구 평촌동
8830e0359dfffff,15:20:00,8830e035ddfffff,13,51.08,25.59,Beom_Gye
8830e0359dfffff,15:40:00,8830e035d7fffff,38,58.76,18.34,경기 안양시 동안구 평촌동
8830e0359dfffff,15:40:00,8830e035ddfffff,16,70.06,24.13,Beom_Gye
8830e0359dfffff,16:00:00,8830e035d7fffff,41,57.78,21.11,경기 안양시 동안구 평촌동
8830e0359dfffff,16:00:00,8830e035ddfffff,10,54.9,19.39,Beom_Gye
8830e0359dfffff,16:20:00,8830e035d7fffff,42,70.81,21.47,경기 안양시 동안구 평촌동
8830e0359dfffff,16:20:00,8830e035ddfffff,12,58.83,28.15,Beom_Gye
8830e0359dfffff,16:40:00,8830e035d7fffff,47,58.83,20.19,경기 안양시 동안구 평촌동
8830e0359dfffff,16:40:00,8830e035ddfffff,17,62.71,25.77,Beom_Gye
8830e0359dfffff,17:00:00,8830e035d7fffff,47,57.0,21.12,경기 안양시 동안구 평촌동
8830e0359dfffff,17:00:00,8830e035ddfffff,14,69.14,27.05,Beom_Gye
8830e0359dfffff,17:20:00,8830e035d7fffff,35,58.37,20.76,경기 안양시 동안구 평촌동
8830e0359dfffff,17:20:00,8830e035ddfffff,20,82.75,29.11,Beom_Gye
8830e0359dfffff,17:40:00,8830e035d7fffff,48,64.25,21.6,경기 안양시 동안구 평촌동
8830e0359dfffff,17:40:00,8830e035ddfffff,16,58.25,26.83,Beom_Gye
8830e0359dfffff,18:00:00,8830e035d7fffff,31,56.81,20.75,경기 안양시 동안구 평촌동
8830e0359dfffff,18:00:00,8830e035ddfffff,15,66.13,26.7,Beom_Gye
8830e0359dfffff,18:20:00,8830e035d7fffff,27,50.7,24.61,경기 안양시 동안구 평촌동
8830e0359dfffff,18:20:00,8830e035ddfffff,15,59.47,23.37,Beom_Gye
8830e0359dfffff,18:40:00,8830e035d7fffff,31,57.77,21.98,경기 안양시 동안구 평촌동
8830e0359dfffff,19:00:00,8830e035d7fffff,36,51.5,20.58,경기 안양시 동안구 평촌동
8830e0359dfffff,19:20:00,8830e035d7fffff,39,57.51,20.71,경기 안양시 동안구 평촌동
8830e0359dfffff,19:40:00,8830e035d7fffff,38,56.76,23.21,경기 안양시 동안구 평촌동
8830e0359dfffff,20:00:00,8830e035d7fffff,29,52.59,18.43,경기 안양시 동안구 평촌동
8830e0359dfffff,20:00:00,8830e035ddfffff,14,71.86,23.53,Beom_Gye
8830e0359dfffff,20:20:00,8830e035d7fffff,34,60.15,23.67,경기 안양시 동안구 평촌동
8830e0359dfffff,20:40:00,8830e035d7fffff,25,58.2,21.4,경기 안양시 동안구 평촌동
8830e0359dfffff,21:00:00,8830e035d7fffff,32,65.59,23.87,경기 안양시 동안구 평촌동
8830e0359dfffff,21:20:00,8830e035d7fffff,31,54.58,20.69,경기 안양시 동안구 평촌동
8830e0359dfffff,21:40:00,8830e035d7fffff,35,52.0,20.66,경기 안양시 동안구 평촌동
8830e0359dfffff,22:00:00,8830e035d7fffff,29,64.79,19.3,경기 안양시 동안구 평촌동
8830e0359dfffff,22:20:00,8830e035d7fffff,27,50.26,18.88,경기 안양시 동안구 평촌동
8830e0359dfffff,22:40:00,8830e035d7fffff,15,56.07,13.7,경기 안양시 동안구 평촌동
8830e0359dfffff,23:00:00,8830e035d7fffff,24,46.46,16.45,경기 안양시 동안구 평촌동
8830e0359dfffff,23:20:00,8830e035d7fffff,24,35.13,11.08,경기 안양시 동안구 평촌동
8830e035a1fffff,16:40:00,8830e035ddfffff,10,55.6,36.8,Beom_Gye
8830e035a1fffff,17:20:00,8830e035ddfffff,14,51.43,25.44,Beom_Gye
8830e035a1fffff,18:00:00,8830e035ddfffff,16,45.75,39.67,Beom_Gye
8830e035a3fffff,8:40:00,8830e035ddfffff,10,59.7,21.2,Beom_Gye
8830e035a3fffff,15:40:00,8830e035ddfffff,12,86.67,30.23,Beom_Gye
8830e035a3fffff,17:00:00,8830e035ddfffff,11,101.64,23.91,Beom_Gye
8830e035a3fffff,17:20:00,8830e035ddfffff,12,61.58,25.94,Beom_Gye
8830e035a3fffff,17:40:00,8830e035ddfffff,13,51.85,28.9,Beom_Gye
8830e035a9fffff,17:00:00,8830e025a5fffff,13,51.0,40.36,경기 수원시 영통구 원천동
8830e035a9fffff,17:40:00,8830e035ddfffff,11,45.91,31.34,Beom_Gye
8830e035a9fffff,18:00:00,8830e03531fffff,13,110.23,24.29,경기 안양시 만안구 안양동
8830e035a9fffff,18:00:00,8830e035ddfffff,16,46.13,39.66,Beom_Gye
8830e035a9fffff,20:00:00,8830e0ac83fffff,11,154.73,38.45,서울 구로구 구로동
8830e035abfffff,8:00:00,8830e035ddfffff,17,43.47,28.48,Beom_Gye
8830e035abfffff,8:20:00,8830e035d7fffff,11,50.0,15.77,경기 안양시 동안구 평촌동
8830e035abfffff,8:20:00,8830e035ddfffff,11,80.18,19.86,Beom_Gye
8830e035abfffff,9:40:00,8830e035ddfffff,12,71.42,25.76,Beom_Gye
8830e035abfffff,10:00:00,8830e035ddfffff,11,64.45,29.34,Beom_Gye
8830e035abfffff,10:20:00,8830e035ddfffff,14,81.5,31.15,Beom_Gye
8830e035abfffff,11:20:00,8830e035ddfffff,10,56.3,26.35,Beom_Gye
8830e035abfffff,12:00:00,8830e035ddfffff,10,54.3,22.04,Beom_Gye
8830e035abfffff,13:00:00,8830e035ddfffff,15,60.0,23.91,Beom_Gye
8830e035abfffff,13:20:00,8830e035ddfffff,16,85.94,25.29,Beom_Gye
8830e035abfffff,14:00:00,8830e035ddfffff,10,68.8,16.39,Beom_Gye
8830e035abfffff,15:00:00,8830e035ddfffff,10,44.3,26.99,Beom_Gye
8830e035abfffff,15:20:00,8830e035ddfffff,17,59.24,25.18,Beom_Gye
8830e035abfffff,17:00:00,8830e035ddfffff,15,54.73,25.95,Beom_Gye
8830e035abfffff,17:20:00,8830e035ddfffff,15,44.73,26.35,Beom_Gye
8830e035abfffff,17:40:00,8830e035ddfffff,15,59.07,24.02,Beom_Gye
8830e035abfffff,18:00:00,8830e035ddfffff,21,48.29,25.38,Beom_Gye
8830e035abfffff,18:20:00,8830e035ddfffff,13,203.62,24.54,Beom_Gye
8830e035abfffff,18:40:00,8830e035ddfffff,12,47.92,25.42,Beom_Gye
8830e035abfffff,19:00:00,8830e035ddfffff,10,52.9,27.19,Beom_Gye
8830e035abfffff,19:20:00,8830e035ddfffff,10,64.2,28.51,Beom_Gye
8830e035adfffff,17:00:00,8830e035ddfffff,11,46.55,38.6,Beom_Gye
8830e035adfffff,17:20:00,8830e03531fffff,19,48.68,23.47,경기 안양시 만안구 안양동
8830e035adfffff,17:20:00,8830e035ddfffff,15,58.0,31.35,Beom_Gye
8830e035adfffff,17:40:00,8830e035ddfffff,13,48.31,31.91,Beom_Gye
8830e035adfffff,18:00:00,8830e03531fffff,18,49.39,23.77,경기 안양시 만안구 안양동
8830e035adfffff,18:00:00,8830e035d7fffff,11,74.09,27.76,경기 안양시 동안구 평촌동
8830e035adfffff,18:00:00,8830e035ddfffff,28,57.46,33.08,Beom_Gye
8830e035b3fffff,6:40:00,8830e035ddfffff,13,39.15,45.27,Beom_Gye
8830e035bdfffff,7:40:00,8830e035ddfffff,13,70.62,26.06,Beom_Gye
8830e035bdfffff,8:00:00,8830e035ddfffff,12,53.83,25.18,Beom_Gye
8830e035bdfffff,8:20:00,8830e035ddfffff,23,43.52,22.38,Beom_Gye
8830e035bdfffff,9:00:00,8830e035ddfffff,10,70.2,26.31,Beom_Gye
8830e035bdfffff,10:00:00,8830e035ddfffff,11,51.73,21.99,Beom_Gye
8830e035bdfffff,11:20:00,8830e035ddfffff,10,66.8,30.38,Beom_Gye
8830e035bdfffff,11:40:00,8830e035ddfffff,11,53.27,17.94,Beom_Gye
8830e035bdfffff,12:20:00,8830e035ddfffff,11,81.0,28.02,Beom_Gye
8830e035bdfffff,13:40:00,8830e035ddfffff,15,65.6,27.14,Beom_Gye
8830e035bdfffff,16:00:00,8830e035ddfffff,10,55.5,18.27,Beom_Gye
8830e035bdfffff,16:40:00,8830e035ddfffff,14,58.14,28.14,Beom_Gye
8830e035bdfffff,17:00:00,8830e035ddfffff,10,39.3,18.08,Beom_Gye
8830e035bdfffff,17:20:00,8830e035ddfffff,11,66.18,21.42,Beom_Gye
8830e035bdfffff,18:00:00,8830e035ddfffff,15,56.27,26.02,Beom_Gye
8830e035c1fffff,7:40:00,8830e035ddfffff,11,67.91,22.52,Beom_Gye
8830e035c1fffff,8:00:00,8830e035ddfffff,16,78.75,29.32,Beom_Gye
8830e035c1fffff,8:20:00,8830e035ddfffff,19,80.16,24.46,Beom_Gye
8830e035c1fffff,8:40:00,8830e035ddfffff,12,49.92,23.66,Beom_Gye
8830e035c1fffff,9:20:00,8830e035ddfffff,11,69.45,30.2,Beom_Gye
8830e035c1fffff,9:40:00,8830e035ddfffff,10,69.3,23.52,Beom_Gye
8830e035c1fffff,10:00:00,8830e035ddfffff,10,53.8,22.95,Beom_Gye
8830e035c1fffff,10:20:00,8830e035ddfffff,13,67.46,17.24,Beom_Gye
8830e035c1fffff,11:20:00,8830e035ddfffff,13,85.0,25.69,Beom_Gye
8830e035c1fffff,11:40:00,8830e035ddfffff,13,76.23,21.9,Beom_Gye
8830e035c1fffff,12:00:00,8830e035ddfffff,10,64.3,24.65,Beom_Gye
8830e035c1fffff,12:20:00,8830e035ddfffff,14,64.29,32.85,Beom_Gye
8830e035c1fffff,12:40:00,8830e035ddfffff,20,54.65,21.23,Beom_Gye
8830e035c1fffff,13:00:00,8830e035ddfffff,10,60.0,25.1,Beom_Gye
8830e035c1fffff,13:20:00,8830e035ddfffff,16,55.06,16.73,Beom_Gye
8830e035c1fffff,13:40:00,8830e035ddfffff,14,64.0,22.4,Beom_Gye
8830e035c1fffff,14:00:00,8830e035ddfffff,13,62.92,19.53,Beom_Gye
8830e035c1fffff,14:20:00,8830e035ddfffff,13,64.31,15.38,Beom_Gye
8830e035c1fffff,14:40:00,8830e035ddfffff,18,67.94,28.2,Beom_Gye
8830e035c1fffff,15:00:00,8830e035ddfffff,13,77.77,27.73,Beom_Gye
8830e035c1fffff,15:40:00,8830e035ddfffff,15,41.4,23.51,Beom_Gye
8830e035c1fffff,16:00:00,8830e035ddfffff,14,68.07,29.14,Beom_Gye
8830e035c1fffff,16:20:00,8830e035ddfffff,12,72.25,22.58,Beom_Gye
8830e035c1fffff,16:40:00,8830e035ddfffff,18,62.56,17.65,Beom_Gye
8830e035c1fffff,17:00:00,8830e035ddfffff,30,52.7,17.99,Beom_Gye
8830e035c1fffff,17:20:00,8830e035ddfffff,19,57.26,19.39,Beom_Gye
8830e035c1fffff,17:40:00,8830e035ddfffff,25,53.72,21.28,Beom_Gye
8830e035c1fffff,18:00:00,8830e035ddfffff,36,51.17,19.92,Beom_Gye
8830e035c1fffff,18:20:00,8830e035ddfffff,12,115.5,16.19,Beom_Gye
8830e035c1fffff,19:00:00,8830e035ddfffff,12,46.33,16.13,Beom_Gye
8830e035c3fffff,0:00:00,8830e035d7fffff,11,58.64,19.11,경기 안양시 동안구 평촌동
8830e035c3fffff,0:00:00,8830e035ddfffff,59,60.63,20.65,Beom_Gye
8830e035c3fffff,0:40:00,8830e035ddfffff,10,56.8,36.67,Beom_Gye
8830e035c3fffff,4:20:00,8830e035ddfffff,10,86.1,43.83,Beom_Gye
8830e035c3fffff,5:20:00,8830e035ddfffff,10,134.3,37.51,Beom_Gye
8830e035c3fffff,5:40:00,8830e035ddfffff,11,59.09,28.59,Beom_Gye
8830e035c3fffff,6:20:00,8830e035ddfffff,14,92.5,43.47,Beom_Gye
8830e035c3fffff,6:40:00,8830e035ddfffff,11,99.45,28.55,Beom_Gye
8830e035c3fffff,7:00:00,8830e035ddfffff,31,118.84,25.99,Beom_Gye
8830e035c3fffff,7:20:00,8830e035ddfffff,32,70.25,23.61,Beom_Gye
8830e035c3fffff,7:40:00,8830e035ddfffff,24,71.83,24.09,Beom_Gye
8830e035c3fffff,8:00:00,8830e035d7fffff,14,43.79,25.7,경기 안양시 동안구 평촌동
8830e035c3fffff,8:00:00,8830e035ddfffff,34,62.38,19.31,Beom_Gye
8830e035c3fffff,8:20:00,8830e035ddfffff,64,57.42,19.95,Beom_Gye
8830e035c3fffff,8:40:00,8830e035ddfffff,54,70.31,25.14,Beom_Gye
8830e035c3fffff,9:00:00,8830e035ddfffff,69,62.83,22.39,Beom_Gye
8830e035c3fffff,9:20:00,8830e035ddfffff,56,57.34,20.18,Beom_Gye
8830e035c3fffff,9:40:00,8830e035ddfffff,59,64.63,23.18,Beom_Gye
8830e035c3fffff,10:00:00,8830e035ddfffff,74,59.93,24.39,Beom_Gye
8830e035c3fffff,10:20:00,8830e035ddfffff,79,68.47,24.31,Beom_Gye
8830e035c3fffff,10:40:00,8830e035d7fffff,11,56.82,23.88,경기 안양시 동안구 평촌동
8830e035c3fffff,10:40:00,8830e035ddfffff,90,58.22,21.11,Beom_Gye
8830e035c3fffff,11:00:00,8830e035ddfffff,77,61.1,26.97,Beom_Gye
8830e035c3fffff,11:20:00,8830e035ddfffff,77,55.86,23.98,Beom_Gye
8830e035c3fffff,11:40:00,8830e035ddfffff,84,71.08,19.97,Beom_Gye
8830e035c3fffff,12:00:00,8830e035d7fffff,14,112.21,18.99,경기 안양시 동안구 평촌동
8830e035c3fffff,12:00:00,8830e035ddfffff,70,55.44,22.97,Beom_Gye
8830e035c3fffff,12:20:00,8830e035ddfffff,72,65.49,22.89,Beom_Gye
8830e035c3fffff,12:40:00,8830e035ddfffff,96,63.35,22.79,Beom_Gye
8830e035c3fffff,13:00:00,8830e035ddfffff,58,70.88,20.09,Beom_Gye
8830e035c3fffff,13:20:00,8830e035d7fffff,10,55.2,19.19,경기 안양시 동안구 평촌동
8830e035c3fffff,13:20:00,8830e035ddfffff,86,62.38,21.45,Beom_Gye
8830e035c3fffff,13:40:00,8830e035ddfffff,78,63.88,21.31,Beom_Gye
8830e035c3fffff,14:00:00,8830e035d7fffff,11,55.27,26.95,경기 안양시 동안구 평촌동
8830e035c3fffff,14:00:00,8830e035ddfffff,87,58.4,20.68,Beom_Gye
8830e035c3fffff,14:20:00,8830e035d7fffff,12,50.08,14.57,경기 안양시 동안구 평촌동
8830e035c3fffff,14:20:00,8830e035ddfffff,87,74.28,22.75,Beom_Gye
8830e035c3fffff,14:40:00,8830e035d7fffff,11,55.36,24.21,경기 안양시 동안구 평촌동
8830e035c3fffff,14:40:00,8830e035ddfffff,92,61.62,21.07,Beom_Gye
8830e035c3fffff,15:00:00,8830e035d7fffff,12,61.42,22.15,경기 안양시 동안구 평촌동
8830e035c3fffff,15:00:00,8830e035ddfffff,91,68.79,22.18,Beom_Gye
8830e035c3fffff,15:20:00,8830e035d7fffff,12,44.17,27.96,경기 안양시 동안구 평촌동
8830e035c3fffff,15:20:00,8830e035ddfffff,81,50.9,23.5,Beom_Gye
8830e035c3fffff,15:40:00,8830e035d7fffff,14,51.5,22.74,경기 안양시 동안구 평촌동
8830e035c3fffff,15:40:00,8830e035ddfffff,98,56.0,22.19,Beom_Gye
8830e035c3fffff,16:00:00,8830e035d7fffff,12,61.75,19.45,경기 안양시 동안구 평촌동
8830e035c3fffff,16:00:00,8830e035ddfffff,96,58.49,24.81,Beom_Gye
8830e035c3fffff,16:20:00,8830e035d7fffff,16,76.5,24.59,경기 안양시 동안구 평촌동
8830e035c3fffff,16:20:00,8830e035ddfffff,77,57.97,20.6,Beom_Gye
8830e035c3fffff,16:40:00,8830e035d7fffff,17,83.76,21.48,경기 안양시 동안구 평촌동
8830e035c3fffff,16:40:00,8830e035ddfffff,57,57.3,19.3,Beom_Gye
8830e035c3fffff,17:00:00,8830e035d7fffff,17,55.53,21.25,경기 안양시 동안구 평촌동
8830e035c3fffff,17:00:00,8830e035ddfffff,74,56.89,19.81,Beom_Gye
8830e035c3fffff,17:20:00,8830e035d7fffff,14,44.5,25.03,경기 안양시 동안구 평촌동
8830e035c3fffff,17:20:00,8830e035ddfffff,61,58.98,24.7,Beom_Gye
8830e035c3fffff,17:40:00,8830e035d7fffff,22,46.68,20.85,경기 안양시 동안구 평촌동
8830e035c3fffff,17:40:00,8830e035ddfffff,71,55.93,23.95,Beom_Gye
8830e035c3fffff,18:00:00,8830e035d7fffff,16,68.0,18.81,경기 안양시 동안구 평촌동
8830e035c3fffff,18:00:00,8830e035ddfffff,64,51.84,20.93,Beom_Gye
8830e035c3fffff,18:20:00,8830e035d7fffff,14,76.36,20.29,경기 안양시 동안구 평촌동
8830e035c3fffff,18:20:00,8830e035ddfffff,65,54.78,22.2,Beom_Gye
8830e035c3fffff,18:40:00,8830e035d7fffff,12,62.42,20.05,경기 안양시 동안구 평촌동
8830e035c3fffff,18:40:00,8830e035ddfffff,58,53.09,19.03,Beom_Gye
8830e035c3fffff,19:00:00,8830e035ddfffff,46,53.87,18.16,Beom_Gye
8830e035c3fffff,19:20:00,8830e035d7fffff,12,71.08,19.63,경기 안양시 동안구 평촌동
8830e035c3fffff,19:20:00,8830e035ddfffff,46,51.83,25.34,Beom_Gye
8830e035c3fffff,19:40:00,8830e035d7fffff,16,65.19,24.28,경기 안양시 동안구 평촌동
8830e035c3fffff,19:40:00,8830e035ddfffff,57,45.88,34.09,Beom_Gye
8830e035c3fffff,20:00:00,8830e035ddfffff,42,54.1,23.86,Beom_Gye
8830e035c3fffff,20:20:00,8830e035ddfffff,44,50.55,18.39,Beom_Gye
8830e035c3fffff,20:40:00,8830e035ddfffff,51,59.9,26.03,Beom_Gye
8830e035c3fffff,21:00:00,8830e035d7fffff,13,50.08,19.4,경기 안양시 동안구 평촌동
8830e035c3fffff,21:00:00,8830e035ddfffff,45,106.6,26.38,Beom_Gye
8830e035c3fffff,21:20:00,8830e035ddfffff,32,61.06,17.03,Beom_Gye
8830e035c3fffff,21:40:00,8830e035d7fffff,14,43.36,28.85,경기 안양시 동안구 평촌동
8830e035c3fffff,21:40:00,8830e035ddfffff,35,48.74,17.89,Beom_Gye
8830e035c3fffff,22:00:00,8830e035d7fffff,12,76.92,20.57,경기 안양시 동안구 평촌동
8830e035c3fffff,22:00:00,8830e035ddfffff,29,47.83,23.09,Beom_Gye
8830e035c3fffff,22:20:00,8830e035ddfffff,29,49.9,20.28,Beom_Gye
8830e035c3fffff,22:40:00,8830e035ddfffff,17,53.71,19.01,Beom_Gye
8830e035c3fffff,23:00:00,8830e035ddfffff,17,44.71,25.81,Beom_Gye
8830e035c5fffff,17:20:00,8830e035ddfffff,11,40.09,27.73,Beom_Gye
8830e035c5fffff,18:00:00,8830e035ddfffff,11,41.73,25.69,Beom_Gye
8830e035c7fffff,9:00:00,8830e035ddfffff,11,91.36,30.95,Beom_Gye
8830e035c7fffff,9:20:00,8830e035ddfffff,12,39.0,22.03,Beom_Gye
8830e035c7fffff,9:40:00,8830e035ddfffff,19,64.0,23.24,Beom_Gye
8830e035c7fffff,10:00:00,8830e035ddfffff,10,52.5,28.86,Beom_Gye
8830e035c7fffff,13:00:00,8830e035ddfffff,12,42.75,22.14,Beom_Gye
8830e035c7fffff,13:20:00,8830e035ddfffff,11,69.82,29.45,Beom_Gye
8830e035c7fffff,13:40:00,8830e035ddfffff,12,52.25,21.45,Beom_Gye
8830e035c7fffff,14:00:00,8830e035ddfffff,10,57.4,27.19,Beom_Gye
8830e035c7fffff,14:40:00,8830e035ddfffff,11,77.73,22.89,Beom_Gye
8830e035c7fffff,15:20:00,8830e035ddfffff,13,52.92,23.13,Beom_Gye
8830e035c7fffff,17:00:00,8830e035ddfffff,12,63.0,26.95,Beom_Gye
8830e035c7fffff,17:20:00,8830e035ddfffff,12,45.17,24.94,Beom_Gye
8830e035c7fffff,17:40:00,8830e035ddfffff,21,43.05,31.58,Beom_Gye
8830e035c7fffff,18:00:00,8830e035ddfffff,14,53.5,27.66,Beom_Gye
8830e035c9fffff,8:20:00,8830e035ddfffff,10,58.0,28.71,Beom_Gye
8830e035c9fffff,8:40:00,8830e035ddfffff,14,58.57,23.05,Beom_Gye
8830e035c9fffff,9:20:00,8830e035ddfffff,11,67.09,23.63,Beom_Gye
8830e035c9fffff,9:40:00,8830e035ddfffff,11,70.09,25.19,Beom_Gye
8830e035c9fffff,10:00:00,8830e035ddfffff,13,68.85,26.72,Beom_Gye
8830e035c9fffff,10:20:00,8830e035ddfffff,22,47.32,20.36,Beom_Gye
8830e035c9fffff,10:40:00,8830e035ddfffff,14,70.64,28.2,Beom_Gye
8830e035c9fffff,11:00:00,8830e035ddfffff,16,61.81,21.39,Beom_Gye
8830e035c9fffff,11:20:00,8830e035ddfffff,16,48.94,23.36,Beom_Gye
8830e035c9fffff,11:40:00,8830e035ddfffff,19,36.53,24.31,Beom_Gye
8830e035c9fffff,12:00:00,8830e035ddfffff,16,58.31,22.31,Beom_Gye
8830e035c9fffff,12:20:00,8830e035ddfffff,13,77.62,20.31,Beom_Gye
8830e035c9fffff,12:40:00,8830e035ddfffff,12,50.67,24.99,Beom_Gye
8830e035c9fffff,13:00:00,8830e035ddfffff,15,75.0,24.01,Beom_Gye
8830e035c9fffff,13:20:00,8830e035ddfffff,19,52.95,25.93,Beom_Gye
8830e035c9fffff,14:00:00,8830e035ddfffff,11,123.09,18.51,Beom_Gye
8830e035c9fffff,14:20:00,8830e035ddfffff,16,66.5,21.53,Beom_Gye
8830e035c9fffff,14:40:00,8830e035ddfffff,15,47.33,19.35,Beom_Gye
8830e035c9fffff,15:00:00,8830e035ddfffff,11,53.73,23.62,Beom_Gye
8830e035c9fffff,15:20:00,8830e035ddfffff,11,108.0,31.73,Beom_Gye
8830e035c9fffff,15:40:00,8830e035ddfffff,20,71.1,23.88,Beom_Gye
8830e035c9fffff,16:00:00,8830e035ddfffff,15,46.2,26.49,Beom_Gye
8830e035c9fffff,16:20:00,8830e035ddfffff,10,57.0,24.72,Beom_Gye
8830e035c9fffff,16:40:00,8830e035ddfffff,23,66.09,26.6,Beom_Gye
8830e035c9fffff,17:00:00,8830e035ddfffff,23,50.3,21.26,Beom_Gye
8830e035c9fffff,17:20:00,8830e035ddfffff,25,53.24,26.84,Beom_Gye
8830e035c9fffff,17:40:00,8830e035ddfffff,33,52.64,25.02,Beom_Gye
8830e035c9fffff,18:00:00,8830e035d7fffff,10,49.0,27.01,경기 안양시 동안구 평촌동
8830e035c9fffff,18:00:00,8830e035ddfffff,46,48.15,24.46,Beom_Gye
8830e035c9fffff,18:20:00,8830e035ddfffff,14,65.29,23.54,Beom_Gye
8830e035c9fffff,18:40:00,8830e035ddfffff,12,134.0,25.63,Beom_Gye
8830e035c9fffff,19:00:00,8830e035ddfffff,11,145.18,26.01,Beom_Gye
8830e035c9fffff,19:20:00,8830e035ddfffff,10,48.5,19.98,Beom_Gye
8830e035c9fffff,19:40:00,8830e035ddfffff,10,43.9,18.33,Beom_Gye
8830e035c9fffff,20:00:00,8830e035ddfffff,11,91.27,30.39,Beom_Gye
8830e035c9fffff,20:20:00,8830e035ddfffff,10,68.7,29.28,Beom_Gye
8830e035cbfffff,0:00:00,8830e035d7fffff,21,78.38,28.71,경기 안양시 동안구 평촌동
8830e035cbfffff,0:00:00,8830e035ddfffff,89,52.67,22.33,Beom_Gye
8830e035cbfffff,0:40:00,8830e035ddfffff,12,56.58,16.41,Beom_Gye
8830e035cbfffff,4:40:00,8830e035ddfffff,10,222.6,26.2,Beom_Gye
8830e035cbfffff,5:00:00,8830e035ddfffff,11,80.82,23.82,Beom_Gye
8830e035cbfffff,5:20:00,8830e035ddfffff,10,95.1,23.48,Beom_Gye
8830e035cbfffff,5:40:00,8830e035ddfffff,16,42.06,17.93,Beom_Gye
8830e035cbfffff,6:00:00,8830e035ddfffff,15,70.53,29.18,Beom_Gye
8830e035cbfffff,6:20:00,8830e035ddfffff,14,59.71,24.09,Beom_Gye
8830e035cbfffff,6:40:00,8830e035ddfffff,18,107.67,30.27,Beom_Gye
8830e035cbfffff,7:00:00,8830e035ddfffff,28,131.25,32.46,Beom_Gye
8830e035cbfffff,7:20:00,8830e035ddfffff,32,87.5,28.29,Beom_Gye
8830e035cbfffff,7:20:00,8830e15361fffff,11,57.36,50.94,경기 성남시 분당구 야탑동
8830e035cbfffff,7:40:00,8830e035ddfffff,29,63.59,22.55,Beom_Gye
8830e035cbfffff,8:00:00,8830e035ddfffff,41,54.44,21.81,Beom_Gye
8830e035cbfffff,8:20:00,8830e035ddfffff,61,83.74,25.65,Beom_Gye
8830e035cbfffff,8:40:00,8830e035ddfffff,65,91.02,23.28,Beom_Gye
8830e035cbfffff,9:00:00,8830e035ddfffff,84,80.24,25.27,Beom_Gye
8830e035cbfffff,9:20:00,8830e035ddfffff,71,59.08,23.83,Beom_Gye
8830e035cbfffff,9:40:00,8830e035ddfffff,90,63.13,24.45,Beom_Gye
8830e035cbfffff,10:00:00,8830e035ddfffff,92,60.66,21.72,Beom_Gye
8830e035cbfffff,10:20:00,8830e035ddfffff,123,65.45,26.05,Beom_Gye
8830e035cbfffff,10:40:00,8830e035d7fffff,12,91.25,29.65,경기 안양시 동안구 평촌동
8830e035cbfffff,10:40:00,8830e035ddfffff,142,60.27,24.5,Beom_Gye
8830e035cbfffff,11:00:00,8830e035d7fffff,15,57.27,23.73,경기 안양시 동안구 평촌동
8830e035cbfffff,11:00:00,8830e035ddfffff,143,67.03,22.78,Beom_Gye
8830e035cbfffff,11:20:00,8830e035d7fffff,18,54.56,23.59,경기 안양시 동안구 평촌동
8830e035cbfffff,11:20:00,8830e035ddfffff,166,64.18,21.8,Beom_Gye
8830e035cbfffff,11:40:00,8830e035d7fffff,28,56.68,24.21,경기 안양시 동안구 평촌동
8830e035cbfffff,11:40:00,8830e035ddfffff,178,66.83,20.93,Beom_Gye
8830e035cbfffff,12:00:00,8830e035d7fffff,16,47.25,21.17,경기 안양시 동안구 평촌동
8830e035cbfffff,12:00:00,8830e035ddfffff,169,55.06,22.45,Beom_Gye
8830e035cbfffff,12:20:00,8830e035d7fffff,14,54.93,22.5,경기 안양시 동안구 평촌동
8830e035cbfffff,12:20:00,8830e035ddfffff,164,63.41,22.16,Beom_Gye
8830e035cbfffff,12:40:00,8830e035d7fffff,22,73.05,29.01,경기 안양시 동안구 평촌동
8830e035cbfffff,12:40:00,8830e035ddfffff,153,59.82,22.66,Beom_Gye
8830e035cbfffff,13:00:00,8830e035d7fffff,21,63.86,23.66,경기 안양시 동안구 평촌동
8830e035cbfffff,13:00:00,8830e035ddfffff,132,62.82,24.14,Beom_Gye
8830e035cbfffff,13:20:00,8830e035d7fffff,18,70.5,23.6,경기 안양시 동안구 평촌동
8830e035cbfffff,13:20:00,8830e035ddfffff,167,66.07,24.64,Beom_Gye
8830e035cbfffff,13:40:00,8830e035d7fffff,19,65.79,30.83,경기 안양시 동안구 평촌동
8830e035cbfffff,13:40:00,8830e035ddfffff,142,66.25,22.89,Beom_Gye
8830e035cbfffff,14:00:00,8830e035d7fffff,15,63.47,17.69,경기 안양시 동안구 평촌동
8830e035cbfffff,14:00:00,8830e035ddfffff,143,65.39,26.21,Beom_Gye
8830e035cbfffff,14:20:00,8830e035d7fffff,26,98.12,19.27,경기 안양시 동안구 평촌동
8830e035cbfffff,14:20:00,8830e035ddfffff,142,58.5,22.04,Beom_Gye
8830e035cbfffff,14:40:00,8830e035d7fffff,27,66.44,25.62,경기 안양시 동안구 평촌동
8830e035cbfffff,14:40:00,8830e035ddfffff,132,65.67,20.33,Beom_Gye
8830e035cbfffff,15:00:00,8830e035d7fffff,29,60.69,24.33,경기 안양시 동안구 평촌동
8830e035cbfffff,15:00:00,8830e035ddfffff,136,64.34,23.78,Beom_Gye
8830e035cbfffff,15:20:00,8830e03531fffff,12,109.08,24.41,경기 안양시 만안구 안양동
8830e035cbfffff,15:20:00,8830e035d7fffff,27,69.78,24.44,경기 안양시 동안구 평촌동
8830e035cbfffff,15:20:00,8830e035ddfffff,164,57.62,22.93,Beom_Gye
8830e035cbfffff,15:40:00,8830e035d7fffff,32,78.06,22.34,경기 안양시 동안구 평촌동
8830e035cbfffff,15:40:00,8830e035ddfffff,129,62.5,22.48,Beom_Gye
8830e035cbfffff,16:00:00,8830e035d7fffff,21,60.9,23.95,경기 안양시 동안구 평촌동
8830e035cbfffff,16:00:00,8830e035ddfffff,133,58.9,23.2,Beom_Gye
8830e035cbfffff,16:20:00,8830e035d7fffff,30,91.53,19.79,경기 안양시 동안구 평촌동
8830e035cbfffff,16:20:00,8830e035ddfffff,115,57.63,21.51,Beom_Gye
8830e035cbfffff,16:40:00,8830e035d7fffff,19,49.47,21.04,경기 안양시 동안구 평촌동
8830e035cbfffff,16:40:00,8830e035ddfffff,136,53.73,25.67,Beom_Gye
8830e035cbfffff,17:00:00,8830e03531fffff,13,92.15,34.11,경기 안양시 만안구 안양동
8830e035cbfffff,17:00:00,8830e035d7fffff,25,56.32,27.97,경기 안양시 동안구 평촌동
8830e035cbfffff,17:00:00,8830e035ddfffff,120,55.15,21.29,Beom_Gye
8830e035cbfffff,17:20:00,8830e035d7fffff,39,48.97,22.01,경기 안양시 동안구 평촌동
8830e035cbfffff,17:20:00,8830e035ddfffff,119,51.76,20.76,Beom_Gye
8830e035cbfffff,17:40:00,8830e035d7fffff,18,51.78,30.63,경기 안양시 동안구 평촌동
8830e035cbfffff,17:40:00,8830e035ddfffff,112,65.24,21.75,Beom_Gye
8830e035cbfffff,18:00:00,8830e03531fffff,17,65.88,32.08,경기 안양시 만안구 안양동
8830e035cbfffff,18:00:00,8830e035d7fffff,27,59.15,21.69,경기 안양시 동안구 평촌동
8830e035cbfffff,18:00:00,8830e035ddfffff,117,70.33,21.34,Beom_Gye
8830e035cbfffff,18:20:00,8830e03531fffff,11,74.18,26.48,경기 안양시 만안구 안양동
8830e035cbfffff,18:20:00,8830e035d7fffff,25,52.28,20.11,경기 안양시 동안구 평촌동
8830e035cbfffff,18:20:00,8830e035ddfffff,100,50.04,20.8,Beom_Gye
8830e035cbfffff,18:40:00,8830e035d7fffff,24,71.08,19.15,경기 안양시 동안구 평촌동
8830e035cbfffff,18:40:00,8830e035ddfffff,85,55.16,24.45,Beom_Gye
8830e035cbfffff,19:00:00,8830e035d7fffff,23,54.3,23.37,경기 안양시 동안구 평촌동
8830e035cbfffff,19:00:00,8830e035ddfffff,85,56.26,20.88,Beom_Gye
8830e035cbfffff,19:20:00,8830e035d7fffff,28,55.43,22.94,경기 안양시 동안구 평촌동
8830e035cbfffff,19:20:00,8830e035ddfffff,97,55.47,21.09,Beom_Gye
8830e035cbfffff,19:40:00,8830e03531fffff,15,49.73,51.03,경기 안양시 만안구 안양동
8830e035cbfffff,19:40:00,8830e035d7fffff,14,66.79,26.9,경기 안양시 동안구 평촌동
8830e035cbfffff,19:40:00,8830e035ddfffff,77,53.56,22.16,Beom_Gye
8830e035cbfffff,20:00:00,8830e035d7fffff,18,79.78,20.87,경기 안양시 동안구 평촌동
8830e035cbfffff,20:00:00,8830e035ddfffff,85,54.95,20.24,Beom_Gye
8830e035cbfffff,20:20:00,8830e035d7fffff,14,59.5,28.01,경기 안양시 동안구 평촌동
8830e035cbfffff,20:20:00,8830e035ddfffff,69,52.03,18.92,Beom_Gye
8830e035cbfffff,20:40:00,8830e035d7fffff,18,55.56,20.36,경기 안양시 동안구 평촌동
8830e035cbfffff,20:40:00,8830e035ddfffff,65,49.98,20.77,Beom_Gye
8830e035cbfffff,21:00:00,8830e035d7fffff,13,61.31,27.25,경기 안양시 동안구 평촌동
8830e035cbfffff,21:00:00,8830e035ddfffff,62,62.5,20.16,Beom_Gye
8830e035cbfffff,21:20:00,8830e035d7fffff,12,62.25,29.78,경기 안양시 동안구 평촌동
8830e035cbfffff,21:20:00,8830e035ddfffff,56,46.36,19.29,Beom_Gye
8830e035cbfffff,21:40:00,8830e035d7fffff,14,62.71,18.98,경기 안양시 동안구 평촌동
8830e035cbfffff,21:40:00,8830e035ddfffff,38,50.68,24.83,Beom_Gye
8830e035cbfffff,22:00:00,8830e035d7fffff,16,93.5,18.81,경기 안양시 동안구 평촌동
8830e035cbfffff,22:00:00,8830e035ddfffff,33,52.33,20.93,Beom_Gye
8830e035cbfffff,22:20:00,8830e035ddfffff,35,72.11,25.86,Beom_Gye
8830e035cbfffff,22:40:00,8830e035ddfffff,21,57.57,19.02,Beom_Gye
8830e035cbfffff,23:00:00,8830e035ddfffff,43,48.26,19.08,Beom_Gye
8830e035cbfffff,23:20:00,8830e035ddfffff,32,33.94,17.09,Beom_Gye
8830e035cdfffff,8:20:00,8830e035ddfffff,15,44.67,29.71,Beom_Gye
8830e035cdfffff,10:20:00,8830e035ddfffff,11,48.91,31.78,Beom_Gye
8830e035cdfffff,10:40:00,8830e035ddfffff,11,51.73,19.09,Beom_Gye
8830e035cdfffff,13:20:00,8830e035ddfffff,12,75.58,26.72,Beom_Gye
8830e035cdfffff,16:40:00,8830e035ddfffff,10,55.2,21.68,Beom_Gye
8830e035cdfffff,17:00:00,8830e035ddfffff,14,211.0,23.81,Beom_Gye
8830e035cdfffff,17:20:00,8830e035ddfffff,17,58.12,32.73,Beom_Gye
8830e035cdfffff,17:40:00,8830e035ddfffff,12,49.67,27.07,Beom_Gye
8830e035cdfffff,18:00:00,8830e035d7fffff,11,51.55,26.78,경기 안양시 동안구 평촌동
8830e035cdfffff,18:00:00,8830e035ddfffff,28,106.11,27.42,Beom_Gye
8830e035d1fffff,0:00:00,8830e035d7fffff,89,50.15,15.23,경기 안양시 동안구 평촌동
8830e035d1fffff,0:00:00,8830e035ddfffff,65,57.37,22.18,Beom_Gye
8830e035d1fffff,0:20:00,8830e035d7fffff,13,49.77,11.5,경기 안양시 동안구 평촌동
8830e035d1fffff,0:40:00,8830e035d7fffff,13,51.15,12.57,경기 안양시 동안구 평촌동
8830e035d1fffff,0:40:00,8830e035ddfffff,12,50.83,21.28,Beom_Gye
8830e035d1fffff,1:40:00,8830e035d7fffff,12,63.67,9.11,경기 안양시 동안구 평촌동
8830e035d1fffff,2:00:00,8830e035d7fffff,18,51.0,7.72,경기 안양시 동안구 평촌동
8830e035d1fffff,6:00:00,8830e035d7fffff,10,118.4,24.17,경기 안양시 동안구 평촌동
8830e035d1fffff,6:20:00,8830e035d7fffff,22,69.41,31.38,경기 안양시 동안구 평촌동
8830e035d1fffff,6:40:00,8830e035d7fffff,15,62.07,16.71,경기 안양시 동안구 평촌동
8830e035d1fffff,6:40:00,8830e035ddfffff,10,286.3,23.46,Beom_Gye
8830e035d1fffff,7:00:00,8830e035d7fffff,31,53.45,16.05,경기 안양시 동안구 평촌동
8830e035d1fffff,7:00:00,8830e035ddfffff,22,182.59,23.83,Beom_Gye
8830e035d1fffff,7:20:00,8830e035d7fffff,39,61.31,20.36,경기 안양시 동안구 평촌동
8830e035d1fffff,7:20:00,8830e035ddfffff,39,61.13,25.31,Beom_Gye
8830e035d1fffff,7:40:00,8830e035d7fffff,36,62.19,17.33,경기 안양시 동안구 평촌동
8830e035d1fffff,7:40:00,8830e035ddfffff,28,57.86,26.94,Beom_Gye
8830e035d1fffff,7:40:00,8830e15361fffff,11,39.45,26.29,경기 성남시 분당구 야탑동
8830e035d1fffff,8:00:00,8830e035d7fffff,45,66.24,19.58,경기 안양시 동안구 평촌동
8830e035d1fffff,8:00:00,8830e035ddfffff,42,67.14,26.55,Beom_Gye
8830e035d1fffff,8:20:00,8830e035d7fffff,44,77.66,23.02,경기 안양시 동안구 평촌동
8830e035d1fffff,8:20:00,8830e035ddfffff,42,94.98,25.14,Beom_Gye
8830e035d1fffff,8:40:00,8830e035d7fffff,56,65.7,20.01,경기 안양시 동안구 평촌동
8830e035d1fffff,8:40:00,8830e035ddfffff,50,83.64,23.68,Beom_Gye
8830e035d1fffff,9:00:00,8830e035d7fffff,51,60.8,23.73,경기 안양시 동안구 평촌동
8830e035d1fffff,9:00:00,8830e035ddfffff,49,64.73,24.05,Beom_Gye
8830e035d1fffff,9:20:00,8830e035d7fffff,58,59.67,21.67,경기 안양시 동안구 평촌동
8830e035d1fffff,9:20:00,8830e035ddfffff,60,72.83,26.21,Beom_Gye
8830e035d1fffff,9:40:00,8830e035d7fffff,43,77.33,17.55,경기 안양시 동안구 평촌동
8830e035d1fffff,9:40:00,8830e035ddfffff,66,73.65,28.89,Beom_Gye
8830e035d1fffff,10:00:00,8830e035d7fffff,52,101.69,16.28,경기 안양시 동안구 평촌동
8830e035d1fffff,10:00:00,8830e035ddfffff,70,63.99,24.55,Beom_Gye
8830e035d1fffff,10:20:00,8830e035d7fffff,63,69.44,24.46,경기 안양시 동안구 평촌동
8830e035d1fffff,10:20:00,8830e035ddfffff,73,64.23,25.42,Beom_Gye
8830e035d1fffff,10:40:00,8830e035d7fffff,42,102.26,19.8,경기 안양시 동안구 평촌동
8830e035d1fffff,10:40:00,8830e035ddfffff,70,64.01,22.77,Beom_Gye
8830e035d1fffff,11:00:00,8830e035d7fffff,57,75.16,27.35,경기 안양시 동안구 평촌동
8830e035d1fffff,11:00:00,8830e035ddfffff,79,76.78,24.21,Beom_Gye
8830e035d1fffff,11:20:00,8830e035d7fffff,57,72.72,25.97,경기 안양시 동안구 평촌동
8830e035d1fffff,11:20:00,8830e035ddfffff,104,59.05,21.6,Beom_Gye
8830e035d1fffff,11:40:00,8830e035d7fffff,56,82.25,24.27,경기 안양시 동안구 평촌동
8830e035d1fffff,11:40:00,8830e035ddfffff,80,56.24,21.34,Beom_Gye
8830e035d1fffff,12:00:00,8830e035d7fffff,68,74.62,23.6,경기 안양시 동안구 평촌동
8830e035d1fffff,12:00:00,8830e035ddfffff,103,57.34,23.97,Beom_Gye
8830e035d1fffff,12:20:00,8830e035d7fffff,62,64.74,20.88,경기 안양시 동안구 평촌동
8830e035d1fffff,12:20:00,8830e035ddfffff,100,67.98,24.74,Beom_Gye
8830e035d1fffff,12:40:00,8830e035d7fffff,66,69.76,23.22,경기 안양시 동안구 평촌동
8830e035d1fffff,12:40:00,8830e035ddfffff,92,56.13,26.3,Beom_Gye
8830e035d1fffff,13:00:00,8830e035d7fffff,66,77.14,22.97,경기 안양시 동안구 평촌동
8830e035d1fffff,13:00:00,8830e035ddfffff,75,59.29,20.6,Beom_Gye
8830e035d1fffff,13:20:00,8830e035d7fffff,58,64.28,23.38,경기 안양시 동안구 평촌동
8830e035d1fffff,13:20:00,8830e035ddfffff,74,60.77,23.73,Beom_Gye
8830e035d1fffff,13:40:00,8830e035d7fffff,69,81.39,23.48,경기 안양시 동안구 평촌동
8830e035d1fffff,13:40:00,8830e035ddfffff,90,67.97,27.52,Beom_Gye
8830e035d1fffff,14:00:00,8830e035d7fffff,65,62.26,23.52,경기 안양시 동안구 평촌동
8830e035d1fffff,14:00:00,8830e035ddfffff,86,59.91,25.12,Beom_Gye
8830e035d1fffff,14:20:00,8830e035d7fffff,61,61.9,22.7,경기 안양시 동안구 평촌동
8830e035d1fffff,14:20:00,8830e035ddfffff,69,57.49,21.84,Beom_Gye
8830e035d1fffff,14:40:00,8830e035d7fffff,71,67.37,21.55,경기 안양시 동안구 평촌동
8830e035d1fffff,14:40:00,8830e035ddfffff,80,60.09,22.82,Beom_Gye
8830e035d1fffff,15:00:00,8830e035d7fffff,76,69.25,23.21,경기 안양시 동안구 평촌동
8830e035d1fffff,15:00:00,8830e035ddfffff,77,60.87,23.3,Beom_Gye
8830e035d1fffff,15:20:00,8830e035d7fffff,78,58.17,21.02,경기 안양시 동안구 평촌동
8830e035d1fffff,15:20:00,8830e035ddfffff,70,58.74,22.96,Beom_Gye
8830e035d1fffff,15:40:00,8830e03531fffff,10,62.7,30.57,경기 안양시 만안구 안양동
8830e035d1fffff,15:40:00,8830e035d7fffff,71,72.52,23.6,경기 안양시 동안구 평촌동
8830e035d1fffff,15:40:00,8830e035ddfffff,69,64.72,23.65,Beom_Gye
8830e035d1fffff,16:00:00,8830e035d7fffff,69,62.33,24.11,경기 안양시 동안구 평촌동
8830e035d1fffff,16:00:00,8830e035ddfffff,80,71.63,26.8,Beom_Gye
8830e035d1fffff,16:20:00,8830e035d7fffff,83,93.55,22.32,경기 안양시 동안구 평촌동
8830e035d1fffff,16:20:00,8830e035ddfffff,70,59.73,22.77,Beom_Gye
8830e035d1fffff,16:40:00,8830e035d7fffff,53,71.53,25.8,경기 안양시 동안구 평촌동
8830e035d1fffff,16:40:00,8830e035ddfffff,66,60.32,21.58,Beom_Gye
8830e035d1fffff,17:00:00,8830e035d7fffff,76,58.67,23.92,경기 안양시 동안구 평촌동
8830e035d1fffff,17:00:00,8830e035ddfffff,47,64.85,29.99,Beom_Gye
8830e035d1fffff,17:20:00,8830e035d7fffff,73,60.12,22.9,경기 안양시 동안구 평촌동
8830e035d1fffff,17:20:00,8830e035ddfffff,65,58.37,22.69,Beom_Gye
8830e035d1fffff,17:40:00,8830e035d7fffff,73,66.95,19.13,경기 안양시 동안구 평촌동
8830e035d1fffff,17:40:00,8830e035ddfffff,80,59.61,23.51,Beom_Gye
8830e035d1fffff,18:00:00,8830e035d7fffff,85,78.79,17.73,경기 안양시 동안구 평촌동
8830e035d1fffff,18:00:00,8830e035ddfffff,68,51.51,23.38,Beom_Gye
8830e035d1fffff,18:20:00,8830e035d7fffff,84,66.54,21.38,경기 안양시 동안구 평촌동
8830e035d1fffff,18:20:00,8830e035ddfffff,72,53.26,21.8,Beom_Gye
8830e035d1fffff,18:40:00,8830e035d7fffff,69,83.45,17.18,경기 안양시 동안구 평촌동
8830e035d1fffff,18:40:00,8830e035ddfffff,57,65.33,24.1,Beom_Gye
8830e035d1fffff,19:00:00,8830e035d7fffff,67,71.4,20.36,경기 안양시 동안구 평촌동
8830e035d1fffff,19:00:00,8830e035ddfffff,57,62.16,22.36,Beom_Gye
8830e035d1fffff,19:20:00,8830e035d7fffff,59,83.73,19.44,경기 안양시 동안구 평촌동
8830e035d1fffff,19:20:00,8830e035ddfffff,43,54.63,31.62,Beom_Gye
8830e035d1fffff,19:40:00,8830e035d7fffff,74,59.96,20.69,경기 안양시 동안구 평촌동
8830e035d1fffff,19:40:00,8830e035ddfffff,45,58.64,25.24,Beom_Gye
8830e035d1fffff,20:00:00,8830e035d7fffff,66,76.62,18.25,경기 안양시 동안구 평촌동
8830e035d1fffff,20:00:00,8830e035ddfffff,40,59.8,23.41,Beom_Gye
8830e035d1fffff,20:20:00,8830e035d7fffff,74,77.36,18.53,경기 안양시 동안구 평촌동
8830e035d1fffff,20:20:00,8830e035ddfffff,43,75.84,26.58,Beom_Gye
8830e035d1fffff,20:40:00,8830e035d7fffff,64,78.7,19.09,경기 안양시 동안구 평촌동
8830e035d1fffff,20:40:00,8830e035ddfffff,46,62.0,30.39,Beom_Gye
8830e035d1fffff,21:00:00,8830e035d7fffff,73,96.38,15.64,경기 안양시 동안구 평촌동
8830e035d1fffff,21:00:00,8830e035ddfffff,44,59.32,30.06,Beom_Gye
8830e035d1fffff,21:20:00,8830e035d7fffff,70,80.47,19.72,경기 안양시 동안구 평촌동
8830e035d1fffff,21:20:00,8830e035ddfffff,35,62.57,19.27,Beom_Gye
8830e035d1fffff,21:40:00,8830e035d7fffff,72,76.61,18.68,경기 안양시 동안구 평촌동
8830e035d1fffff,21:40:00,8830e035ddfffff,39,62.77,23.68,Beom_Gye
8830e035d1fffff,22:00:00,8830e035d7fffff,68,79.44,18.4,경기 안양시 동안구 평촌동
8830e035d1fffff,22:00:00,8830e035ddfffff,40,64.88,20.33,Beom_Gye
8830e035d1fffff,22:20:00,8830e035d7fffff,74,65.55,13.56,경기 안양시 동안구 평촌동
8830e035d1fffff,22:20:00,8830e035ddfffff,24,49.42,19.46,Beom_Gye
8830e035d1fffff,22:40:00,8830e035d7fffff,63,59.95,12.37,경기 안양시 동안구 평촌동
8830e035d1fffff,22:40:00,8830e035ddfffff,34,54.76,27.3,Beom_Gye
8830e035d1fffff,23:00:00,8830e035d7fffff,73,50.18,12.22,경기 안양시 동안구 평촌동
8830e035d1fffff,23:00:00,8830e035ddfffff,25,49.28,20.58,Beom_Gye
8830e035d1fffff,23:20:00,8830e035d7fffff,55,35.11,14.56,경기 안양시 동안구 평촌동
8830e035d1fffff,23:20:00,8830e035ddfffff,23,35.52,13.0,Beom_Gye
8830e035d3fffff,0:00:00,8830e035d7fffff,31,42.45,16.37,경기 안양시 동안구 평촌동
8830e035d3fffff,6:00:00,8830e035d7fffff,10,210.7,28.71,경기 안양시 동안구 평촌동
8830e035d3fffff,6:20:00,8830e035d7fffff,13,90.92,33.39,경기 안양시 동안구 평촌동
8830e035d3fffff,6:40:00,8830e035d7fffff,16,93.88,24.95,경기 안양시 동안구 평촌동
8830e035d3fffff,7:00:00,8830e035d7fffff,26,79.42,26.79,경기 안양시 동안구 평촌동
8830e035d3fffff,7:20:00,8830e035d7fffff,19,116.32,28.97,경기 안양시 동안구 평촌동
8830e035d3fffff,7:20:00,8830e035ddfffff,13,65.69,22.71,Beom_Gye
8830e035d3fffff,7:40:00,8830e035d7fffff,26,92.42,24.49,경기 안양시 동안구 평촌동
8830e035d3fffff,7:40:00,8830e035ddfffff,11,75.09,21.98,Beom_Gye
8830e035d3fffff,8:00:00,8830e035d7fffff,22,79.73,22.66,경기 안양시 동안구 평촌동
8830e035d3fffff,8:00:00,8830e035ddfffff,16,49.75,25.7,Beom_Gye
8830e035d3fffff,8:20:00,8830e035d7fffff,24,92.96,20.63,경기 안양시 동안구 평촌동
8830e035d3fffff,8:20:00,8830e035ddfffff,11,63.91,23.47,Beom_Gye
8830e035d3fffff,8:40:00,8830e035d7fffff,37,77.7,29.23,경기 안양시 동안구 평촌동
8830e035d3fffff,8:40:00,8830e035ddfffff,19,92.58,26.11,Beom_Gye
8830e035d3fffff,9:00:00,8830e035d7fffff,44,71.82,21.33,경기 안양시 동안구 평촌동
8830e035d3fffff,9:00:00,8830e035ddfffff,20,73.6,27.14,Beom_Gye
8830e035d3fffff,9:20:00,8830e035d7fffff,40,67.28,26.09,경기 안양시 동안구 평촌동
8830e035d3fffff,9:20:00,8830e035ddfffff,16,61.81,27.39,Beom_Gye
8830e035d3fffff,9:40:00,8830e035d7fffff,54,68.91,26.9,경기 안양시 동안구 평촌동
8830e035d3fffff,9:40:00,8830e035ddfffff,18,60.78,27.48,Beom_Gye
8830e035d3fffff,10:00:00,8830e035d7fffff,41,68.32,21.73,경기 안양시 동안구 평촌동
8830e035d3fffff,10:20:00,8830e035d7fffff,43,62.79,25.54,경기 안양시 동안구 평촌동
8830e035d3fffff,10:20:00,8830e035ddfffff,18,92.0,25.01,Beom_Gye
8830e035d3fffff,10:40:00,8830e035d7fffff,42,100.14,23.0,경기 안양시 동안구 평촌동
8830e035d3fffff,10:40:00,8830e035ddfffff,15,75.13,26.67,Beom_Gye
8830e035d3fffff,11:00:00,8830e035d7fffff,57,70.3,23.61,경기 안양시 동안구 평촌동
8830e035d3fffff,11:00:00,8830e035ddfffff,19,54.95,20.48,Beom_Gye
8830e035d3fffff,11:20:00,8830e035d7fffff,58,55.86,23.75,경기 안양시 동안구 평촌동
8830e035d3fffff,11:20:00,8830e035ddfffff,23,61.87,37.67,Beom_Gye
8830e035d3fffff,11:40:00,8830e035d7fffff,45,49.87,17.63,경기 안양시 동안구 평촌동
8830e035d3fffff,11:40:00,8830e035ddfffff,33,55.64,21.96,Beom_Gye
8830e035d3fffff,12:00:00,8830e035d7fffff,58,67.52,23.11,경기 안양시 동안구 평촌동
8830e035d3fffff,12:00:00,8830e035ddfffff,25,57.8,22.03,Beom_Gye
8830e035d3fffff,12:20:00,8830e035d7fffff,52,73.75,18.97,경기 안양시 동안구 평촌동
8830e035d3fffff,12:20:00,8830e035ddfffff,25,67.6,26.43,Beom_Gye
8830e035d3fffff,12:40:00,8830e035d7fffff,44,61.45,22.04,경기 안양시 동안구 평촌동
8830e035d3fffff,12:40:00,8830e035ddfffff,26,65.58,21.19,Beom_Gye
8830e035d3fffff,13:00:00,8830e035d7fffff,41,61.41,24.86,경기 안양시 동안구 평촌동
8830e035d3fffff,13:00:00,8830e035ddfffff,21,51.95,20.25,Beom_Gye
8830e035d3fffff,13:20:00,8830e035d7fffff,44,102.7,25.18,경기 안양시 동안구 평촌동
8830e035d3fffff,13:20:00,8830e035ddfffff,31,66.35,23.35,Beom_Gye
8830e035d3fffff,13:40:00,8830e035d7fffff,69,73.38,26.96,경기 안양시 동안구 평촌동
8830e035d3fffff,13:40:00,8830e035ddfffff,21,92.0,24.0,Beom_Gye
8830e035d3fffff,14:00:00,8830e035d7fffff,44,71.2,20.05,경기 안양시 동안구 평촌동
8830e035d3fffff,14:00:00,8830e035ddfffff,24,67.13,19.24,Beom_Gye
8830e035d3fffff,14:20:00,8830e035d7fffff,54,63.69,18.84,경기 안양시 동안구 평촌동
8830e035d3fffff,14:20:00,8830e035ddfffff,23,64.7,24.99,Beom_Gye
8830e035d3fffff,14:40:00,8830e035d7fffff,48,59.33,22.45,경기 안양시 동안구 평촌동
8830e035d3fffff,14:40:00,8830e035ddfffff,24,63.58,26.82,Beom_Gye
8830e035d3fffff,15:00:00,8830e035d7fffff,55,71.15,23.2,경기 안양시 동안구 평촌동
8830e035d3fffff,15:00:00,8830e035ddfffff,24,67.5,24.54,Beom_Gye
8830e035d3fffff,15:20:00,8830e035d7fffff,55,66.8,23.73,경기 안양시 동안구 평촌동
8830e035d3fffff,15:20:00,8830e035ddfffff,22,58.27,24.87,Beom_Gye
8830e035d3fffff,15:40:00,8830e035d7fffff,38,52.39,20.75,경기 안양시 동안구 평촌동
8830e035d3fffff,15:40:00,8830e035ddfffff,18,110.78,20.74,Beom_Gye
8830e035d3fffff,16:00:00,8830e035d7fffff,60,62.58,23.31,경기 안양시 동안구 평촌동
8830e035d3fffff,16:00:00,8830e035ddfffff,22,112.77,20.71,Beom_Gye
8830e035d3fffff,16:20:00,8830e035d7fffff,54,62.76,21.85,경기 안양시 동안구 평촌동
8830e035d3fffff,16:20:00,8830e035ddfffff,27,62.96,26.34,Beom_Gye
8830e035d3fffff,16:40:00,8830e035d7fffff,57,58.49,21.19,경기 안양시 동안구 평촌동
8830e035d3fffff,16:40:00,8830e035ddfffff,24,65.71,24.12,Beom_Gye
8830e035d3fffff,17:00:00,8830e035d7fffff,48,76.46,26.59,경기 안양시 동안구 평촌동
8830e035d3fffff,17:00:00,8830e035ddfffff,33,66.91,22.86,Beom_Gye
8830e035d3fffff,17:20:00,8830e035d7fffff,51,65.02,23.75,경기 안양시 동안구 평촌동
8830e035d3fffff,17:20:00,8830e035ddfffff,37,53.84,22.29,Beom_Gye
8830e035d3fffff,17:40:00,8830e035d7fffff,47,76.87,23.6,경기 안양시 동안구 평촌동
8830e035d3fffff,17:40:00,8830e035ddfffff,46,55.09,23.21,Beom_Gye
8830e035d3fffff,18:00:00,8830e03531fffff,17,49.88,27.15,경기 안양시 만안구 안양동
8830e035d3fffff,18:00:00,8830e035d7fffff,42,64.81,27.78,경기 안양시 동안구 평촌동
8830e035d3fffff,18:00:00,8830e035ddfffff,65,47.22,26.57,Beom_Gye
8830e035d3fffff,18:20:00,8830e03531fffff,14,48.29,27.21,경기 안양시 만안구 안양동
8830e035d3fffff,18:20:00,8830e035d7fffff,35,56.71,21.16,경기 안양시 동안구 평촌동
8830e035d3fffff,18:20:00,8830e035ddfffff,26,51.73,22.49,Beom_Gye
8830e035d3fffff,18:40:00,8830e035d7fffff,37,68.81,20.48,경기 안양시 동안구 평촌동
8830e035d3fffff,18:40:00,8830e035ddfffff,23,51.91,24.86,Beom_Gye
8830e035d3fffff,19:00:00,8830e035d7fffff,38,60.66,16.54,경기 안양시 동안구 평촌동
8830e035d3fffff,19:00:00,8830e035ddfffff,25,53.08,17.59,Beom_Gye
8830e035d3fffff,19:20:00,8830e035d7fffff,25,70.76,27.33,경기 안양시 동안구 평촌동
8830e035d3fffff,19:40:00,8830e035d7fffff,29,67.38,24.24,경기 안양시 동안구 평촌동
8830e035d3fffff,20:00:00,8830e035d7fffff,25,46.48,23.04,경기 안양시 동안구 평촌동
8830e035d3fffff,20:20:00,8830e035d7fffff,32,71.38,21.36,경기 안양시 동안구 평촌동
8830e035d3fffff,20:20:00,8830e035ddfffff,17,53.71,25.14,Beom_Gye
8830e035d3fffff,20:40:00,8830e035d7fffff,28,59.82,24.66,경기 안양시 동안구 평촌동
8830e035d3fffff,21:00:00,8830e035d7fffff,27,55.56,27.51,경기 안양시 동안구 평촌동
8830e035d3fffff,21:20:00,8830e035d7fffff,28,55.82,29.61,경기 안양시 동안구 평촌동
8830e035d3fffff,21:40:00,8830e035d7fffff,30,64.9,25.86,경기 안양시 동안구 평촌동
8830e035d3fffff,22:00:00,8830e035d7fffff,28,62.29,21.77,경기 안양시 동안구 평촌동
8830e035d3fffff,22:20:00,8830e035d7fffff,19,57.32,22.12,경기 안양시 동안구 평촌동
8830e035d3fffff,23:00:00,8830e035d7fffff,17,50.71,13.56,경기 안양시 동안구 평촌동
8830e035d5fffff,0:00:00,8830e035d7fffff,86,50.91,16.49,경기 안양시 동안구 평촌동
8830e035d5fffff,0:00:00,8830e035ddfffff,66,48.48,21.76,Beom_Gye
8830e035d5fffff,0:40:00,8830e035d7fffff,10,43.0,17.25,경기 안양시 동안구 평촌동
8830e035d5fffff,1:00:00,8830e035d7fffff,11,39.0,18.06,경기 안양시 동안구 평촌동
8830e035d5fffff,1:20:00,8830e035d7fffff,12,56.08,19.07,경기 안양시 동안구 평촌동
8830e035d5fffff,5:00:00,8830e035d7fffff,12,150.17,18.51,경기 안양시 동안구 평촌동
8830e035d5fffff,6:00:00,8830e035d7fffff,12,79.42,26.85,경기 안양시 동안구 평촌동
8830e035d5fffff,6:00:00,8830e035ddfffff,10,101.1,40.24,Beom_Gye
8830e035d5fffff,6:40:00,8830e035d7fffff,16,99.94,37.18,경기 안양시 동안구 평촌동
8830e035d5fffff,7:00:00,8830e035d7fffff,13,87.46,27.73,경기 안양시 동안구 평촌동
8830e035d5fffff,7:00:00,8830e035ddfffff,22,75.59,24.17,Beom_Gye
8830e035d5fffff,7:20:00,8830e035d7fffff,32,88.97,33.93,경기 안양시 동안구 평촌동
8830e035d5fffff,7:20:00,8830e035ddfffff,20,100.85,29.86,Beom_Gye
8830e035d5fffff,7:40:00,8830e035d7fffff,33,77.61,29.42,경기 안양시 동안구 평촌동
8830e035d5fffff,7:40:00,8830e035ddfffff,21,87.24,19.61,Beom_Gye
8830e035d5fffff,8:00:00,8830e035d7fffff,38,96.29,27.18,경기 안양시 동안구 평촌동
8830e035d5fffff,8:00:00,8830e035ddfffff,30,62.5,21.52,Beom_Gye
8830e035d5fffff,8:20:00,8830e035d7fffff,41,71.07,33.12,경기 안양시 동안구 평촌동
8830e035d5fffff,8:20:00,8830e035ddfffff,36,66.83,27.42,Beom_Gye
8830e035d5fffff,8:40:00,8830e035d7fffff,46,67.11,20.19,경기 안양시 동안구 평촌동
8830e035d5fffff,8:40:00,8830e035ddfffff,49,77.76,24.57,Beom_Gye
8830e035d5fffff,9:00:00,8830e035d7fffff,41,69.78,25.1,경기 안양시 동안구 평촌동
8830e035d5fffff,9:00:00,8830e035ddfffff,59,63.71,20.23,Beom_Gye
8830e035d5fffff,9:20:00,8830e035d7fffff,60,75.77,26.08,경기 안양시 동안구 평촌동
8830e035d5fffff,9:20:00,8830e035ddfffff,55,60.02,27.22,Beom_Gye
8830e035d5fffff,9:40:00,8830e035d7fffff,60,70.73,26.87,경기 안양시 동안구 평촌동
8830e035d5fffff,9:40:00,8830e035ddfffff,61,56.23,19.64,Beom_Gye
8830e035d5fffff,10:00:00,8830e035d7fffff,55,63.25,28.1,경기 안양시 동안구 평촌동
8830e035d5fffff,10:00:00,8830e035ddfffff,61,57.23,21.89,Beom_Gye
8830e035d5fffff,10:20:00,8830e035d7fffff,57,68.09,20.52,경기 안양시 동안구 평촌동
8830e035d5fffff,10:20:00,8830e035ddfffff,59,59.08,22.29,Beom_Gye
8830e035d5fffff,10:40:00,8830e035d7fffff,58,61.34,25.34,경기 안양시 동안구 평촌동
8830e035d5fffff,10:40:00,8830e035ddfffff,53,81.74,32.16,Beom_Gye
8830e035d5fffff,11:00:00,8830e035d7fffff,67,64.66,24.59,경기 안양시 동안구 평촌동
8830e035d5fffff,11:00:00,8830e035ddfffff,70,59.83,22.37,Beom_Gye
8830e035d5fffff,11:20:00,8830e035d7fffff,65,58.6,24.16,경기 안양시 동안구 평촌동
8830e035d5fffff,11:20:00,8830e035ddfffff,72,65.44,22.22,Beom_Gye
8830e035d5fffff,11:40:00,8830e035d7fffff,82,70.35,24.27,경기 안양시 동안구 평촌동
8830e035d5fffff,11:40:00,8830e035ddfffff,70,64.53,24.3,Beom_Gye
8830e035d5fffff,12:00:00,8830e035d7fffff,86,65.06,23.87,경기 안양시 동안구 평촌동
8830e035d5fffff,12:00:00,8830e035ddfffff,66,66.38,22.56,Beom_Gye
8830e035d5fffff,12:20:00,8830e035d7fffff,97,65.9,24.82,경기 안양시 동안구 평촌동
8830e035d5fffff,12:20:00,8830e035ddfffff,76,74.92,18.58,Beom_Gye
8830e035d5fffff,12:40:00,8830e035d7fffff,83,67.22,24.67,경기 안양시 동안구 평촌동
8830e035d5fffff,12:40:00,8830e035ddfffff,87,69.97,25.55,Beom_Gye
8830e035d5fffff,13:00:00,8830e035d7fffff,90,64.12,22.32,경기 안양시 동안구 평촌동
8830e035d5fffff,13:00:00,8830e035ddfffff,71,56.58,19.62,Beom_Gye
8830e035d5fffff,13:20:00,8830e035d7fffff,90,70.71,27.25,경기 안양시 동안구 평촌동
8830e035d5fffff,13:20:00,8830e035ddfffff,74,58.95,23.67,Beom_Gye
8830e035d5fffff,13:40:00,8830e035d7fffff,66,66.76,22.57,경기 안양시 동안구 평촌동
8830e035d5fffff,13:40:00,8830e035ddfffff,76,64.96,302.2,Beom_Gye
8830e035d5fffff,14:00:00,8830e035d7fffff,81,61.88,25.4,경기 안양시 동안구 평촌동
8830e035d5fffff,14:00:00,8830e035ddfffff,77,66.38,23.88,Beom_Gye
8830e035d5fffff,14:20:00,8830e035d7fffff,89,87.0,24.69,경기 안양시 동안구 평촌동
8830e035d5fffff,14:20:00,8830e035ddfffff,76,66.46,26.15,Beom_Gye
8830e035d5fffff,14:40:00,8830e035d7fffff,76,62.95,25.43,경기 안양시 동안구 평촌동
8830e035d5fffff,14:40:00,8830e035ddfffff,66,70.02,24.1,Beom_Gye
8830e035d5fffff,15:00:00,8830e035d7fffff,101,68.53,26.52,경기 안양시 동안구 평촌동
8830e035d5fffff,15:00:00,8830e035ddfffff,79,64.01,23.51,Beom_Gye
8830e035d5fffff,15:20:00,8830e035d7fffff,103,59.56,23.89,경기 안양시 동안구 평촌동
8830e035d5fffff,15:20:00,8830e035ddfffff,67,61.12,22.47,Beom_Gye
8830e035d5fffff,15:40:00,8830e035d7fffff,110,62.02,23.44,경기 안양시 동안구 평촌동
8830e035d5fffff,15:40:00,8830e035ddfffff,67,56.49,23.45,Beom_Gye
8830e035d5fffff,16:00:00,8830e035d7fffff,88,66.27,27.99,경기 안양시 동안구 평촌동
8830e035d5fffff,16:00:00,8830e035ddfffff,80,60.6,27.17,Beom_Gye
8830e035d5fffff,16:20:00,8830e035d7fffff,95,56.13,24.45,경기 안양시 동안구 평촌동
8830e035d5fffff,16:20:00,8830e035ddfffff,87,59.0,21.99,Beom_Gye
8830e035d5fffff,16:40:00,8830e035d7fffff,110,64.52,21.85,경기 안양시 동안구 평촌동
8830e035d5fffff,16:40:00,8830e035ddfffff,69,49.74,20.65,Beom_Gye
8830e035d5fffff,17:00:00,8830e035d7fffff,97,58.03,26.34,경기 안양시 동안구 평촌동
8830e035d5fffff,17:00:00,8830e035ddfffff,85,54.6,23.01,Beom_Gye
8830e035d5fffff,17:20:00,8830e035d7fffff,110,67.13,21.83,경기 안양시 동안구 평촌동
8830e035d5fffff,17:20:00,8830e035ddfffff,74,55.46,19.97,Beom_Gye
8830e035d5fffff,17:40:00,8830e035d7fffff,107,61.25,22.05,경기 안양시 동안구 평촌동
8830e035d5fffff,17:40:00,8830e035ddfffff,79,53.08,20.74,Beom_Gye
8830e035d5fffff,18:00:00,8830e035d7fffff,106,58.46,21.21,경기 안양시 동안구 평촌동
8830e035d5fffff,18:00:00,8830e035ddfffff,84,49.58,20.75,Beom_Gye
8830e035d5fffff,18:20:00,8830e035d7fffff,98,56.11,22.65,경기 안양시 동안구 평촌동
8830e035d5fffff,18:20:00,8830e035ddfffff,60,59.12,27.52,Beom_Gye
8830e035d5fffff,18:40:00,8830e035d7fffff,118,60.97,21.45,경기 안양시 동안구 평촌동
8830e035d5fffff,18:40:00,8830e035ddfffff,79,55.56,21.02,Beom_Gye
8830e035d5fffff,19:00:00,8830e035d7fffff,105,71.83,23.05,경기 안양시 동안구 평촌동
8830e035d5fffff,19:00:00,8830e035ddfffff,77,59.52,24.56,Beom_Gye
8830e035d5fffff,19:20:00,8830e035d7fffff,91,70.7,22.67,경기 안양시 동안구 평촌동
8830e035d5fffff,19:20:00,8830e035ddfffff,73,56.92,22.27,Beom_Gye
8830e035d5fffff,19:40:00,8830e035d7fffff,96,67.92,22.8,경기 안양시 동안구 평촌동
8830e035d5fffff,19:40:00,8830e035ddfffff,62,56.37,27.37,Beom_Gye
8830e035d5fffff,20:00:00,8830e035d7fffff,102,85.44,23.11,경기 안양시 동안구 평촌동
8830e035d5fffff,20:00:00,8830e035ddfffff,62,58.24,21.04,Beom_Gye
8830e035d5fffff,20:20:00,8830e035d7fffff,87,64.07,20.02,경기 안양시 동안구 평촌동
8830e035d5fffff,20:20:00,8830e035ddfffff,61,56.93,22.62,Beom_Gye
8830e035d5fffff,20:40:00,8830e035d7fffff,82,65.74,21.85,경기 안양시 동안구 평촌동
8830e035d5fffff,20:40:00,8830e035ddfffff,64,57.92,26.9,Beom_Gye
8830e035d5fffff,21:00:00,8830e035d7fffff,99,63.29,21.39,경기 안양시 동안구 평촌동
8830e035d5fffff,21:00:00,8830e035ddfffff,67,59.13,22.15,Beom_Gye
8830e035d5fffff,21:20:00,8830e03531fffff,12,49.92,30.38,경기 안양시 만안구 안양동
8830e035d5fffff,21:20:00,8830e035d7fffff,105,53.82,21.29,경기 안양시 동안구 평촌동
8830e035d5fffff,21:20:00,8830e035ddfffff,61,60.49,21.99,Beom_Gye
8830e035d5fffff,21:40:00,8830e03531fffff,22,52.05,28.87,경기 안양시 만안구 안양동
8830e035d5fffff,21:40:00,8830e035d7fffff,197,59.51,20.3,경기 안양시 동안구 평촌동
8830e035d5fffff,21:40:00,8830e035ddfffff,91,52.26,24.3,Beom_Gye
8830e035d5fffff,22:00:00,8830e03531fffff,25,66.16,24.96,경기 안양시 만안구 안양동
8830e035d5fffff,22:00:00,8830e035d7fffff,206,54.15,22.79,경기 안양시 동안구 평촌동
8830e035d5fffff,22:00:00,8830e035ddfffff,82,51.84,26.05,Beom_Gye
8830e035d5fffff,22:20:00,8830e035d7fffff,48,57.67,19.28,경기 안양시 동안구 평촌동
8830e035d5fffff,22:20:00,8830e035ddfffff,29,47.52,23.27,Beom_Gye
8830e035d5fffff,22:40:00,8830e035d7fffff,46,57.02,15.35,경기 안양시 동안구 평촌동
8830e035d5fffff,22:40:00,8830e035ddfffff,11,47.73,17.28,Beom_Gye
8830e035d5fffff,23:00:00,8830e035d7fffff,35,50.31,13.33,경기 안양시 동안구 평촌동
8830e035d5fffff,23:00:00,8830e035ddfffff,20,46.0,16.23,Beom_Gye
8830e035d5fffff,23:20:00,8830e035d7fffff,29,36.66,15.68,경기 안양시 동안구 평촌동
8830e035d5fffff,23:20:00,8830e035ddfffff,11,32.73,19.24,Beom_Gye
8830e035d7fffff,0:00:00,8830e035d7fffff,534,51.84,14.67,경기 안양시 동안구 평촌동
8830e035d7fffff,0:00:00,8830e035ddfffff,13,71.54,17.26,Beom_Gye
8830e035d7fffff,0:20:00,8830e035d7fffff,26,49.31,17.02,경기 안양시 동안구 평촌동
8830e035d7fffff,0:40:00,8830e035d7fffff,39,57.1,18.48,경기 안양시 동안구 평촌동
8830e035d7fffff,1:00:00,8830e035d7fffff,48,54.56,13.88,경기 안양시 동안구 평촌동
8830e035d7fffff,1:20:00,8830e035d7fffff,56,60.54,23.2,경기 안양시 동안구 평촌동
8830e035d7fffff,1:40:00,8830e035d7fffff,50,67.74,19.75,경기 안양시 동안구 평촌동
8830e035d7fffff,2:00:00,8830e035d7fffff,60,57.13,18.33,경기 안양시 동안구 평촌동
8830e035d7fffff,2:20:00,8830e035d7fffff,30,43.6,18.21,경기 안양시 동안구 평촌동
8830e035d7fffff,2:40:00,8830e035d7fffff,30,142.03,16.93,경기 안양시 동안구 평촌동
8830e035d7fffff,3:00:00,8830e035d7fffff,39,84.51,17.4,경기 안양시 동안구 평촌동
8830e035d7fffff,3:20:00,8830e035d7fffff,29,49.79,18.72,경기 안양시 동안구 평촌동
8830e035d7fffff,3:40:00,8830e035d7fffff,36,62.78,22.67,경기 안양시 동안구 평촌동
8830e035d7fffff,4:00:00,8830e035d7fffff,27,53.78,33.06,경기 안양시 동안구 평촌동
8830e035d7fffff,4:20:00,8830e035d7fffff,46,69.37,27.44,경기 안양시 동안구 평촌동
8830e035d7fffff,4:40:00,8830e035d7fffff,41,63.41,20.02,경기 안양시 동안구 평촌동
8830e035d7fffff,5:00:00,8830e035d7fffff,64,71.97,23.47,경기 안양시 동안구 평촌동
8830e035d7fffff,5:20:00,8830e035d7fffff,55,67.84,20.99,경기 안양시 동안구 평촌동
8830e035d7fffff,5:40:00,8830e035d7fffff,58,82.81,24.69,경기 안양시 동안구 평촌동
8830e035d7fffff,6:00:00,8830e035d7fffff,75,89.43,23.06,경기 안양시 동안구 평촌동
8830e035d7fffff,6:20:00,8830e035d7fffff,106,116.65,27.51,경기 안양시 동안구 평촌동
8830e035d7fffff,6:40:00,8830e035d7fffff,85,92.35,27.0,경기 안양시 동안구 평촌동
8830e035d7fffff,7:00:00,8830e035d7fffff,147,85.4,31.34,경기 안양시 동안구 평촌동
8830e035d7fffff,7:00:00,8830e035ddfffff,15,76.47,26.17,Beom_Gye
8830e035d7fffff,7:20:00,8830e035d7fffff,157,101.86,26.93,경기 안양시 동안구 평촌동
8830e035d7fffff,7:20:00,8830e035ddfffff,18,50.33,24.71,Beom_Gye
8830e035d7fffff,7:40:00,8830e035d7fffff,164,83.63,27.14,경기 안양시 동안구 평촌동
8830e035d7fffff,7:40:00,8830e035ddfffff,12,65.0,20.7,Beom_Gye
8830e035d7fffff,8:00:00,8830e035d7fffff,161,92.06,27.6,경기 안양시 동안구 평촌동
8830e035d7fffff,8:00:00,8830e035ddfffff,19,90.68,25.35,Beom_Gye
8830e035d7fffff,8:20:00,8830e035d7fffff,215,79.85,24.78,경기 안양시 동안구 평촌동
8830e035d7fffff,8:20:00,8830e035ddfffff,23,51.74,26.9,Beom_Gye
8830e035d7fffff,8:40:00,8830e035d7fffff,234,71.15,23.91,경기 안양시 동안구 평촌동
8830e035d7fffff,8:40:00,8830e035ddfffff,19,82.47,23.3,Beom_Gye
8830e035d7fffff,9:00:00,8830e035d7fffff,237,78.65,25.35,경기 안양시 동안구 평촌동
8830e035d7fffff,9:00:00,8830e035ddfffff,16,57.25,25.9,Beom_Gye
8830e035d7fffff,9:20:00,8830e035d7fffff,270,83.61,26.29,경기 안양시 동안구 평촌동
8830e035d7fffff,9:20:00,8830e035ddfffff,36,65.67,23.61,Beom_Gye
8830e035d7fffff,9:40:00,8830e035d7fffff,263,89.9,28.6,경기 안양시 동안구 평촌동
8830e035d7fffff,9:40:00,8830e035ddfffff,22,65.64,21.94,Beom_Gye
8830e035d7fffff,10:00:00,8830e035d7fffff,280,71.79,26.83,경기 안양시 동안구 평촌동
8830e035d7fffff,10:00:00,8830e035ddfffff,19,71.32,31.23,Beom_Gye
8830e035d7fffff,10:20:00,8830e035d7fffff,287,74.65,26.44,경기 안양시 동안구 평촌동
8830e035d7fffff,10:20:00,8830e035ddfffff,31,65.16,31.65,Beom_Gye
8830e035d7fffff,10:40:00,8830e035d7fffff,257,70.28,24.12,경기 안양시 동안구 평촌동
8830e035d7fffff,10:40:00,8830e035ddfffff,31,74.58,25.21,Beom_Gye
8830e035d7fffff,11:00:00,8830e035d7fffff,265,70.05,24.84,경기 안양시 동안구 평촌동
8830e035d7fffff,11:00:00,8830e035ddfffff,30,48.1,21.72,Beom_Gye
8830e035d7fffff,11:20:00,8830e035d7fffff,257,75.93,23.95,경기 안양시 동안구 평촌동
8830e035d7fffff,11:20:00,8830e035ddfffff,27,67.22,25.89,Beom_Gye
8830e035d7fffff,11:40:00,8830e035d7fffff,254,69.22,23.42,경기 안양시 동안구 평촌동
8830e035d7fffff,11:40:00,8830e035ddfffff,42,63.55,25.17,Beom_Gye
8830e035d7fffff,12:00:00,8830e035d7fffff,229,77.11,24.09,경기 안양시 동안구 평촌동
8830e035d7fffff,12:00:00,8830e035ddfffff,28,73.96,31.14,Beom_Gye
8830e035d7fffff,12:20:00,8830e035d7fffff,278,64.1,24.29,경기 안양시 동안구 평촌동
8830e035d7fffff,12:20:00,8830e035ddfffff,23,56.91,22.12,Beom_Gye
8830e035d7fffff,12:40:00,8830e035d7fffff,222,74.86,24.63,경기 안양시 동안구 평촌동
8830e035d7fffff,12:40:00,8830e035ddfffff,17,81.94,28.13,Beom_Gye
8830e035d7fffff,13:00:00,8830e035d7fffff,260,73.48,24.46,경기 안양시 동안구 평촌동
8830e035d7fffff,13:00:00,8830e035ddfffff,36,73.44,28.69,Beom_Gye
8830e035d7fffff,13:20:00,8830e035d7fffff,291,68.97,25.0,경기 안양시 동안구 평촌동
8830e035d7fffff,13:20:00,8830e035ddfffff,34,65.24,27.54,Beom_Gye
8830e035d7fffff,13:40:00,8830e035d7fffff,291,72.98,24.86,경기 안양시 동안구 평촌동
8830e035d7fffff,13:40:00,8830e035ddfffff,22,70.59,32.94,Beom_Gye
8830e035d7fffff,14:00:00,8830e035d7fffff,295,75.13,22.8,경기 안양시 동안구 평촌동
8830e035d7fffff,14:00:00,8830e035ddfffff,22,65.41,25.49,Beom_Gye
8830e035d7fffff,14:20:00,8830e035d7fffff,246,72.18,22.63,경기 안양시 동안구 평촌동
8830e035d7fffff,14:20:00,8830e035ddfffff,24,55.79,24.3,Beom_Gye
8830e035d7fffff,14:40:00,8830e035d7fffff,263,63.86,23.5,경기 안양시 동안구 평촌동
8830e035d7fffff,14:40:00,8830e035ddfffff,22,53.86,24.29,Beom_Gye
8830e035d7fffff,15:00:00,8830e035d7fffff,257,66.87,27.12,경기 안양시 동안구 평촌동
8830e035d7fffff,15:00:00,8830e035ddfffff,15,55.27,19.36,Beom_Gye
8830e035d7fffff,15:20:00,8830e035d7fffff,259,65.31,22.9,경기 안양시 동안구 평촌동
8830e035d7fffff,15:20:00,8830e035ddfffff,20,60.35,23.55,Beom_Gye
8830e035d7fffff,15:40:00,8830e035d7fffff,271,72.46,25.74,경기 안양시 동안구 평촌동
8830e035d7fffff,15:40:00,8830e035ddfffff,28,44.21,22.58,Beom_Gye
8830e035d7fffff,16:00:00,8830e035d7fffff,293,76.42,23.96,경기 안양시 동안구 평촌동
8830e035d7fffff,16:00:00,8830e035ddfffff,28,62.04,23.93,Beom_Gye
8830e035d7fffff,16:20:00,8830e035d7fffff,258,59.39,21.97,경기 안양시 동안구 평촌동
8830e035d7fffff,16:20:00,8830e035ddfffff,23,62.65,31.53,Beom_Gye
8830e035d7fffff,16:40:00,8830e035d7fffff,239,60.88,29.09,경기 안양시 동안구 평촌동
8830e035d7fffff,16:40:00,8830e035ddfffff,23,54.43,24.93,Beom_Gye
8830e035d7fffff,17:00:00,8830e035d7fffff,238,68.61,22.36,경기 안양시 동안구 평촌동
8830e035d7fffff,17:00:00,8830e035ddfffff,23,63.78,29.62,Beom_Gye
8830e035d7fffff,17:20:00,8830e035d7fffff,202,62.05,21.59,경기 안양시 동안구 평촌동
8830e035d7fffff,17:20:00,8830e035ddfffff,32,70.94,22.51,Beom_Gye
8830e035d7fffff,17:40:00,8830e035d7fffff,220,65.33,21.09,경기 안양시 동안구 평촌동
8830e035d7fffff,17:40:00,8830e035ddfffff,25,52.08,24.86,Beom_Gye
8830e035d7fffff,18:00:00,8830e035d7fffff,215,59.03,21.01,경기 안양시 동안구 평촌동
8830e035d7fffff,18:00:00,8830e035ddfffff,30,52.77,25.96,Beom_Gye
8830e035d7fffff,18:20:00,8830e035d7fffff,186,61.83,21.91,경기 안양시 동안구 평촌동
8830e035d7fffff,18:20:00,8830e035ddfffff,19,50.47,23.12,Beom_Gye
8830e035d7fffff,18:40:00,8830e035d7fffff,204,60.26,21.99,경기 안양시 동안구 평촌동
8830e035d7fffff,18:40:00,8830e035ddfffff,17,47.76,21.89,Beom_Gye
8830e035d7fffff,19:00:00,8830e035d7fffff,201,63.25,22.64,경기 안양시 동안구 평촌동
8830e035d7fffff,19:00:00,8830e035ddfffff,19,66.68,25.07,Beom_Gye
8830e035d7fffff,19:20:00,8830e035d7fffff,185,58.69,17.86,경기 안양시 동안구 평촌동
8830e035d7fffff,19:20:00,8830e035ddfffff,20,48.95,19.92,Beom_Gye
8830e035d7fffff,19:40:00,8830e035d7fffff,195,66.18,22.64,경기 안양시 동안구 평촌동
8830e035d7fffff,20:00:00,8830e035d7fffff,185,62.78,23.11,경기 안양시 동안구 평촌동
8830e035d7fffff,20:20:00,8830e035d7fffff,199,60.17,23.83,경기 안양시 동안구 평촌동
8830e035d7fffff,20:20:00,8830e035ddfffff,18,48.28,28.77,Beom_Gye
8830e035d7fffff,20:40:00,8830e035d7fffff,174,61.57,24.21,경기 안양시 동안구 평촌동
8830e035d7fffff,20:40:00,8830e035ddfffff,10,47.9,19.88,Beom_Gye
8830e035d7fffff,21:00:00,8830e035d7fffff,188,60.66,25.79,경기 안양시 동안구 평촌동
8830e035d7fffff,21:20:00,8830e035d7fffff,196,61.02,22.43,경기 안양시 동안구 평촌동
8830e035d7fffff,21:20:00,8830e035ddfffff,10,57.5,21.99,Beom_Gye
8830e035d7fffff,21:40:00,8830e035d7fffff,189,54.94,23.44,경기 안양시 동안구 평촌동
8830e035d7fffff,22:00:00,8830e035d7fffff,154,62.51,19.77,경기 안양시 동안구 평촌동
8830e035d7fffff,22:20:00,8830e035d7fffff,144,56.47,20.63,경기 안양시 동안구 평촌동
8830e035d7fffff,22:40:00,8830e035d7fffff,96,54.54,19.28,경기 안양시 동안구 평촌동
8830e035d7fffff,23:00:00,8830e035d7fffff,135,48.52,15.2,경기 안양시 동안구 평촌동
8830e035d7fffff,23:20:00,8830e035d7fffff,93,36.04,11.45,경기 안양시 동안구 평촌동
8830e035d9fffff,0:00:00,8830e035ddfffff,25,56.16,17.55,Beom_Gye
8830e035d9fffff,6:20:00,8830e035ddfffff,11,261.45,30.25,Beom_Gye
8830e035d9fffff,6:40:00,8830e035ddfffff,11,71.0,26.54,Beom_Gye
8830e035d9fffff,7:00:00,8830e035ddfffff,17,101.76,30.84,Beom_Gye
8830e035d9fffff,7:20:00,8830e035d7fffff,12,62.0,22.63,경기 안양시 동안구 평촌동
8830e035d9fffff,7:20:00,8830e035ddfffff,12,114.08,21.68,Beom_Gye
8830e035d9fffff,7:40:00,8830e035ddfffff,33,77.09,26.15,Beom_Gye
8830e035d9fffff,8:00:00,8830e035d7fffff,11,61.64,27.64,경기 안양시 동안구 평촌동
8830e035d9fffff,8:00:00,8830e035ddfffff,43,84.6,26.83,Beom_Gye
8830e035d9fffff,8:20:00,8830e035d7fffff,10,76.5,27.85,경기 안양시 동안구 평촌동
8830e035d9fffff,8:20:00,8830e035ddfffff,50,70.98,24.07,Beom_Gye
8830e035d9fffff,8:40:00,8830e035d7fffff,10,128.5,28.33,경기 안양시 동안구 평촌동
8830e035d9fffff,8:40:00,8830e035ddfffff,42,79.02,179.29,Beom_Gye
8830e035d9fffff,9:00:00,8830e035ddfffff,36,68.42,22.14,Beom_Gye
8830e035d9fffff,9:20:00,8830e035d7fffff,10,95.6,30.49,경기 안양시 동안구 평촌동
8830e035d9fffff,9:20:00,8830e035ddfffff,49,66.63,24.65,Beom_Gye
8830e035d9fffff,9:40:00,8830e035ddfffff,42,74.6,27.52,Beom_Gye
8830e035d9fffff,10:00:00,8830e035d7fffff,11,55.0,29.82,경기 안양시 동안구 평촌동
8830e035d9fffff,10:00:00,8830e035ddfffff,46,72.2,24.26,Beom_Gye
8830e035d9fffff,10:20:00,8830e035ddfffff,35,76.66,22.18,Beom_Gye
8830e035d9fffff,10:40:00,8830e035ddfffff,51,62.22,25.52,Beom_Gye
8830e035d9fffff,11:00:00,8830e035d7fffff,10,59.2,25.46,경기 안양시 동안구 평촌동
8830e035d9fffff,11:00:00,8830e035ddfffff,69,63.74,22.2,Beom_Gye
8830e035d9fffff,11:20:00,8830e035d7fffff,16,64.69,26.66,경기 안양시 동안구 평촌동
8830e035d9fffff,11:20:00,8830e035ddfffff,76,57.67,24.02,Beom_Gye
8830e035d9fffff,11:40:00,8830e035d7fffff,13,74.23,23.06,경기 안양시 동안구 평촌동
8830e035d9fffff,11:40:00,8830e035ddfffff,57,62.35,23.06,Beom_Gye
8830e035d9fffff,12:00:00,8830e035d7fffff,18,74.67,20.28,경기 안양시 동안구 평촌동
8830e035d9fffff,12:00:00,8830e035ddfffff,53,80.3,25.0,Beom_Gye
8830e035d9fffff,12:20:00,8830e035d7fffff,18,52.0,22.91,경기 안양시 동안구 평촌동
8830e035d9fffff,12:20:00,8830e035ddfffff,84,60.21,23.51,Beom_Gye
8830e035d9fffff,12:40:00,8830e035ddfffff,73,72.58,23.61,Beom_Gye
8830e035d9fffff,13:00:00,8830e035d7fffff,15,48.6,16.4,경기 안양시 동안구 평촌동
8830e035d9fffff,13:00:00,8830e035ddfffff,51,70.24,28.09,Beom_Gye
8830e035d9fffff,13:20:00,8830e035ddfffff,57,65.61,28.28,Beom_Gye
8830e035d9fffff,13:40:00,8830e035d7fffff,10,82.8,34.96,경기 안양시 동안구 평촌동
8830e035d9fffff,13:40:00,8830e035ddfffff,64,82.88,23.1,Beom_Gye
8830e035d9fffff,14:00:00,8830e035d7fffff,15,53.0,25.0,경기 안양시 동안구 평촌동
8830e035d9fffff,14:00:00,8830e035ddfffff,52,69.46,22.14,Beom_Gye
8830e035d9fffff,14:20:00,8830e035d7fffff,13,56.85,26.44,경기 안양시 동안구 평촌동
8830e035d9fffff,14:20:00,8830e035ddfffff,55,65.89,24.14,Beom_Gye
8830e035d9fffff,14:40:00,8830e035d7fffff,13,79.54,31.24,경기 안양시 동안구 평촌동
8830e035d9fffff,14:40:00,8830e035ddfffff,38,64.55,24.08,Beom_Gye
8830e035d9fffff,15:00:00,8830e035ddfffff,41,61.15,22.19,Beom_Gye
8830e035d9fffff,15:20:00,8830e035ddfffff,73,59.36,22.17,Beom_Gye
8830e035d9fffff,15:40:00,8830e035d7fffff,13,72.08,25.71,경기 안양시 동안구 평촌동
8830e035d9fffff,15:40:00,8830e035ddfffff,53,68.08,27.86,Beom_Gye
8830e035d9fffff,16:00:00,8830e035d7fffff,14,82.07,24.09,경기 안양시 동안구 평촌동
8830e035d9fffff,16:00:00,8830e035ddfffff,36,70.28,24.87,Beom_Gye
8830e035d9fffff,16:20:00,8830e035ddfffff,33,73.12,22.9,Beom_Gye
8830e035d9fffff,16:40:00,8830e035d7fffff,13,57.38,21.65,경기 안양시 동안구 평촌동
8830e035d9fffff,16:40:00,8830e035ddfffff,52,54.21,27.02,Beom_Gye
8830e035d9fffff,17:00:00,8830e035d7fffff,19,54.95,25.41,경기 안양시 동안구 평촌동
8830e035d9fffff,17:00:00,8830e035ddfffff,60,66.17,22.94,Beom_Gye
8830e035d9fffff,17:20:00,8830e035ddfffff,56,52.38,22.5,Beom_Gye
8830e035d9fffff,17:40:00,8830e035d7fffff,20,72.1,21.56,경기 안양시 동안구 평촌동
8830e035d9fffff,17:40:00,8830e035ddfffff,60,61.03,22.37,Beom_Gye
8830e035d9fffff,18:00:00,8830e03531fffff,10,74.2,29.22,경기 안양시 만안구 안양동
8830e035d9fffff,18:00:00,8830e035d7fffff,21,115.67,21.12,경기 안양시 동안구 평촌동
8830e035d9fffff,18:00:00,8830e035ddfffff,61,65.41,22.09,Beom_Gye
8830e035d9fffff,18:20:00,8830e035ddfffff,54,62.65,18.96,Beom_Gye
8830e035d9fffff,18:40:00,8830e035ddfffff,29,62.1,23.27,Beom_Gye
8830e035d9fffff,19:00:00,8830e035ddfffff,45,59.93,21.24,Beom_Gye
8830e035d9fffff,19:20:00,8830e035ddfffff,33,52.09,26.57,Beom_Gye
8830e035d9fffff,19:40:00,8830e035ddfffff,29,60.83,20.3,Beom_Gye
8830e035d9fffff,20:00:00,8830e035d7fffff,10,59.7,26.61,경기 안양시 동안구 평촌동
8830e035d9fffff,20:00:00,8830e035ddfffff,30,55.03,26.54,Beom_Gye
8830e035d9fffff,20:20:00,8830e035d7fffff,11,60.09,24.14,경기 안양시 동안구 평촌동
8830e035d9fffff,20:20:00,8830e035ddfffff,23,63.91,23.13,Beom_Gye
8830e035d9fffff,20:40:00,8830e035ddfffff,21,72.76,34.07,Beom_Gye
8830e035d9fffff,21:00:00,8830e035d7fffff,10,74.5,21.88,경기 안양시 동안구 평촌동
8830e035d9fffff,21:00:00,8830e035ddfffff,21,54.81,21.05,Beom_Gye
8830e035d9fffff,21:20:00,8830e035ddfffff,18,66.0,18.82,Beom_Gye
8830e035d9fffff,21:40:00,8830e035ddfffff,19,48.53,19.82,Beom_Gye
8830e035d9fffff,22:00:00,8830e035ddfffff,12,65.0,26.41,Beom_Gye
8830e035d9fffff,22:20:00,8830e035ddfffff,21,46.81,25.31,Beom_Gye
8830e035d9fffff,22:40:00,8830e035ddfffff,19,51.37,26.85,Beom_Gye
8830e035d9fffff,23:00:00,8830e035ddfffff,12,50.58,21.18,Beom_Gye
8830e035dbfffff,8:00:00,8830e035ddfffff,13,80.77,24.36,Beom_Gye
8830e035dbfffff,8:20:00,8830e035ddfffff,10,116.0,24.36,Beom_Gye
8830e035dbfffff,8:40:00,8830e035ddfffff,12,58.67,27.83,Beom_Gye
8830e035dbfffff,9:20:00,8830e035d7fffff,10,79.3,23.51,경기 안양시 동안구 평촌동
8830e035dbfffff,9:20:00,8830e035ddfffff,12,60.75,31.16,Beom_Gye
8830e035dbfffff,10:00:00,8830e035d7fffff,12,88.92,31.63,경기 안양시 동안구 평촌동
8830e035dbfffff,10:00:00,8830e035ddfffff,15,57.2,23.63,Beom_Gye
8830e035dbfffff,10:20:00,8830e035d7fffff,13,65.38,23.02,경기 안양시 동안구 평촌동
8830e035dbfffff,10:20:00,8830e035ddfffff,14,56.36,38.12,Beom_Gye
8830e035dbfffff,10:40:00,8830e035d7fffff,16,52.56,21.11,경기 안양시 동안구 평촌동
8830e035dbfffff,10:40:00,8830e035ddfffff,17,100.82,32.1,Beom_Gye
8830e035dbfffff,11:00:00,8830e035d7fffff,13,72.08,30.91,경기 안양시 동안구 평촌동
8830e035dbfffff,11:00:00,8830e035ddfffff,17,56.18,33.84,Beom_Gye
8830e035dbfffff,11:20:00,8830e035d7fffff,15,75.73,26.59,경기 안양시 동안구 평촌동
8830e035dbfffff,11:20:00,8830e035ddfffff,25,118.48,25.86,Beom_Gye
8830e035dbfffff,11:40:00,8830e035d7fffff,22,62.86,21.32,경기 안양시 동안구 평촌동
8830e035dbfffff,11:40:00,8830e035ddfffff,35,67.26,27.3,Beom_Gye
8830e035dbfffff,12:00:00,8830e035d7fffff,24,47.96,21.34,경기 안양시 동안구 평촌동
8830e035dbfffff,12:00:00,8830e035ddfffff,23,106.13,27.43,Beom_Gye
8830e035dbfffff,12:20:00,8830e035d7fffff,28,59.32,26.21,경기 안양시 동안구 평촌동
8830e035dbfffff,12:20:00,8830e035ddfffff,21,64.9,23.65,Beom_Gye
8830e035dbfffff,12:40:00,8830e035d7fffff,31,67.39,22.15,경기 안양시 동안구 평촌동
8830e035dbfffff,12:40:00,8830e035ddfffff,23,59.87,28.61,Beom_Gye
8830e035dbfffff,13:00:00,8830e035d7fffff,19,89.05,28.33,경기 안양시 동안구 평촌동
8830e035dbfffff,13:00:00,8830e035ddfffff,23,60.61,24.98,Beom_Gye
8830e035dbfffff,13:20:00,8830e035d7fffff,14,73.57,26.66,경기 안양시 동안구 평촌동
8830e035dbfffff,13:20:00,8830e035ddfffff,29,86.62,24.33,Beom_Gye
8830e035dbfffff,13:40:00,8830e035d7fffff,13,72.31,22.25,경기 안양시 동안구 평촌동
8830e035dbfffff,13:40:00,8830e035ddfffff,26,65.85,27.31,Beom_Gye
8830e035dbfffff,14:00:00,8830e035d7fffff,18,102.78,29.28,경기 안양시 동안구 평촌동
8830e035dbfffff,14:00:00,8830e035ddfffff,23,97.17,20.14,Beom_Gye
8830e035dbfffff,14:20:00,8830e035d7fffff,12,62.25,20.58,경기 안양시 동안구 평촌동
8830e035dbfffff,14:20:00,8830e035ddfffff,37,71.35,24.19,Beom_Gye
8830e035dbfffff,14:40:00,8830e035d7fffff,16,66.13,25.86,경기 안양시 동안구 평촌동
8830e035dbfffff,14:40:00,8830e035ddfffff,30,77.67,25.02,Beom_Gye
8830e035dbfffff,15:00:00,8830e035d7fffff,25,54.36,32.87,경기 안양시 동안구 평촌동
8830e035dbfffff,15:00:00,8830e035ddfffff,30,65.57,22.65,Beom_Gye
8830e035dbfffff,15:20:00,8830e035d7fffff,20,60.9,24.95,경기 안양시 동안구 평촌동
8830e035dbfffff,15:20:00,8830e035ddfffff,41,69.51,28.19,Beom_Gye
8830e035dbfffff,15:40:00,8830e035d7fffff,16,104.13,25.55,경기 안양시 동안구 평촌동
8830e035dbfffff,15:40:00,8830e035ddfffff,24,95.21,29.36,Beom_Gye
8830e035dbfffff,16:00:00,8830e035d7fffff,27,82.96,27.67,경기 안양시 동안구 평촌동
8830e035dbfffff,16:00:00,8830e035ddfffff,28,74.36,25.96,Beom_Gye
8830e035dbfffff,16:20:00,8830e035d7fffff,22,57.36,26.01,경기 안양시 동안구 평촌동
8830e035dbfffff,16:20:00,8830e035ddfffff,22,66.23,24.61,Beom_Gye
8830e035dbfffff,16:40:00,8830e035d7fffff,10,108.6,23.46,경기 안양시 동안구 평촌동
8830e035dbfffff,16:40:00,8830e035ddfffff,29,62.69,21.65,Beom_Gye
8830e035dbfffff,17:00:00,8830e035d7fffff,16,67.31,29.2,경기 안양시 동안구 평촌동
8830e035dbfffff,17:00:00,8830e035ddfffff,47,79.72,23.19,Beom_Gye
8830e035dbfffff,17:20:00,8830e03531fffff,11,60.73,28.16,경기 안양시 만안구 안양동
8830e035dbfffff,17:20:00,8830e035d7fffff,17,62.41,25.0,경기 안양시 동안구 평촌동
8830e035dbfffff,17:20:00,8830e035ddfffff,47,56.13,20.36,Beom_Gye
8830e035dbfffff,17:40:00,8830e035d7fffff,20,67.5,21.6,경기 안양시 동안구 평촌동
8830e035dbfffff,17:40:00,8830e035ddfffff,46,52.74,21.91,Beom_Gye
8830e035dbfffff,18:00:00,8830e03531fffff,17,59.35,29.76,경기 안양시 만안구 안양동
8830e035dbfffff,18:00:00,8830e035d7fffff,25,85.36,20.53,경기 안양시 동안구 평촌동
8830e035dbfffff,18:00:00,8830e035ddfffff,78,49.04,23.38,Beom_Gye
8830e035dbfffff,18:20:00,8830e035d7fffff,10,84.4,21.09,경기 안양시 동안구 평촌동
8830e035dbfffff,18:20:00,8830e035ddfffff,33,55.42,24.67,Beom_Gye
8830e035dbfffff,18:40:00,8830e035d7fffff,10,99.4,27.72,경기 안양시 동안구 평촌동
8830e035dbfffff,18:40:00,8830e035ddfffff,14,63.0,25.56,Beom_Gye
8830e035dbfffff,19:00:00,8830e035d7fffff,14,73.57,26.2,경기 안양시 동안구 평촌동
8830e035dbfffff,19:00:00,8830e035ddfffff,23,52.17,28.72,Beom_Gye
8830e035dbfffff,19:20:00,8830e035ddfffff,10,66.4,25.22,Beom_Gye
8830e035dbfffff,19:40:00,8830e035ddfffff,10,58.6,26.65,Beom_Gye
8830e035dbfffff,20:20:00,8830e035ddfffff,11,75.0,40.01,Beom_Gye
8830e035dbfffff,21:20:00,8830e035d7fffff,12,91.17,57.57,경기 안양시 동안구 평촌동
8830e035dbfffff,21:40:00,8830e035d7fffff,16,100.94,45.22,경기 안양시 동안구 평촌동
8830e035ddfffff,0:00:00,8830e035d7fffff,51,57.27,21.79,경기 안양시 동안구 평촌동
8830e035ddfffff,0:00:00,8830e035ddfffff,411,56.97,18.82,Beom_Gye
8830e035ddfffff,0:20:00,8830e035ddfffff,20,63.35,15.35,Beom_Gye
8830e035ddfffff,0:40:00,8830e035d7fffff,10,68.7,15.12,경기 안양시 동안구 평촌동
8830e035ddfffff,0:40:00,8830e035ddfffff,41,52.76,19.95,Beom_Gye
8830e035ddfffff,1:00:00,8830e035ddfffff,44,59.41,22.6,Beom_Gye
8830e035ddfffff,1:20:00,8830e035d7fffff,11,69.73,22.17,경기 안양시 동안구 평촌동
8830e035ddfffff,1:20:00,8830e035ddfffff,31,51.87,17.06,Beom_Gye
8830e035ddfffff,1:40:00,8830e035ddfffff,36,68.83,17.19,Beom_Gye
8830e035ddfffff,2:00:00,8830e035ddfffff,19,65.32,18.64,Beom_Gye
8830e035ddfffff,2:20:00,8830e035ddfffff,25,58.28,14.69,Beom_Gye
8830e035ddfffff,2:40:00,8830e035ddfffff,11,51.73,19.93,Beom_Gye
8830e035ddfffff,3:00:00,8830e035ddfffff,24,66.75,31.44,Beom_Gye
8830e035ddfffff,3:20:00,8830e035ddfffff,31,131.26,29.5,Beom_Gye
8830e035ddfffff,3:40:00,8830e035ddfffff,22,65.05,30.53,Beom_Gye
8830e035ddfffff,4:00:00,8830e035ddfffff,16,67.81,37.83,Beom_Gye
8830e035ddfffff,4:20:00,8830e035ddfffff,32,103.44,27.11,Beom_Gye
8830e035ddfffff,4:40:00,8830e035ddfffff,18,105.67,31.02,Beom_Gye
8830e035ddfffff,5:00:00,8830e035ddfffff,27,135.48,27.0,Beom_Gye
8830e035ddfffff,5:20:00,8830e035ddfffff,27,233.3,43.39,Beom_Gye
8830e035ddfffff,5:40:00,8830e035ddfffff,38,121.05,28.84,Beom_Gye
8830e035ddfffff,6:00:00,8830e035ddfffff,36,93.86,33.79,Beom_Gye
8830e035ddfffff,6:20:00,8830e035ddfffff,51,88.35,23.02,Beom_Gye
8830e035ddfffff,6:40:00,8830e035ddfffff,49,86.18,23.09,Beom_Gye
8830e035ddfffff,7:00:00,8830e035ddfffff,123,120.01,23.06,Beom_Gye
8830e035ddfffff,7:20:00,8830e035ddfffff,143,88.64,30.97,Beom_Gye
8830e035ddfffff,7:40:00,8830e035d7fffff,16,67.56,23.72,경기 안양시 동안구 평촌동
8830e035ddfffff,7:40:00,8830e035ddfffff,131,80.49,28.47,Beom_Gye
8830e035ddfffff,8:00:00,8830e035d7fffff,11,69.27,26.93,경기 안양시 동안구 평촌동
8830e035ddfffff,8:00:00,8830e035ddfffff,180,80.98,24.79,Beom_Gye
8830e035ddfffff,8:20:00,8830e035d7fffff,12,80.83,22.93,경기 안양시 동안구 평촌동
8830e035ddfffff,8:20:00,8830e035ddfffff,193,92.72,24.79,Beom_Gye
8830e035ddfffff,8:40:00,8830e035ddfffff,240,67.75,25.54,Beom_Gye
8830e035ddfffff,9:00:00,8830e035ddfffff,272,77.06,25.73,Beom_Gye
8830e035ddfffff,9:20:00,8830e035d7fffff,12,46.0,24.19,경기 안양시 동안구 평촌동
8830e035ddfffff,9:20:00,8830e035ddfffff,358,80.7,28.08,Beom_Gye
8830e035ddfffff,9:40:00,8830e035d7fffff,16,128.44,23.92,경기 안양시 동안구 평촌동
8830e035ddfffff,9:40:00,8830e035ddfffff,344,69.46,28.26,Beom_Gye
8830e035ddfffff,10:00:00,8830e035ddfffff,387,71.3,23.31,Beom_Gye
8830e035ddfffff,10:20:00,8830e035d7fffff,17,60.94,18.0,경기 안양시 동안구 평촌동
8830e035ddfffff,10:20:00,8830e035ddfffff,433,71.17,26.35,Beom_Gye
8830e035ddfffff,10:40:00,8830e035d7fffff,17,55.24,23.87,경기 안양시 동안구 평촌동
8830e035ddfffff,10:40:00,8830e035ddfffff,437,66.28,25.24,Beom_Gye
8830e035ddfffff,11:00:00,8830e035d7fffff,15,136.33,14.98,경기 안양시 동안구 평촌동
8830e035ddfffff,11:00:00,8830e035ddfffff,546,68.41,28.03,Beom_Gye
8830e035ddfffff,11:20:00,8830e035d7fffff,21,61.62,22.01,경기 안양시 동안구 평촌동
8830e035ddfffff,11:20:00,8830e035ddfffff,707,71.42,25.38,Beom_Gye
8830e035ddfffff,11:40:00,8830e035d7fffff,18,54.5,20.12,경기 안양시 동안구 평촌동
8830e035ddfffff,11:40:00,8830e035ddfffff,593,65.42,25.86,Beom_Gye
8830e035ddfffff,12:00:00,8830e035d7fffff,19,125.0,24.12,경기 안양시 동안구 평촌동
8830e035ddfffff,12:00:00,8830e035ddfffff,564,59.48,23.62,Beom_Gye
8830e035ddfffff,12:20:00,8830e035d7fffff,22,124.68,22.06,경기 안양시 동안구 평촌동
8830e035ddfffff,12:20:00,8830e035ddfffff,519,63.26,24.0,Beom_Gye
8830e035ddfffff,12:40:00,8830e035d7fffff,34,54.41,22.45,경기 안양시 동안구 평촌동
8830e035ddfffff,12:40:00,8830e035ddfffff,500,62.57,24.04,Beom_Gye
8830e035ddfffff,13:00:00,8830e035d7fffff,44,60.98,22.37,경기 안양시 동안구 평촌동
8830e035ddfffff,13:00:00,8830e035ddfffff,450,67.26,25.4,Beom_Gye
8830e035ddfffff,13:20:00,8830e035d7fffff,38,62.03,22.96,경기 안양시 동안구 평촌동
8830e035ddfffff,13:20:00,8830e035ddfffff,450,64.29,24.81,Beom_Gye
8830e035ddfffff,13:40:00,8830e035d7fffff,25,68.28,19.97,경기 안양시 동안구 평촌동
8830e035ddfffff,13:40:00,8830e035ddfffff,474,62.7,24.08,Beom_Gye
8830e035ddfffff,14:00:00,8830e035d7fffff,37,60.89,25.31,경기 안양시 동안구 평촌동
8830e035ddfffff,14:00:00,8830e035ddfffff,502,68.03,25.49,Beom_Gye
8830e035ddfffff,14:20:00,8830e035d7fffff,39,63.72,23.23,경기 안양시 동안구 평촌동
8830e035ddfffff,14:20:00,8830e035ddfffff,464,61.34,25.31,Beom_Gye
8830e035ddfffff,14:40:00,8830e035d7fffff,46,68.09,23.37,경기 안양시 동안구 평촌동
8830e035ddfffff,14:40:00,8830e035ddfffff,451,64.64,22.16,Beom_Gye
8830e035ddfffff,15:00:00,8830e035d7fffff,37,49.59,23.94,경기 안양시 동안구 평촌동
8830e035ddfffff,15:00:00,8830e035ddfffff,437,64.96,24.57,Beom_Gye
8830e035ddfffff,15:20:00,8830e035d7fffff,30,52.43,20.49,경기 안양시 동안구 평촌동
8830e035ddfffff,15:20:00,8830e035ddfffff,442,62.79,23.68,Beom_Gye
8830e035ddfffff,15:40:00,8830e035d7fffff,34,68.91,20.37,경기 안양시 동안구 평촌동
8830e035ddfffff,15:40:00,8830e035ddfffff,459,61.47,23.42,Beom_Gye
8830e035ddfffff,16:00:00,8830e035d7fffff,29,70.69,24.02,경기 안양시 동안구 평촌동
8830e035ddfffff,16:00:00,8830e035ddfffff,394,61.09,23.46,Beom_Gye
8830e035ddfffff,16:20:00,8830e03531fffff,14,57.93,25.64,경기 안양시 만안구 안양동
8830e035ddfffff,16:20:00,8830e035d7fffff,31,67.26,23.16,경기 안양시 동안구 평촌동
8830e035ddfffff,16:20:00,8830e035ddfffff,372,57.62,21.64,Beom_Gye
8830e035ddfffff,16:40:00,8830e03531fffff,11,63.64,28.4,경기 안양시 만안구 안양동
8830e035ddfffff,16:40:00,8830e035d7fffff,37,58.65,21.41,경기 안양시 동안구 평촌동
8830e035ddfffff,16:40:00,8830e035ddfffff,352,61.72,21.7,Beom_Gye
8830e035ddfffff,17:00:00,8830e03531fffff,10,60.2,25.34,경기 안양시 만안구 안양동
8830e035ddfffff,17:00:00,8830e035d7fffff,40,46.93,24.59,경기 안양시 동안구 평촌동
8830e035ddfffff,17:00:00,8830e035ddfffff,358,61.06,23.22,Beom_Gye
8830e035ddfffff,17:20:00,8830e035d7fffff,37,49.24,20.68,경기 안양시 동안구 평촌동
8830e035ddfffff,17:20:00,8830e035ddfffff,288,54.97,21.94,Beom_Gye
8830e035ddfffff,17:40:00,8830e035d7fffff,30,52.37,22.07,경기 안양시 동안구 평촌동
8830e035ddfffff,17:40:00,8830e035ddfffff,281,54.31,22.0,Beom_Gye
8830e035ddfffff,18:00:00,8830e03531fffff,12,82.92,26.52,경기 안양시 만안구 안양동
8830e035ddfffff,18:00:00,8830e035d7fffff,56,48.54,24.41,경기 안양시 동안구 평촌동
8830e035ddfffff,18:00:00,8830e035ddfffff,284,56.53,20.02,Beom_Gye
8830e035ddfffff,18:00:00,8830e15361fffff,13,73.31,36.06,경기 성남시 분당구 야탑동
8830e035ddfffff,18:20:00,8830e035d7fffff,40,124.4,22.94,경기 안양시 동안구 평촌동
8830e035ddfffff,18:20:00,8830e035ddfffff,249,51.84,21.83,Beom_Gye
8830e035ddfffff,18:40:00,8830e035d7fffff,21,105.67,23.9,경기 안양시 동안구 평촌동
8830e035ddfffff,18:40:00,8830e035ddfffff,220,53.07,20.71,Beom_Gye
8830e035ddfffff,19:00:00,8830e035d7fffff,28,59.29,18.31,경기 안양시 동안구 평촌동
8830e035ddfffff,19:00:00,8830e035ddfffff,303,57.52,21.53,Beom_Gye
8830e035ddfffff,19:20:00,8830e035d7fffff,38,89.03,20.74,경기 안양시 동안구 평촌동
8830e035ddfffff,19:20:00,8830e035ddfffff,253,56.07,25.23,Beom_Gye
8830e035ddfffff,19:40:00,8830e03531fffff,13,49.54,37.26,경기 안양시 만안구 안양동
8830e035ddfffff,19:40:00,8830e035d7fffff,33,91.45,19.36,경기 안양시 동안구 평촌동
8830e035ddfffff,19:40:00,8830e035ddfffff,277,57.14,23.34,Beom_Gye
8830e035ddfffff,20:00:00,8830e035d7fffff,28,56.5,25.7,경기 안양시 동안구 평촌동
8830e035ddfffff,20:00:00,8830e035ddfffff,275,53.0,24.09,Beom_Gye
8830e035ddfffff,20:20:00,8830e035d7fffff,40,75.8,22.05,경기 안양시 동안구 평촌동
8830e035ddfffff,20:20:00,8830e035ddfffff,247,55.07,25.88,Beom_Gye
8830e035ddfffff,20:40:00,8830e035d7fffff,24,72.21,26.48,경기 안양시 동안구 평촌동
8830e035ddfffff,20:40:00,8830e035ddfffff,253,58.19,24.39,Beom_Gye
8830e035ddfffff,21:00:00,8830e035d7fffff,31,70.42,22.6,경기 안양시 동안구 평촌동
8830e035ddfffff,21:00:00,8830e035ddfffff,256,57.44,26.74,Beom_Gye
8830e035ddfffff,21:20:00,8830e035d7fffff,45,56.56,21.68,경기 안양시 동안구 평촌동
8830e035ddfffff,21:20:00,8830e035ddfffff,208,55.79,24.91,Beom_Gye
8830e035ddfffff,21:40:00,8830e035d7fffff,34,48.41,26.45,경기 안양시 동안구 평촌동
8830e035ddfffff,21:40:00,8830e035ddfffff,185,50.03,23.4,Beom_Gye
8830e035ddfffff,22:00:00,8830e035d7fffff,45,83.78,20.13,경기 안양시 동안구 평촌동
8830e035ddfffff,22:00:00,8830e035ddfffff,200,63.97,23.69,Beom_Gye
8830e035ddfffff,22:20:00,8830e035d7fffff,24,49.21,20.12,경기 안양시 동안구 평촌동
8830e035ddfffff,22:20:00,8830e035ddfffff,157,51.63,21.63,Beom_Gye
8830e035ddfffff,22:40:00,8830e035d7fffff,29,54.93,19.79,경기 안양시 동안구 평촌동
8830e035ddfffff,22:40:00,8830e035ddfffff,111,52.86,17.44,Beom_Gye
8830e035ddfffff,23:00:00,8830e035d7fffff,29,50.66,11.88,경기 안양시 동안구 평촌동
8830e035ddfffff,23:00:00,8830e035ddfffff,126,47.48,17.17,Beom_Gye
8830e035ddfffff,23:20:00,8830e035d7fffff,17,36.18,22.95,경기 안양시 동안구 평촌동
8830e035ddfffff,23:20:00,8830e035ddfffff,113,46.83,18.27,Beom_Gye
8830e035e1fffff,8:40:00,8830e035ddfffff,14,44.36,26.47,Beom_Gye
8830e035e1fffff,9:00:00,8830e035ddfffff,11,54.55,31.39,Beom_Gye
8830e035e1fffff,12:00:00,8830e035ddfffff,10,70.8,28.53,Beom_Gye
8830e035e3fffff,17:20:00,8830e035ddfffff,11,47.55,26.03,Beom_Gye
8830e035e3fffff,18:00:00,8830e035ddfffff,10,44.3,25.97,Beom_Gye
8830e035e7fffff,8:20:00,8830e035ddfffff,11,44.73,31.88,Beom_Gye
8830e035e7fffff,16:40:00,8830e035ddfffff,10,67.2,30.8,Beom_Gye
8830e035e7fffff,17:40:00,8830e03531fffff,11,275.55,17.84,경기 안양시 만안구 안양동
8830e035e7fffff,18:00:00,8830e03531fffff,10,214.5,19.43,경기 안양시 만안구 안양동
8830e035e7fffff,18:00:00,8830e035ddfffff,17,49.88,29.79,Beom_Gye
8830e035e9fffff,6:40:00,8830e024dbfffff,25,52.44,56.16,경기 성남시 분당구 서현동
8830e035e9fffff,7:00:00,8830e035ddfffff,10,75.6,26.56,Beom_Gye
8830e035e9fffff,7:40:00,8830e035d7fffff,16,62.0,28.51,경기 안양시 동안구 평촌동
8830e035e9fffff,7:40:00,8830e035ddfffff,12,69.42,24.82,Beom_Gye
8830e035e9fffff,8:00:00,8830e035ddfffff,20,79.8,29.51,Beom_Gye
8830e035e9fffff,8:20:00,8830e035ddfffff,20,61.25,30.4,Beom_Gye
8830e035e9fffff,9:20:00,8830e035ddfffff,11,46.36,32.7,Beom_Gye
8830e035e9fffff,10:20:00,8830e035ddfffff,10,51.4,27.29,Beom_Gye
8830e035e9fffff,13:00:00,8830e035ddfffff,11,57.36,28.77,Beom_Gye
8830e035e9fffff,13:40:00,8830e03531fffff,10,98.7,19.26,경기 안양시 만안구 안양동
8830e035e9fffff,14:20:00,8830e03531fffff,11,133.18,20.67,경기 안양시 만안구 안양동
8830e035e9fffff,16:00:00,8830e035ddfffff,14,92.93,25.94,Beom_Gye
8830e035e9fffff,16:20:00,8830e035ddfffff,11,180.36,17.7,Beom_Gye
8830e035e9fffff,17:00:00,8830e03531fffff,12,88.67,17.72,경기 안양시 만안구 안양동
8830e035e9fffff,17:00:00,8830e035ddfffff,10,55.7,25.79,Beom_Gye
8830e035e9fffff,17:20:00,8830e03531fffff,15,53.2,19.92,경기 안양시 만안구 안양동
8830e035e9fffff,17:40:00,8830e03531fffff,12,57.67,27.29,경기 안양시 만안구 안양동
8830e035ebfffff,7:20:00,8830e0ac83fffff,10,52.9,64.15,서울 구로구 구로동
8830e035ebfffff,8:20:00,8830e035ddfffff,15,60.87,35.23,Beom_Gye
8830e035ebfffff,12:20:00,8830e035ddfffff,12,43.17,28.25,Beom_Gye
8830e035ebfffff,15:00:00,8830e035ddfffff,11,55.82,22.51,Beom_Gye
8830e035ebfffff,16:00:00,8830e03531fffff,10,85.7,26.93,경기 안양시 만안구 안양동
8830e035ebfffff,16:00:00,8830e035ddfffff,13,63.85,25.69,Beom_Gye
8830e035ebfffff,16:20:00,8830e035ddfffff,13,52.08,35.72,Beom_Gye
8830e035ebfffff,17:00:00,8830e035ddfffff,16,58.69,37.37,Beom_Gye
8830e035ebfffff,17:20:00,8830e035ddfffff,24,66.21,39.1,Beom_Gye
8830e035ebfffff,17:40:00,8830e03531fffff,10,132.5,26.81,경기 안양시 만안구 안양동
8830e035ebfffff,17:40:00,8830e035ddfffff,35,47.43,32.32,Beom_Gye
8830e035ebfffff,18:00:00,8830e03531fffff,19,49.0,28.49,경기 안양시 만안구 안양동
8830e035ebfffff,18:00:00,8830e035d7fffff,12,56.42,37.21,경기 안양시 동안구 평촌동
8830e035ebfffff,18:00:00,8830e035ddfffff,37,48.41,24.68,Beom_Gye
8830e035ebfffff,18:20:00,8830e035ddfffff,12,43.83,27.63,Beom_Gye
8830e035ebfffff,18:40:00,8830e035ddfffff,10,76.6,26.78,Beom_Gye
8830e035edfffff,0:00:00,8830e03531fffff,15,44.13,11.04,경기 안양시 만안구 안양동
8830e035edfffff,8:00:00,8830e035ddfffff,12,53.33,35.3,Beom_Gye
8830e035edfffff,9:00:00,8830e03531fffff,11,74.55,20.13,경기 안양시 만안구 안양동
8830e035edfffff,9:00:00,8830e035ddfffff,10,61.0,34.98,Beom_Gye
8830e035edfffff,10:20:00,8830e03531fffff,12,62.5,14.56,경기 안양시 만안구 안양동
8830e035edfffff,10:20:00,8830e035ddfffff,11,96.64,40.39,Beom_Gye
8830e035edfffff,11:00:00,8830e03531fffff,11,64.91,16.91,경기 안양시 만안구 안양동
8830e035edfffff,11:20:00,8830e03531fffff,14,49.0,16.6,경기 안양시 만안구 안양동
8830e035edfffff,11:40:00,8830e03531fffff,12,48.83,16.78,경기 안양시 만안구 안양동
8830e035edfffff,12:00:00,8830e03531fffff,15,63.93,14.2,경기 안양시 만안구 안양동
8830e035edfffff,12:20:00,8830e03531fffff,12,61.5,11.84,경기 안양시 만안구 안양동
8830e035edfffff,12:40:00,8830e03531fffff,14,52.86,14.28,경기 안양시 만안구 안양동
8830e035edfffff,13:00:00,8830e03531fffff,15,61.47,17.36,경기 안양시 만안구 안양동
8830e035edfffff,13:00:00,8830e035ddfffff,10,59.9,27.09,Beom_Gye
8830e035edfffff,13:20:00,8830e03531fffff,13,53.38,17.26,경기 안양시 만안구 안양동
8830e035edfffff,13:40:00,8830e03531fffff,12,51.42,16.6,경기 안양시 만안구 안양동
8830e035edfffff,14:00:00,8830e03531fffff,11,58.45,23.69,경기 안양시 만안구 안양동
8830e035edfffff,14:20:00,8830e03531fffff,14,145.5,19.24,경기 안양시 만안구 안양동
8830e035edfffff,14:40:00,8830e03531fffff,17,56.35,17.3,경기 안양시 만안구 안양동
8830e035edfffff,15:00:00,8830e03531fffff,18,59.72,16.94,경기 안양시 만안구 안양동
8830e035edfffff,15:20:00,8830e03531fffff,18,67.33,15.52,경기 안양시 만안구 안양동
8830e035edfffff,15:40:00,8830e03531fffff,27,73.7,17.08,경기 안양시 만안구 안양동
8830e035edfffff,16:00:00,8830e03531fffff,19,85.0,15.74,경기 안양시 만안구 안양동
8830e035edfffff,16:20:00,8830e03531fffff,25,59.04,20.37,경기 안양시 만안구 안양동
8830e035edfffff,16:40:00,8830e03531fffff,20,49.85,16.29,경기 안양시 만안구 안양동
8830e035edfffff,17:00:00,8830e03531fffff,20,78.9,15.02,경기 안양시 만안구 안양동
8830e035edfffff,17:20:00,8830e03531fffff,19,95.42,14.81,경기 안양시 만안구 안양동
8830e035edfffff,17:20:00,8830e035ddfffff,11,52.73,28.76,Beom_Gye
8830e035edfffff,17:40:00,8830e03531fffff,20,55.55,15.47,경기 안양시 만안구 안양동
8830e035edfffff,17:40:00,8830e035ddfffff,10,52.0,24.34,Beom_Gye
8830e035edfffff,18:00:00,8830e03531fffff,23,47.96,16.94,경기 안양시 만안구 안양동
8830e035edfffff,18:00:00,8830e035ddfffff,12,56.67,37.94,Beom_Gye
8830e035edfffff,18:20:00,8830e03531fffff,13,54.15,15.03,경기 안양시 만안구 안양동
8830e035edfffff,18:40:00,8830e03531fffff,18,41.06,25.25,경기 안양시 만안구 안양동
8830e035edfffff,19:20:00,8830e03531fffff,15,56.87,16.66,경기 안양시 만안구 안양동
8830e035edfffff,20:00:00,8830e03531fffff,19,57.79,18.01,경기 안양시 만안구 안양동
8830e035edfffff,20:20:00,8830e03531fffff,15,67.6,21.64,경기 안양시 만안구 안양동
8830e035edfffff,20:40:00,8830e03531fffff,11,58.64,23.8,경기 안양시 만안구 안양동
8830e035edfffff,21:00:00,8830e03531fffff,13,50.92,19.56,경기 안양시 만안구 안양동
8830e035edfffff,21:40:00,8830e03531fffff,12,46.25,21.31,경기 안양시 만안구 안양동
8830e035edfffff,22:00:00,8830e03531fffff,16,58.63,16.78,경기 안양시 만안구 안양동
8830e035edfffff,23:00:00,8830e03531fffff,13,44.69,12.52,경기 안양시 만안구 안양동
8830e03601fffff,7:00:00,8830e0ae99fffff,11,45.73,57.28,서울 강서구 등촌동
8830e03601fffff,7:20:00,8830e0ac83fffff,12,78.75,29.43,서울 구로구 구로동
8830e03601fffff,8:00:00,8830e0ac83fffff,17,43.94,37.47,서울 구로구 구로동
8830e03601fffff,8:20:00,8830e0ac83fffff,12,47.33,27.51,서울 구로구 구로동
8830e03601fffff,15:40:00,8830e0ac87fffff,10,90.8,27.95,서울 강서구 화곡동
8830e03603fffff,6:20:00,8830e0ae99fffff,11,39.91,61.0,서울 강서구 등촌동
8830e03603fffff,7:40:00,8830e0ac83fffff,12,63.33,27.08,서울 구로구 구로동
8830e03607fffff,8:20:00,8830e0ac83fffff,12,82.25,37.75,서울 구로구 구로동
8830e03609fffff,8:20:00,8830e035ddfffff,11,44.0,59.55,Beom_Gye
8830e0360bfffff,8:00:00,8830e0ac83fffff,12,45.58,38.31,서울 구로구 구로동
8830e0360bfffff,8:00:00,8830e0ae99fffff,10,63.2,43.67,서울 강서구 등촌동
8830e03613fffff,8:00:00,8830e0ac83fffff,11,43.45,34.41,서울 구로구 구로동
8830e0361bfffff,8:00:00,8830e0ac83fffff,12,112.67,43.35,서울 구로구 구로동
8830e0361bfffff,8:00:00,8830e0ae99fffff,20,54.6,39.13,서울 강서구 등촌동
8830e03621fffff,17:20:00,8830e03531fffff,10,55.8,58.77,경기 안양시 만안구 안양동
8830e03621fffff,17:20:00,8830e0ad9bfffff,10,68.8,33.68,Gwang_Myeong
8830e03629fffff,18:00:00,8830e0ad9bfffff,11,47.27,26.08,Gwang_Myeong
8830e0362dfffff,0:00:00,8830e03531fffff,14,60.07,67.83,경기 안양시 만안구 안양동
8830e0362dfffff,0:00:00,8830e0ad9bfffff,16,48.31,24.89,Gwang_Myeong
8830e0362dfffff,15:20:00,8830e03531fffff,13,85.15,68.72,경기 안양시 만안구 안양동
8830e03639fffff,8:00:00,8830e0ac83fffff,14,47.79,41.83,서울 구로구 구로동
8830e03641fffff,0:00:00,8830e0ad9bfffff,51,111.25,23.0,Gwang_Myeong
8830e03641fffff,13:40:00,8830e0ad9bfffff,11,99.64,18.64,Gwang_Myeong
8830e03641fffff,14:40:00,8830e0ad9bfffff,11,56.82,22.4,Gwang_Myeong
8830e03641fffff,15:00:00,8830e0ad9bfffff,11,85.91,22.62,Gwang_Myeong
8830e03641fffff,15:20:00,8830e0ad9bfffff,12,63.92,22.67,Gwang_Myeong
8830e03641fffff,16:00:00,8830e0ad9bfffff,13,62.85,22.73,Gwang_Myeong
8830e03641fffff,16:40:00,8830e0ad9bfffff,11,54.09,20.43,Gwang_Myeong
8830e03641fffff,17:00:00,8830e0ad9bfffff,15,85.2,22.08,Gwang_Myeong
8830e03641fffff,17:20:00,8830e0ad9bfffff,14,90.43,17.88,Gwang_Myeong
8830e03641fffff,17:40:00,8830e0ad9bfffff,11,49.91,18.26,Gwang_Myeong
8830e03641fffff,18:00:00,8830e0ad9bfffff,11,59.36,21.23,Gwang_Myeong
8830e03641fffff,18:20:00,8830e0ad9bfffff,11,63.55,31.24,Gwang_Myeong
8830e03641fffff,18:40:00,8830e0ad9bfffff,14,66.36,20.97,Gwang_Myeong
8830e03641fffff,19:00:00,8830e0ad9bfffff,15,46.4,19.77,Gwang_Myeong
8830e03641fffff,19:20:00,8830e0ad9bfffff,17,51.24,22.47,Gwang_Myeong
8830e03641fffff,19:40:00,8830e0ad9bfffff,10,59.9,32.6,Gwang_Myeong
8830e03641fffff,20:00:00,8830e0ad9bfffff,12,92.0,19.73,Gwang_Myeong
8830e03641fffff,21:00:00,8830e0ad9bfffff,11,55.36,16.01,Gwang_Myeong
8830e03641fffff,21:40:00,8830e0ad9bfffff,11,67.27,14.95,Gwang_Myeong
8830e03641fffff,23:20:00,8830e0ad9bfffff,10,35.9,13.95,Gwang_Myeong
8830e03643fffff,8:20:00,8830e0ac83fffff,11,43.45,24.72,서울 구로구 구로동
8830e03643fffff,17:20:00,8830e0ad9bfffff,13,42.62,18.45,Gwang_Myeong
8830e03643fffff,17:40:00,8830e035ddfffff,10,60.5,41.0,Beom_Gye
8830e03643fffff,17:40:00,8830e0ad9bfffff,10,43.8,23.11,Gwang_Myeong
8830e03643fffff,18:00:00,8830e0ad9bfffff,16,59.44,18.94,Gwang_Myeong
8830e03645fffff,5:40:00,8830e025a5fffff,10,64.3,58.24,경기 수원시 영통구 원천동
8830e03645fffff,8:00:00,8830e035ddfffff,12,73.5,29.69,Beom_Gye
8830e03645fffff,8:00:00,8830e0ad9bfffff,12,52.83,16.7,Gwang_Myeong
8830e03645fffff,8:20:00,8830e0ad9bfffff,13,42.31,22.5,Gwang_Myeong
8830e03645fffff,8:40:00,8830e0ad9bfffff,10,84.5,27.63,Gwang_Myeong
8830e03645fffff,9:00:00,8830e0ad9bfffff,14,50.64,21.34,Gwang_Myeong
8830e03645fffff,9:40:00,8830e0ad9bfffff,12,86.17,21.38,Gwang_Myeong
8830e03645fffff,11:00:00,8830e0ad9bfffff,11,40.73,16.3,Gwang_Myeong
8830e03645fffff,11:20:00,8830e0ad9bfffff,11,68.0,26.74,Gwang_Myeong
8830e03645fffff,11:40:00,8830e0ad9bfffff,16,66.69,29.18,Gwang_Myeong
8830e03645fffff,12:00:00,8830e0ad9bfffff,24,76.25,28.7,Gwang_Myeong
8830e03645fffff,12:20:00,8830e0ad9bfffff,19,68.89,26.67,Gwang_Myeong
8830e03645fffff,12:40:00,8830e0ad9bfffff,12,62.58,29.85,Gwang_Myeong
8830e03645fffff,13:20:00,8830e0ad9bfffff,15,67.2,27.71,Gwang_Myeong
8830e03645fffff,13:40:00,8830e035ddfffff,17,53.71,45.71,Beom_Gye
8830e03645fffff,13:40:00,8830e0ad9bfffff,12,47.33,15.17,Gwang_Myeong
8830e03645fffff,14:00:00,8830e0ad9bfffff,15,53.0,17.92,Gwang_Myeong
8830e03645fffff,14:20:00,8830e0ad9bfffff,15,76.0,23.69,Gwang_Myeong
8830e03645fffff,14:40:00,8830e0ad9bfffff,20,65.95,23.93,Gwang_Myeong
8830e03645fffff,15:00:00,8830e0ad9bfffff,12,71.67,20.01,Gwang_Myeong
8830e03645fffff,15:20:00,8830e0ad9bfffff,10,65.6,15.89,Gwang_Myeong
8830e03645fffff,15:40:00,8830e0ad9bfffff,18,71.5,21.82,Gwang_Myeong
8830e03645fffff,16:00:00,8830e0ad9bfffff,13,78.08,32.11,Gwang_Myeong
8830e03645fffff,16:20:00,8830e0ad9bfffff,24,46.46,16.79,Gwang_Myeong
8830e03645fffff,16:40:00,8830e0ad9bfffff,20,69.65,23.77,Gwang_Myeong
8830e03645fffff,17:00:00,8830e0ad9bfffff,15,115.93,12.57,Gwang_Myeong
8830e03645fffff,17:20:00,8830e0ad9bfffff,16,46.81,19.0,Gwang_Myeong
8830e03645fffff,17:40:00,8830e0ad9bfffff,13,43.38,17.17,Gwang_Myeong
8830e03645fffff,18:00:00,8830e0ad9bfffff,13,42.31,16.83,Gwang_Myeong
8830e03645fffff,18:20:00,8830e0ad9bfffff,13,41.77,15.96,Gwang_Myeong
8830e03645fffff,20:40:00,8830e0ad9bfffff,11,39.73,20.38,Gwang_Myeong
8830e03647fffff,18:00:00,8830e0ad9bfffff,10,42.6,15.45,Gwang_Myeong
8830e03649fffff,0:00:00,8830e0ad9bfffff,24,86.29,27.31,Gwang_Myeong
8830e03649fffff,8:40:00,8830e0ad9bfffff,10,77.0,23.21,Gwang_Myeong
8830e03649fffff,9:20:00,8830e0ad9bfffff,10,57.8,24.22,Gwang_Myeong
8830e03649fffff,10:00:00,8830e0ad9bfffff,15,58.53,20.69,Gwang_Myeong
8830e03649fffff,10:40:00,8830e0ad9bfffff,10,55.3,22.64,Gwang_Myeong
8830e03649fffff,11:20:00,8830e0ad9bfffff,13,60.92,22.67,Gwang_Myeong
8830e03649fffff,12:00:00,8830e0ad9bfffff,11,49.55,20.73,Gwang_Myeong
8830e03649fffff,13:00:00,8830e0ad9bfffff,10,56.2,24.58,Gwang_Myeong
8830e03649fffff,13:20:00,8830e0ad9bfffff,16,64.56,25.15,Gwang_Myeong
8830e03649fffff,13:40:00,8830e0ad9bfffff,13,79.15,25.36,Gwang_Myeong
8830e03649fffff,14:00:00,8830e0ad9bfffff,13,50.62,17.91,Gwang_Myeong
8830e03649fffff,14:20:00,8830e0ad9bfffff,12,52.33,21.1,Gwang_Myeong
8830e03649fffff,14:40:00,8830e0ad9bfffff,13,53.77,18.29,Gwang_Myeong
8830e03649fffff,15:00:00,8830e0ad9bfffff,14,61.29,21.3,Gwang_Myeong
8830e03649fffff,15:20:00,8830e0ad9bfffff,12,77.5,22.62,Gwang_Myeong
8830e03649fffff,15:40:00,8830e0ad9bfffff,17,53.29,19.65,Gwang_Myeong
8830e03649fffff,16:00:00,8830e0ad9bfffff,10,68.6,20.27,Gwang_Myeong
8830e03649fffff,16:20:00,8830e0ad9bfffff,12,67.08,25.25,Gwang_Myeong
8830e03649fffff,16:40:00,8830e0ad9bfffff,16,49.38,16.59,Gwang_Myeong
8830e03649fffff,17:00:00,8830e0ad9bfffff,17,63.71,22.5,Gwang_Myeong
8830e03649fffff,17:20:00,8830e0ad9bfffff,15,50.33,20.04,Gwang_Myeong
8830e03649fffff,17:40:00,8830e0ad9bfffff,18,65.94,27.48,Gwang_Myeong
8830e03649fffff,18:00:00,8830e0ad9bfffff,15,44.0,30.96,Gwang_Myeong
8830e03649fffff,18:20:00,8830e0ad9bfffff,16,48.75,21.71,Gwang_Myeong
8830e03649fffff,18:40:00,8830e0ad9bfffff,13,59.15,21.9,Gwang_Myeong
8830e03649fffff,19:00:00,8830e0ad9bfffff,14,47.64,30.03,Gwang_Myeong
8830e03649fffff,19:20:00,8830e0ad9bfffff,12,77.08,21.95,Gwang_Myeong
8830e03649fffff,19:40:00,8830e0ad9bfffff,15,64.27,20.71,Gwang_Myeong
8830e03649fffff,20:00:00,8830e0ad9bfffff,15,55.13,21.7,Gwang_Myeong
8830e03649fffff,20:20:00,8830e0ad9bfffff,14,96.29,24.51,Gwang_Myeong
8830e03649fffff,20:40:00,8830e0ad9bfffff,13,62.08,29.79,Gwang_Myeong
8830e03649fffff,21:20:00,8830e0ad9bfffff,15,59.33,22.22,Gwang_Myeong
8830e03649fffff,21:40:00,8830e0ad9bfffff,14,55.43,26.59,Gwang_Myeong
8830e03649fffff,22:00:00,8830e0ad9bfffff,13,64.69,20.3,Gwang_Myeong
8830e03649fffff,23:00:00,8830e0ad9bfffff,10,47.1,26.13,Gwang_Myeong
8830e0364bfffff,13:20:00,8830e0ac83fffff,11,62.82,41.74,서울 구로구 구로동
8830e0364bfffff,15:00:00,8830e0af0bfffff,11,64.64,38.62,경기 부천시 중동
8830e0364bfffff,16:00:00,8830e0ad9bfffff,17,60.71,28.09,Gwang_Myeong
8830e0364bfffff,16:00:00,8830e0af0bfffff,17,62.59,47.43,경기 부천시 중동
8830e0364bfffff,16:20:00,8830e0ad9bfffff,11,51.27,30.86,Gwang_Myeong
8830e0364bfffff,16:20:00,8830e0af0bfffff,10,69.0,31.36,경기 부천시 중동
8830e0364bfffff,16:40:00,8830e0ad9bfffff,14,55.79,24.35,Gwang_Myeong
8830e0364bfffff,16:40:00,8830e0af0bfffff,11,177.36,31.48,경기 부천시 중동
8830e0364bfffff,17:00:00,8830e03531fffff,14,52.14,62.71,경기 안양시 만안구 안양동
8830e0364bfffff,17:00:00,8830e035ddfffff,19,73.95,52.09,Beom_Gye
8830e0364bfffff,17:00:00,8830e0ac87fffff,12,66.0,29.93,서울 강서구 화곡동
8830e0364bfffff,17:00:00,8830e0ac9dfffff,18,68.78,30.42,서울 양천구 신정동
8830e0364bfffff,17:00:00,8830e0ad9bfffff,21,57.71,26.67,Gwang_Myeong
8830e0364bfffff,17:00:00,8830e0ae99fffff,16,64.56,34.28,서울 강서구 등촌동
8830e0364bfffff,17:00:00,8830e0af0bfffff,34,64.12,34.7,경기 부천시 중동
8830e0364bfffff,17:00:00,8830e0af6dfffff,11,70.09,58.72,인천 계양구 계산동
8830e0364bfffff,17:20:00,8830e035ddfffff,22,81.23,61.54,Beom_Gye
8830e0364bfffff,17:20:00,8830e0ac87fffff,18,55.94,36.83,서울 강서구 화곡동
8830e0364bfffff,17:20:00,8830e0ac99fffff,10,46.8,28.28,Kintex
8830e0364bfffff,17:20:00,8830e0ac9dfffff,12,56.0,40.84,서울 양천구 신정동
8830e0364bfffff,17:20:00,8830e0ad9bfffff,24,69.63,23.76,Gwang_Myeong
8830e0364bfffff,17:20:00,8830e0af0bfffff,15,61.47,36.53,경기 부천시 중동
8830e0364bfffff,17:40:00,8830e035ddfffff,12,59.83,53.81,Beom_Gye
8830e0364bfffff,17:40:00,8830e0ac87fffff,11,42.55,32.14,서울 강서구 화곡동
8830e0364bfffff,17:40:00,8830e0ac99fffff,10,42.3,37.68,Kintex
8830e0364bfffff,17:40:00,8830e0ad9bfffff,27,52.33,16.74,Gwang_Myeong
8830e0364bfffff,17:40:00,8830e0ae99fffff,10,79.1,35.6,서울 강서구 등촌동
8830e0364bfffff,17:40:00,8830e0af0bfffff,10,71.2,29.39,경기 부천시 중동
8830e0364bfffff,18:00:00,8830e03531fffff,21,60.71,57.64,경기 안양시 만안구 안양동
8830e0364bfffff,18:00:00,8830e035d7fffff,18,69.94,52.56,경기 안양시 동안구 평촌동
8830e0364bfffff,18:00:00,8830e035ddfffff,25,52.4,56.23,Beom_Gye
8830e0364bfffff,18:00:00,8830e0a1b1fffff,13,98.69,27.72,경기 부천시 오정동
8830e0364bfffff,18:00:00,8830e0ac87fffff,25,52.12,28.29,서울 강서구 화곡동
8830e0364bfffff,18:00:00,8830e0ac99fffff,26,56.31,28.25,Kintex
8830e0364bfffff,18:00:00,8830e0ac9dfffff,24,46.0,31.0,서울 양천구 신정동
8830e0364bfffff,18:00:00,8830e0ad9bfffff,49,46.57,21.43,Gwang_Myeong
8830e0364bfffff,18:00:00,8830e0ae99fffff,12,56.42,58.59,서울 강서구 등촌동
8830e0364bfffff,18:00:00,8830e0aea7fffff,12,109.83,23.61,서울 양천구 목동
8830e0364bfffff,18:00:00,8830e0af0bfffff,29,54.28,27.96,경기 부천시 중동
8830e0364bfffff,18:00:00,8830e0af6dfffff,19,72.89,48.48,인천 계양구 계산동
8830e0364bfffff,18:00:00,8830e1db25fffff,19,47.42,34.62,서울 양천구 목동
8830e0364bfffff,18:20:00,8830e03531fffff,19,69.26,53.44,경기 안양시 만안구 안양동
8830e0364bfffff,18:20:00,8830e035ddfffff,17,60.47,58.94,Beom_Gye
8830e0364bfffff,18:20:00,8830e0ac87fffff,14,46.07,33.95,서울 강서구 화곡동
8830e0364bfffff,18:20:00,8830e0ad9bfffff,33,48.06,25.41,Gwang_Myeong
8830e0364bfffff,18:20:00,8830e0aea7fffff,10,51.3,40.5,서울 양천구 목동
8830e0364bfffff,18:20:00,8830e0af0bfffff,23,71.52,27.9,경기 부천시 중동
8830e0364bfffff,18:20:00,8830e0af6dfffff,17,95.12,71.52,인천 계양구 계산동
8830e0364bfffff,18:40:00,8830e03531fffff,12,63.08,49.22,경기 안양시 만안구 안양동
8830e0364bfffff,18:40:00,8830e035ddfffff,12,58.75,52.68,Beom_Gye
8830e0364bfffff,18:40:00,8830e0ac87fffff,14,43.71,44.29,서울 강서구 화곡동
8830e0364bfffff,18:40:00,8830e0ad9bfffff,25,48.04,23.12,Gwang_Myeong
8830e0364bfffff,18:40:00,8830e0ae99fffff,12,64.58,39.33,서울 강서구 등촌동
8830e0364bfffff,19:00:00,8830e03531fffff,14,48.93,61.64,경기 안양시 만안구 안양동
8830e0364bfffff,19:00:00,8830e035d7fffff,12,58.25,57.24,경기 안양시 동안구 평촌동
8830e0364bfffff,19:00:00,8830e0a1b1fffff,12,76.33,36.04,경기 부천시 오정동
8830e0364bfffff,19:00:00,8830e0ad9bfffff,17,48.18,20.25,Gwang_Myeong
8830e0364bfffff,19:00:00,8830e0af0bfffff,10,62.1,28.1,경기 부천시 중동
8830e0364bfffff,20:00:00,8830e0af6dfffff,11,56.64,34.9,인천 계양구 계산동
8830e0364bfffff,20:20:00,8830e0af0bfffff,11,127.82,31.75,경기 부천시 중동
8830e0364bfffff,21:00:00,8830e0ad9bfffff,13,83.69,21.93,Gwang_Myeong
8830e0364bfffff,21:20:00,8830e0ad9bfffff,11,82.09,22.24,Gwang_Myeong
8830e0364dfffff,0:00:00,8830e0ad9bfffff,73,67.16,19.04,Gwang_Myeong
8830e0364dfffff,0:40:00,8830e0ad9bfffff,10,43.7,12.88,Gwang_Myeong
8830e0364dfffff,1:20:00,8830e0ad9bfffff,13,78.77,21.09,Gwang_Myeong
8830e0364dfffff,5:40:00,8830e0ad9bfffff,19,115.47,22.27,Gwang_Myeong
8830e0364dfffff,6:00:00,8830e0ad9bfffff,13,183.77,28.05,Gwang_Myeong
8830e0364dfffff,6:40:00,8830e0ad9bfffff,10,76.6,24.34,Gwang_Myeong
8830e0364dfffff,7:00:00,8830e0ad9bfffff,17,162.12,21.53,Gwang_Myeong
8830e0364dfffff,7:20:00,8830e0ad9bfffff,15,81.13,25.23,Gwang_Myeong
8830e0364dfffff,7:40:00,8830e035ddfffff,14,59.57,40.65,Beom_Gye
8830e0364dfffff,7:40:00,8830e0ad9bfffff,27,93.19,23.92,Gwang_Myeong
8830e0364dfffff,8:00:00,8830e0ac83fffff,10,51.4,32.06,서울 구로구 구로동
8830e0364dfffff,8:00:00,8830e0ad9bfffff,33,92.97,27.71,Gwang_Myeong
8830e0364dfffff,8:20:00,8830e0ad9bfffff,34,113.29,28.37,Gwang_Myeong
8830e0364dfffff,8:40:00,8830e0ad9bfffff,54,72.56,23.87,Gwang_Myeong
8830e0364dfffff,9:00:00,8830e0ac83fffff,12,46.08,28.6,서울 구로구 구로동
8830e0364dfffff,9:00:00,8830e0ad9bfffff,49,75.45,25.65,Gwang_Myeong
8830e0364dfffff,9:20:00,8830e0ad9bfffff,64,83.17,24.79,Gwang_Myeong
8830e0364dfffff,9:40:00,8830e0ac83fffff,10,75.2,29.74,서울 구로구 구로동
8830e0364dfffff,9:40:00,8830e0ad9bfffff,82,77.71,27.72,Gwang_Myeong
8830e0364dfffff,10:00:00,8830e0ad9bfffff,49,87.45,26.09,Gwang_Myeong
8830e0364dfffff,10:20:00,8830e0ad9bfffff,63,63.87,27.98,Gwang_Myeong
8830e0364dfffff,10:40:00,8830e0ad9bfffff,47,78.09,21.03,Gwang_Myeong
8830e0364dfffff,11:00:00,8830e0ad9bfffff,52,75.77,23.12,Gwang_Myeong
8830e0364dfffff,11:20:00,8830e0ad9bfffff,48,68.85,21.79,Gwang_Myeong
8830e0364dfffff,11:40:00,8830e0ad9bfffff,51,90.0,21.42,Gwang_Myeong
8830e0364dfffff,12:00:00,8830e0ad9bfffff,57,58.05,20.65,Gwang_Myeong
8830e0364dfffff,12:20:00,8830e0ad9bfffff,64,74.53,22.9,Gwang_Myeong
8830e0364dfffff,12:40:00,8830e0ad9bfffff,56,60.41,23.53,Gwang_Myeong
8830e0364dfffff,13:00:00,8830e0ad9bfffff,75,71.36,24.67,Gwang_Myeong
8830e0364dfffff,13:20:00,8830e0ad9bfffff,57,72.7,22.89,Gwang_Myeong
8830e0364dfffff,13:40:00,8830e0ad9bfffff,53,82.19,27.73,Gwang_Myeong
8830e0364dfffff,14:00:00,8830e0ad9bfffff,69,68.16,21.83,Gwang_Myeong
8830e0364dfffff,14:20:00,8830e0ad9bfffff,75,64.15,23.57,Gwang_Myeong
8830e0364dfffff,14:40:00,8830e0ad9bfffff,71,62.99,19.39,Gwang_Myeong
8830e0364dfffff,15:00:00,8830e0ad9bfffff,76,66.68,19.73,Gwang_Myeong
8830e0364dfffff,15:20:00,8830e0ad9bfffff,69,68.78,23.96,Gwang_Myeong
8830e0364dfffff,15:40:00,8830e0ad9bfffff,59,63.29,21.56,Gwang_Myeong
8830e0364dfffff,16:00:00,8830e0ad9bfffff,72,83.78,23.26,Gwang_Myeong
8830e0364dfffff,16:20:00,8830e0ad9bfffff,58,69.69,22.47,Gwang_Myeong
8830e0364dfffff,16:40:00,8830e0ad9bfffff,58,65.81,23.94,Gwang_Myeong
8830e0364dfffff,17:00:00,8830e0ad9bfffff,61,70.05,23.1,Gwang_Myeong
8830e0364dfffff,17:20:00,8830e0ad9bfffff,60,56.75,28.06,Gwang_Myeong
8830e0364dfffff,17:40:00,8830e0ad9bfffff,59,54.02,22.3,Gwang_Myeong
8830e0364dfffff,18:00:00,8830e0ad9bfffff,49,68.92,20.55,Gwang_Myeong
8830e0364dfffff,18:20:00,8830e0ad9bfffff,42,76.21,17.55,Gwang_Myeong
8830e0364dfffff,18:40:00,8830e0ad9bfffff,60,58.2,16.88,Gwang_Myeong
8830e0364dfffff,19:00:00,8830e0ad9bfffff,73,76.32,20.74,Gwang_Myeong
8830e0364dfffff,19:20:00,8830e0ad9bfffff,76,52.87,22.49,Gwang_Myeong
8830e0364dfffff,19:40:00,8830e0ad9bfffff,58,56.05,25.17,Gwang_Myeong
8830e0364dfffff,20:00:00,8830e0ad9bfffff,54,57.37,20.66,Gwang_Myeong
8830e0364dfffff,20:20:00,8830e0ad9bfffff,59,61.15,24.67,Gwang_Myeong
8830e0364dfffff,20:40:00,8830e0ad9bfffff,35,56.94,20.27,Gwang_Myeong
8830e0364dfffff,21:00:00,8830e0ad9bfffff,51,77.22,22.9,Gwang_Myeong
8830e0364dfffff,21:20:00,8830e0ad9bfffff,47,62.19,25.47,Gwang_Myeong
8830e0364dfffff,21:40:00,8830e0ad9bfffff,55,51.38,18.05,Gwang_Myeong
8830e0364dfffff,22:00:00,8830e0ad9bfffff,42,61.88,24.72,Gwang_Myeong
8830e0364dfffff,22:20:00,8830e0ad9bfffff,28,53.29,18.43,Gwang_Myeong
8830e0364dfffff,22:40:00,8830e0ad9bfffff,24,50.33,21.07,Gwang_Myeong
8830e0364dfffff,23:00:00,8830e0ad9bfffff,40,57.73,18.71,Gwang_Myeong
8830e0364dfffff,23:20:00,8830e0ad9bfffff,21,33.05,14.58,Gwang_Myeong
8830e03651fffff,0:00:00,8830e0ac9dfffff,10,142.1,60.37,서울 양천구 신정동
8830e03651fffff,8:00:00,8830e0ac83fffff,13,69.46,29.83,서울 구로구 구로동
8830e03651fffff,8:20:00,8830e0ac83fffff,17,111.12,29.21,서울 구로구 구로동
8830e03651fffff,8:20:00,8830e0ac9dfffff,12,192.5,35.38,서울 양천구 신정동
8830e03651fffff,17:40:00,8830e035ddfffff,12,66.75,39.94,Beom_Gye
8830e03651fffff,18:00:00,8830e035ddfffff,14,67.5,43.57,Beom_Gye
8830e03651fffff,18:20:00,8830e0ad9bfffff,12,65.83,20.96,Gwang_Myeong
8830e03653fffff,0:00:00,8830e0ac9dfffff,11,121.82,46.19,서울 양천구 신정동
8830e03653fffff,8:20:00,8830e0ac83fffff,10,41.2,26.83,서울 구로구 구로동
8830e03655fffff,8:00:00,8830e0ac83fffff,10,73.4,27.15,서울 구로구 구로동
8830e03659fffff,16:00:00,8830e0aea7fffff,12,63.67,38.54,서울 양천구 목동
8830e03659fffff,17:00:00,8830e0a1b1fffff,10,92.4,42.58,경기 부천시 오정동
8830e03659fffff,17:00:00,8830e0ac87fffff,11,47.73,28.27,서울 강서구 화곡동
8830e03659fffff,17:00:00,8830e0ac99fffff,11,54.64,28.01,Kintex
8830e03659fffff,17:00:00,8830e0ad9bfffff,16,46.0,26.97,Gwang_Myeong
8830e03659fffff,17:00:00,8830e0aea7fffff,14,59.21,36.08,서울 양천구 목동
8830e03659fffff,17:20:00,8830e035ddfffff,11,60.64,45.37,Beom_Gye
8830e03659fffff,17:20:00,8830e0ac87fffff,13,52.85,26.56,서울 강서구 화곡동
8830e03659fffff,17:20:00,8830e0ad9bfffff,13,46.54,19.32,Gwang_Myeong
8830e03659fffff,17:20:00,8830e0af0bfffff,11,76.82,33.2,경기 부천시 중동
8830e03659fffff,17:40:00,8830e0ad9bfffff,19,50.26,18.63,Gwang_Myeong
8830e03659fffff,17:40:00,8830e0af0bfffff,12,81.58,27.98,경기 부천시 중동
8830e03659fffff,17:40:00,8830e1db25fffff,10,64.2,22.46,서울 양천구 목동
8830e03659fffff,18:00:00,8830e03531fffff,13,87.08,40.83,경기 안양시 만안구 안양동
8830e03659fffff,18:00:00,8830e0ac87fffff,31,57.1,33.5,서울 강서구 화곡동
8830e03659fffff,18:00:00,8830e0ac99fffff,21,66.71,26.95,Kintex
8830e03659fffff,18:00:00,8830e0ac9dfffff,15,51.67,26.61,서울 양천구 신정동
8830e03659fffff,18:00:00,8830e0ad9bfffff,29,55.24,26.93,Gwang_Myeong
8830e03659fffff,18:00:00,8830e0aea7fffff,17,75.53,32.48,서울 양천구 목동
8830e03659fffff,18:00:00,8830e0af0bfffff,18,83.17,28.73,경기 부천시 중동
8830e03659fffff,18:00:00,8830e1db25fffff,13,44.77,25.43,서울 양천구 목동
8830e03659fffff,18:20:00,8830e0ac87fffff,12,54.5,22.8,서울 강서구 화곡동
8830e03659fffff,18:40:00,8830e0ac87fffff,11,45.73,32.42,서울 강서구 화곡동
8830e03659fffff,18:40:00,8830e0aea7fffff,12,103.92,45.4,서울 양천구 목동
8830e03659fffff,19:00:00,8830e0ac9dfffff,10,82.2,26.37,서울 양천구 신정동
8830e03659fffff,19:00:00,8830e0ad9bfffff,15,45.27,19.15,Gwang_Myeong
8830e0365bfffff,0:00:00,8830e0ac9dfffff,15,279.93,41.67,서울 양천구 신정동
8830e0365bfffff,8:00:00,8830e0ac83fffff,17,37.65,29.93,서울 구로구 구로동
8830e0365bfffff,17:00:00,8830e0ae99fffff,11,59.18,35.89,서울 강서구 등촌동
8830e0365bfffff,18:00:00,8830e0ad9bfffff,12,443.42,9.67,Gwang_Myeong
8830e0365bfffff,18:00:00,8830e0aea7fffff,12,55.5,60.47,서울 양천구 목동
8830e0365dfffff,17:20:00,8830e0ad9bfffff,13,70.08,23.03,Gwang_Myeong
8830e0365dfffff,17:40:00,8830e0ae99fffff,11,62.45,27.34,서울 강서구 등촌동
8830e0365dfffff,18:00:00,8830e0ac87fffff,10,46.8,30.32,서울 강서구 화곡동
8830e0365dfffff,18:00:00,8830e0ac9dfffff,11,47.82,22.55,서울 양천구 신정동
8830e0365dfffff,18:00:00,8830e0ad9bfffff,15,42.8,19.96,Gwang_Myeong
8830e0365dfffff,18:00:00,8830e0af0bfffff,12,61.58,26.18,경기 부천시 중동
8830e0365dfffff,18:20:00,8830e0ad9bfffff,13,55.38,18.94,Gwang_Myeong
8830e03663fffff,8:40:00,8830e0ac83fffff,10,41.6,40.66,서울 구로구 구로동
8830e03663fffff,17:40:00,8830e0ad9bfffff,14,45.71,15.73,Gwang_Myeong
8830e03667fffff,16:20:00,8830e0ad9bfffff,14,119.71,23.13,Gwang_Myeong
8830e03667fffff,16:40:00,8830e0ad9bfffff,12,64.42,95.76,Gwang_Myeong
8830e03667fffff,17:20:00,8830e0ad9bfffff,14,56.5,22.86,Gwang_Myeong
8830e03667fffff,18:00:00,8830e0ad9bfffff,16,58.5,25.17,Gwang_Myeong
8830e03667fffff,20:00:00,8830e0ad9bfffff,12,44.58,30.0,Gwang_Myeong
8830e03667fffff,20:40:00,8830e0ad9bfffff,12,85.33,30.3,Gwang_Myeong
8830e03669fffff,12:40:00,8830e0ad9bfffff,12,69.33,23.76,Gwang_Myeong
8830e03669fffff,14:20:00,8830e0ad9bfffff,12,72.75,18.25,Gwang_Myeong
8830e03669fffff,14:40:00,8830e0ad9bfffff,12,48.92,16.46,Gwang_Myeong
8830e03669fffff,15:40:00,8830e0ad9bfffff,11,78.45,17.88,Gwang_Myeong
8830e03669fffff,16:00:00,8830e0ad9bfffff,13,59.77,18.69,Gwang_Myeong
8830e03669fffff,16:20:00,8830e0ad9bfffff,10,127.7,16.46,Gwang_Myeong
8830e03669fffff,16:40:00,8830e0ad9bfffff,12,91.17,34.73,Gwang_Myeong
8830e03669fffff,18:00:00,8830e0ad9bfffff,12,45.08,15.46,Gwang_Myeong
8830e03669fffff,20:00:00,8830e0ad9bfffff,10,59.1,14.28,Gwang_Myeong
8830e0366bfffff,7:40:00,8830e035ddfffff,17,63.65,50.44,Beom_Gye
8830e0366bfffff,7:40:00,8830e0ad9bfffff,13,51.46,24.07,Gwang_Myeong
8830e0366bfffff,13:40:00,8830e0ad9bfffff,10,48.3,24.38,Gwang_Myeong
8830e0366bfffff,14:40:00,8830e0ad9bfffff,11,57.27,18.39,Gwang_Myeong
8830e0366bfffff,16:20:00,8830e0ad9bfffff,10,52.2,16.22,Gwang_Myeong
8830e0366bfffff,17:20:00,8830e0ad9bfffff,13,67.46,25.77,Gwang_Myeong
8830e0366bfffff,17:40:00,8830e0ad9bfffff,12,61.67,19.25,Gwang_Myeong
8830e0366bfffff,18:00:00,8830e0ad9bfffff,11,60.18,21.04,Gwang_Myeong
8830e0366bfffff,18:20:00,8830e0ad9bfffff,10,174.3,11.38,Gwang_Myeong
8830e0366bfffff,19:00:00,8830e0ad9bfffff,15,65.53,17.03,Gwang_Myeong
8830e0366bfffff,21:00:00,8830e0ad9bfffff,11,54.36,23.09,Gwang_Myeong
8830e0366dfffff,0:00:00,8830e0ad9bfffff,21,87.95,28.7,Gwang_Myeong
8830e0369bfffff,6:20:00,8830e0ac83fffff,10,293.9,42.23,서울 구로구 구로동
8830e036c7fffff,10:20:00,8830e0af0bfffff,12,70.83,52.81,경기 부천시 중동
8830e036c9fffff,7:00:00,8830e0ae99fffff,10,45.2,50.72,서울 강서구 등촌동
8830e036dbfffff,8:00:00,8830e0ac83fffff,13,44.54,35.75,서울 구로구 구로동
8830e036dbfffff,8:40:00,8830e0ac83fffff,15,62.93,24.04,서울 구로구 구로동
8830e036e9fffff,8:00:00,8830e0ac83fffff,10,69.0,22.21,서울 구로구 구로동
8830e0371dfffff,14:40:00,8830e0ad9bfffff,12,71.67,54.6,Gwang_Myeong
8830e0371dfffff,15:00:00,8830e0ad9bfffff,14,133.43,44.03,Gwang_Myeong
8830e0371dfffff,15:20:00,8830e035d7fffff,11,60.64,59.36,경기 안양시 동안구 평촌동
8830e0371dfffff,15:20:00,8830e035ddfffff,11,67.36,78.88,Beom_Gye
8830e0371dfffff,15:20:00,8830e0ad9bfffff,13,70.77,48.3,Gwang_Myeong
8830e0371dfffff,16:00:00,8830e035ddfffff,15,63.0,65.37,Beom_Gye
8830e0371dfffff,16:00:00,8830e0ad9bfffff,14,62.14,43.96,Gwang_Myeong
8830e0371dfffff,16:20:00,8830e035ddfffff,14,55.93,56.74,Beom_Gye
8830e0371dfffff,16:20:00,8830e0ad9bfffff,21,68.81,43.93,Gwang_Myeong
8830e0371dfffff,16:40:00,8830e035ddfffff,12,57.75,84.29,Beom_Gye
8830e0371dfffff,16:40:00,8830e0ad9bfffff,10,51.2,44.14,Gwang_Myeong
8830e0371dfffff,17:00:00,8830e0ad9bfffff,14,104.86,39.47,Gwang_Myeong
8830e0371dfffff,17:20:00,8830e0ad9bfffff,10,46.9,44.5,Gwang_Myeong
8830e0371dfffff,18:00:00,8830e035ddfffff,18,50.67,55.97,Beom_Gye
8830e0371dfffff,18:00:00,8830e0ad9bfffff,13,51.62,31.2,Gwang_Myeong
8830e0371dfffff,18:20:00,8830e035ddfffff,12,55.25,67.03,Beom_Gye
8830e0371dfffff,18:40:00,8830e035d7fffff,11,58.45,59.63,경기 안양시 동안구 평촌동
8830e0371dfffff,19:00:00,8830e0ad9bfffff,10,56.7,34.69,Gwang_Myeong
8830e0371dfffff,20:00:00,8830e0ad9bfffff,10,64.9,34.83,Gwang_Myeong
8830e0371dfffff,20:20:00,8830e0ad9bfffff,15,86.07,42.66,Gwang_Myeong
8830e03733fffff,7:40:00,8830e035ddfffff,19,67.58,29.39,Beom_Gye
8830e03733fffff,8:00:00,8830e035ddfffff,10,46.8,34.99,Beom_Gye
8830e03733fffff,8:20:00,8830e035ddfffff,15,54.13,31.22,Beom_Gye
8830e03733fffff,8:40:00,8830e035ddfffff,12,54.58,33.19,Beom_Gye
8830e03733fffff,9:40:00,8830e035ddfffff,11,62.64,27.09,Beom_Gye
8830e03733fffff,11:20:00,8830e035ddfffff,10,56.0,34.16,Beom_Gye
8830e03733fffff,16:40:00,8830e035ddfffff,13,44.62,43.49,Beom_Gye
8830e03733fffff,17:00:00,8830e035ddfffff,12,50.83,43.11,Beom_Gye
8830e03733fffff,18:00:00,8830e035ddfffff,13,44.46,28.43,Beom_Gye
8830e0373bfffff,7:40:00,8830e035ddfffff,13,61.54,34.7,Beom_Gye
8830e0373bfffff,8:00:00,8830e035ddfffff,19,52.0,37.29,Beom_Gye
8830e0373bfffff,8:20:00,8830e035ddfffff,18,59.22,30.16,Beom_Gye
8830e0373bfffff,9:00:00,8830e035ddfffff,11,88.36,35.28,Beom_Gye
8830e0373bfffff,15:00:00,8830e035ddfffff,13,47.54,32.81,Beom_Gye
8830e0373bfffff,17:40:00,8830e035ddfffff,12,51.83,37.22,Beom_Gye
8830e0373bfffff,18:00:00,8830e035ddfffff,30,56.33,46.31,Beom_Gye
8830e03753fffff,7:00:00,8830e0ac9dfffff,10,38.7,32.98,서울 양천구 신정동
8830e03757fffff,17:00:00,8830e0ad9bfffff,10,62.7,33.59,Gwang_Myeong
8830e0375bfffff,15:20:00,8830e0ad9bfffff,11,72.45,35.15,Gwang_Myeong
8830e039a1fffff,17:00:00,8830e03531fffff,13,65.38,89.23,경기 안양시 만안구 안양동
8830e039a1fffff,17:00:00,8830e1530dfffff,11,113.27,78.59,Bundang_Townhall
8830e039a1fffff,19:00:00,8830e035ddfffff,12,67.5,77.52,Beom_Gye
8830e039a3fffff,17:00:00,8830e035ddfffff,16,94.0,54.02,Beom_Gye
8830e039d5fffff,3:20:00,8830e035ddfffff,12,43.33,51.09,Beom_Gye
8830e039d5fffff,6:40:00,8830e035ddfffff,10,67.7,59.96,Beom_Gye
8830e075a7fffff,0:00:00,8830e03531fffff,11,85.64,65.14,경기 안양시 만안구 안양동
8830e075a7fffff,15:20:00,8830e03531fffff,14,93.64,74.44,경기 안양시 만안구 안양동
8830e08c3dfffff,9:20:00,8830e08c35fffff,10,44.0,29.35,Incheon_Airport
8830e08c3dfffff,17:20:00,8830e08c35fffff,11,61.36,17.21,Incheon_Airport
8830e08c3dfffff,21:40:00,8830e0a1b1fffff,13,69.85,73.56,경기 부천시 오정동
8830e08c99fffff,18:00:00,8830e0a1b1fffff,11,68.36,59.52,경기 부천시 오정동
8830e08ce9fffff,17:20:00,8830e0a1b1fffff,10,60.4,78.6,경기 부천시 오정동
8830e08dc3fffff,6:20:00,8830e08c35fffff,10,51.0,39.55,Incheon_Airport
8830e08dc3fffff,6:40:00,8830e08c35fffff,13,49.31,22.9,Incheon_Airport
8830e08dc3fffff,9:20:00,8830e08c35fffff,10,54.7,41.4,Incheon_Airport
8830e08dc3fffff,9:40:00,8830e08c35fffff,11,63.45,26.4,Incheon_Airport
8830e08dc3fffff,18:00:00,8830e0a1b1fffff,10,82.5,64.58,경기 부천시 오정동
8830e0a013fffff,7:40:00,8830e0a1b1fffff,10,48.8,45.39,경기 부천시 오정동
8830e0a013fffff,16:00:00,8830e0af6dfffff,10,74.4,43.03,인천 계양구 계산동
8830e0a017fffff,9:00:00,8830e0af0bfffff,10,38.3,71.01,경기 부천시 중동
8830e0a01bfffff,7:20:00,8830e0ae99fffff,12,59.5,63.65,서울 강서구 등촌동
8830e0a01bfffff,8:20:00,8830e0af6dfffff,13,56.77,47.33,인천 계양구 계산동
8830e0a01bfffff,9:00:00,8830e0af0bfffff,14,54.79,49.25,경기 부천시 중동
8830e0a041fffff,4:00:00,8830e0ac83fffff,10,40.2,75.62,서울 구로구 구로동
8830e0a041fffff,6:40:00,8830e0a1b1fffff,10,46.6,44.67,경기 부천시 오정동
8830e0a047fffff,7:20:00,8830e0ae99fffff,14,72.29,73.36,서울 강서구 등촌동
8830e0a047fffff,7:40:00,8830e0af6dfffff,16,60.31,38.9,인천 계양구 계산동
8830e0a093fffff,7:20:00,8830e0ae99fffff,11,63.64,52.75,서울 강서구 등촌동
8830e0a093fffff,8:00:00,8830e0ae99fffff,12,57.17,44.9,서울 강서구 등촌동
8830e0a093fffff,8:20:00,8830e0ae99fffff,14,48.29,34.98,서울 강서구 등촌동
8830e0a093fffff,9:00:00,8830e0ae99fffff,12,50.25,43.72,서울 강서구 등촌동
8830e0a09bfffff,7:40:00,8830e0ae99fffff,12,46.92,72.28,서울 강서구 등촌동
8830e0a0a3fffff,17:20:00,8830e0a1b1fffff,15,50.0,23.6,경기 부천시 오정동
8830e0a0a7fffff,5:20:00,8830e0ac9dfffff,10,40.4,43.68,서울 양천구 신정동
8830e0a0c1fffff,7:00:00,8830e0ac83fffff,12,76.67,69.27,서울 구로구 구로동
8830e0a0c1fffff,7:00:00,8830e0ae99fffff,13,57.77,45.23,서울 강서구 등촌동
8830e0a0c1fffff,7:00:00,8830e1db25fffff,13,83.54,47.05,서울 양천구 목동
8830e0a0c1fffff,7:20:00,8830e0ae99fffff,10,53.7,58.37,서울 강서구 등촌동
8830e0a0c1fffff,7:40:00,8830e0ae99fffff,15,54.87,46.61,서울 강서구 등촌동
8830e0a0c1fffff,8:20:00,8830e0ae99fffff,16,60.06,44.96,서울 강서구 등촌동
8830e0a0c3fffff,7:40:00,8830e0ae99fffff,14,51.36,41.98,서울 강서구 등촌동
8830e0a0cbfffff,7:00:00,8830e0ae99fffff,13,70.46,58.32,서울 강서구 등촌동
8830e0a0cbfffff,8:00:00,8830e0ae99fffff,10,56.7,44.14,서울 강서구 등촌동
8830e0a0cbfffff,8:40:00,8830e0ae99fffff,11,54.0,40.4,서울 강서구 등촌동
8830e0a0cbfffff,9:40:00,8830e0ae99fffff,12,47.25,44.78,서울 강서구 등촌동
8830e0a0cbfffff,18:00:00,8830e0a1b1fffff,11,51.45,46.02,경기 부천시 오정동
8830e0a0ddfffff,7:40:00,8830e0ae99fffff,12,50.25,40.61,서울 강서구 등촌동
8830e0a103fffff,8:20:00,8830e0af6dfffff,14,40.07,40.25,인천 계양구 계산동
8830e0a103fffff,8:40:00,8830e0af6dfffff,10,65.9,31.61,인천 계양구 계산동
8830e0a105fffff,9:20:00,8830e0a1b1fffff,11,49.73,32.69,경기 부천시 오정동
8830e0a105fffff,9:20:00,8830e0af0bfffff,11,44.27,39.97,경기 부천시 중동
8830e0a105fffff,15:20:00,8830e0af6dfffff,10,48.9,34.62,인천 계양구 계산동
8830e0a105fffff,18:00:00,8830e0a1b1fffff,18,61.78,35.12,경기 부천시 오정동
8830e0a105fffff,18:00:00,8830e0af6dfffff,14,69.21,33.88,인천 계양구 계산동
8830e0a10dfffff,9:00:00,8830e0af6dfffff,11,47.27,38.59,인천 계양구 계산동
8830e0a10dfffff,18:00:00,8830e0af6dfffff,11,69.0,31.4,인천 계양구 계산동
8830e0a115fffff,17:00:00,8830e0a1b1fffff,13,64.38,31.58,경기 부천시 오정동
8830e0a11dfffff,17:00:00,8830e0a1b1fffff,10,62.2,29.92,경기 부천시 오정동
8830e0a11dfffff,18:00:00,8830e0a1b1fffff,10,57.2,29.2,경기 부천시 오정동
8830e0a11dfffff,18:00:00,8830e0af6dfffff,10,49.9,49.99,인천 계양구 계산동
8830e0a11dfffff,18:20:00,8830e0a1b1fffff,12,47.17,38.01,경기 부천시 오정동
8830e0a123fffff,9:00:00,8830e0af0bfffff,15,55.13,36.63,경기 부천시 중동
8830e0a123fffff,9:20:00,8830e0af0bfffff,11,54.18,26.69,경기 부천시 중동
8830e0a127fffff,8:00:00,8830e0af0bfffff,11,43.91,30.02,경기 부천시 중동
8830e0a127fffff,17:00:00,8830e0af6dfffff,10,45.6,25.85,인천 계양구 계산동
8830e0a127fffff,17:20:00,8830e0a1b1fffff,19,50.16,36.86,경기 부천시 오정동
8830e0a12bfffff,7:40:00,8830e0af6dfffff,10,58.4,38.92,인천 계양구 계산동
8830e0a13dfffff,18:00:00,8830e0af6dfffff,11,49.27,33.66,인천 계양구 계산동
8830e0a141fffff,17:20:00,8830e0a1b1fffff,14,54.43,32.64,경기 부천시 오정동
8830e0a141fffff,18:00:00,8830e0a1b1fffff,13,55.77,38.79,경기 부천시 오정동
8830e0a145fffff,8:00:00,8830e0af6dfffff,11,61.0,30.29,인천 계양구 계산동
8830e0a153fffff,9:00:00,8830e0af6dfffff,10,50.9,36.47,인천 계양구 계산동
8830e0a15dfffff,7:40:00,8830e0af0bfffff,11,78.45,24.78,경기 부천시 중동
8830e0a161fffff,7:40:00,8830e0a1b1fffff,14,46.21,38.81,경기 부천시 오정동
8830e0a161fffff,8:00:00,8830e0af6dfffff,11,36.55,43.45,인천 계양구 계산동
8830e0a161fffff,13:00:00,8830e0af6dfffff,10,59.5,38.81,인천 계양구 계산동
8830e0a161fffff,17:00:00,8830e0a1b1fffff,18,51.39,39.57,경기 부천시 오정동
8830e0a161fffff,18:00:00,8830e0af6dfffff,13,73.31,34.36,인천 계양구 계산동
8830e0a161fffff,19:20:00,8830e0a1b1fffff,15,79.53,46.61,경기 부천시 오정동
8830e0a163fffff,13:00:00,8830e0af6dfffff,10,55.1,37.98,인천 계양구 계산동
8830e0a163fffff,13:20:00,8830e0af6dfffff,10,89.5,39.77,인천 계양구 계산동
8830e0a163fffff,15:00:00,8830e0af6dfffff,13,62.08,46.59,인천 계양구 계산동
8830e0a167fffff,16:20:00,8830e0ae99fffff,11,50.82,54.51,서울 강서구 등촌동
8830e0a169fffff,7:40:00,8830e0a1b1fffff,10,49.2,33.29,경기 부천시 오정동
8830e0a16bfffff,7:40:00,8830e0a1b1fffff,11,44.91,35.25,경기 부천시 오정동
8830e0a16bfffff,8:00:00,8830e0a1b1fffff,12,44.75,42.87,경기 부천시 오정동
8830e0a16bfffff,8:00:00,8830e0af6dfffff,11,45.09,38.55,인천 계양구 계산동
8830e0a16bfffff,12:40:00,8830e0af6dfffff,16,84.81,41.27,인천 계양구 계산동
8830e0a16bfffff,14:20:00,8830e0af6dfffff,13,61.23,41.82,인천 계양구 계산동
8830e0a16dfffff,7:40:00,8830e0a1b1fffff,10,46.4,43.09,경기 부천시 오정동
8830e0a16dfffff,8:20:00,8830e0af0bfffff,16,47.38,47.64,경기 부천시 중동
8830e0a16dfffff,8:40:00,8830e0af0bfffff,10,57.0,69.9,경기 부천시 중동
8830e0a16dfffff,10:00:00,8830e0af0bfffff,10,46.3,43.47,경기 부천시 중동
8830e0a181fffff,8:00:00,8830e0a1b1fffff,12,49.33,16.02,경기 부천시 오정동
8830e0a181fffff,8:20:00,8830e0a1b1fffff,11,92.55,21.82,경기 부천시 오정동
8830e0a181fffff,10:00:00,8830e0a1b1fffff,10,73.4,20.07,경기 부천시 오정동
8830e0a181fffff,11:40:00,8830e0a1b1fffff,10,55.0,15.61,경기 부천시 오정동
8830e0a181fffff,12:00:00,8830e0a1b1fffff,14,45.29,16.72,경기 부천시 오정동
8830e0a181fffff,12:20:00,8830e0a1b1fffff,14,96.71,21.36,경기 부천시 오정동
8830e0a181fffff,12:40:00,8830e0a1b1fffff,18,65.0,24.54,경기 부천시 오정동
8830e0a181fffff,13:00:00,8830e0a1b1fffff,14,99.21,26.41,경기 부천시 오정동
8830e0a181fffff,13:40:00,8830e0a1b1fffff,13,66.23,26.38,경기 부천시 오정동
8830e0a181fffff,14:00:00,8830e0a1b1fffff,10,68.5,23.78,경기 부천시 오정동
8830e0a181fffff,14:20:00,8830e0a1b1fffff,13,66.85,18.34,경기 부천시 오정동
8830e0a181fffff,14:40:00,8830e0a1b1fffff,12,67.42,21.8,경기 부천시 오정동
8830e0a181fffff,15:00:00,8830e0a1b1fffff,22,68.64,20.37,경기 부천시 오정동
8830e0a181fffff,15:20:00,8830e0a1b1fffff,11,64.36,22.88,경기 부천시 오정동
8830e0a181fffff,15:40:00,8830e0a1b1fffff,18,54.89,39.7,경기 부천시 오정동
8830e0a181fffff,16:00:00,8830e0a1b1fffff,12,48.67,20.72,경기 부천시 오정동
8830e0a181fffff,16:40:00,8830e0a1b1fffff,13,65.46,16.65,경기 부천시 오정동
8830e0a181fffff,17:00:00,8830e0a1b1fffff,13,65.31,13.49,경기 부천시 오정동
8830e0a181fffff,17:20:00,8830e0a1b1fffff,15,62.47,21.76,경기 부천시 오정동
8830e0a181fffff,17:40:00,8830e0a1b1fffff,16,41.5,19.7,경기 부천시 오정동
8830e0a181fffff,18:00:00,8830e0a1b1fffff,12,67.75,30.04,경기 부천시 오정동
8830e0a183fffff,0:00:00,8830e0a1b1fffff,23,50.26,18.63,경기 부천시 오정동
8830e0a183fffff,7:00:00,8830e0a1b1fffff,15,75.47,16.88,경기 부천시 오정동
8830e0a183fffff,8:00:00,8830e0a1b1fffff,13,56.77,15.47,경기 부천시 오정동
8830e0a183fffff,8:20:00,8830e0a1b1fffff,22,49.23,20.18,경기 부천시 오정동
8830e0a183fffff,8:40:00,8830e0a1b1fffff,16,45.38,19.01,경기 부천시 오정동
8830e0a183fffff,9:00:00,8830e0a1b1fffff,22,55.86,16.35,경기 부천시 오정동
8830e0a183fffff,9:00:00,8830e0af6dfffff,10,69.2,22.32,인천 계양구 계산동
8830e0a183fffff,9:20:00,8830e0a1b1fffff,13,48.46,20.4,경기 부천시 오정동
8830e0a183fffff,9:40:00,8830e0a1b1fffff,19,63.37,21.74,경기 부천시 오정동
8830e0a183fffff,10:00:00,8830e0a1b1fffff,17,53.71,43.65,경기 부천시 오정동
8830e0a183fffff,10:20:00,8830e0a1b1fffff,15,84.6,18.28,경기 부천시 오정동
8830e0a183fffff,10:40:00,8830e0a1b1fffff,17,90.94,22.84,경기 부천시 오정동
8830e0a183fffff,11:00:00,8830e0a1b1fffff,22,106.64,21.66,경기 부천시 오정동
8830e0a183fffff,11:20:00,8830e0a1b1fffff,21,70.52,26.31,경기 부천시 오정동
8830e0a183fffff,11:40:00,8830e0a1b1fffff,26,94.69,29.31,경기 부천시 오정동
8830e0a183fffff,12:00:00,8830e0a1b1fffff,32,66.72,17.93,경기 부천시 오정동
8830e0a183fffff,12:00:00,8830e0af6dfffff,12,50.58,22.69,인천 계양구 계산동
8830e0a183fffff,12:20:00,8830e0a1b1fffff,25,135.48,20.67,경기 부천시 오정동
8830e0a183fffff,12:40:00,8830e0a1b1fffff,10,97.9,21.72,경기 부천시 오정동
8830e0a183fffff,12:40:00,8830e0af6dfffff,13,79.62,33.96,인천 계양구 계산동
8830e0a183fffff,13:00:00,8830e0a1b1fffff,29,97.9,19.26,경기 부천시 오정동
8830e0a183fffff,13:20:00,8830e0a1b1fffff,30,101.73,20.15,경기 부천시 오정동
8830e0a183fffff,13:40:00,8830e0a1b1fffff,30,108.97,20.93,경기 부천시 오정동
8830e0a183fffff,13:40:00,8830e0af6dfffff,11,66.91,24.46,인천 계양구 계산동
8830e0a183fffff,14:00:00,8830e0a1b1fffff,27,51.93,14.63,경기 부천시 오정동
8830e0a183fffff,14:20:00,8830e0a1b1fffff,25,53.6,16.01,경기 부천시 오정동
8830e0a183fffff,14:40:00,8830e0a1b1fffff,29,59.86,18.87,경기 부천시 오정동
8830e0a183fffff,15:00:00,8830e0a1b1fffff,36,61.17,24.66,경기 부천시 오정동
8830e0a183fffff,15:00:00,8830e0af6dfffff,12,60.0,19.35,인천 계양구 계산동
8830e0a183fffff,15:20:00,8830e0a1b1fffff,39,58.28,20.13,경기 부천시 오정동
8830e0a183fffff,15:20:00,8830e0af6dfffff,11,44.55,24.42,인천 계양구 계산동
8830e0a183fffff,15:40:00,8830e0a1b1fffff,29,50.72,17.23,경기 부천시 오정동
8830e0a183fffff,16:00:00,8830e0a1b1fffff,26,58.73,27.85,경기 부천시 오정동
8830e0a183fffff,16:20:00,8830e0a1b1fffff,33,67.91,17.04,경기 부천시 오정동
8830e0a183fffff,16:40:00,8830e0a1b1fffff,26,67.35,24.71,경기 부천시 오정동
8830e0a183fffff,17:00:00,8830e0a1b1fffff,23,68.7,21.45,경기 부천시 오정동
8830e0a183fffff,17:20:00,8830e0a1b1fffff,33,67.67,20.67,경기 부천시 오정동
8830e0a183fffff,17:20:00,8830e0af6dfffff,11,54.09,23.37,인천 계양구 계산동
8830e0a183fffff,17:40:00,8830e0a1b1fffff,29,137.31,17.32,경기 부천시 오정동
8830e0a183fffff,17:40:00,8830e0af6dfffff,12,69.67,30.09,인천 계양구 계산동
8830e0a183fffff,18:00:00,8830e0a1b1fffff,38,48.95,18.94,경기 부천시 오정동
8830e0a183fffff,18:00:00,8830e0af0bfffff,11,41.0,36.9,경기 부천시 중동
8830e0a183fffff,18:00:00,8830e0af6dfffff,12,55.83,21.27,인천 계양구 계산동
8830e0a183fffff,18:20:00,8830e0a1b1fffff,26,54.04,18.51,경기 부천시 오정동
8830e0a183fffff,18:40:00,8830e0a1b1fffff,16,49.81,18.45,경기 부천시 오정동
8830e0a183fffff,19:00:00,8830e0a1b1fffff,12,48.83,21.86,경기 부천시 오정동
8830e0a183fffff,19:20:00,8830e0a1b1fffff,18,115.33,30.83,경기 부천시 오정동
8830e0a183fffff,19:40:00,8830e0a1b1fffff,10,37.1,15.87,경기 부천시 오정동
8830e0a183fffff,20:00:00,8830e0a1b1fffff,17,72.12,18.69,경기 부천시 오정동
8830e0a183fffff,20:20:00,8830e0a1b1fffff,13,56.23,18.59,경기 부천시 오정동
8830e0a183fffff,20:40:00,8830e0a1b1fffff,14,65.07,23.53,경기 부천시 오정동
8830e0a183fffff,21:00:00,8830e0a1b1fffff,14,63.57,22.25,경기 부천시 오정동
8830e0a183fffff,21:20:00,8830e0a1b1fffff,13,49.46,15.03,경기 부천시 오정동
8830e0a183fffff,22:20:00,8830e0a1b1fffff,12,51.83,22.42,경기 부천시 오정동
8830e0a187fffff,0:00:00,8830e0a1b1fffff,31,59.94,18.08,경기 부천시 오정동
8830e0a187fffff,6:40:00,8830e0a1b1fffff,10,130.2,28.52,경기 부천시 오정동
8830e0a187fffff,7:00:00,8830e0a1b1fffff,14,68.86,18.38,경기 부천시 오정동
8830e0a187fffff,7:40:00,8830e0a1b1fffff,14,79.57,42.01,경기 부천시 오정동
8830e0a187fffff,8:40:00,8830e0a1b1fffff,12,59.75,24.51,경기 부천시 오정동
8830e0a187fffff,9:00:00,8830e0a1b1fffff,18,71.39,17.26,경기 부천시 오정동
8830e0a187fffff,9:20:00,8830e0a1b1fffff,16,80.75,23.79,경기 부천시 오정동
8830e0a187fffff,10:00:00,8830e0a1b1fffff,22,69.86,21.29,경기 부천시 오정동
8830e0a187fffff,10:20:00,8830e0a1b1fffff,16,75.69,35.96,경기 부천시 오정동
8830e0a187fffff,10:40:00,8830e0a1b1fffff,14,55.43,35.69,경기 부천시 오정동
8830e0a187fffff,11:00:00,8830e0a1b1fffff,22,67.36,23.61,경기 부천시 오정동
8830e0a187fffff,11:20:00,8830e0a1b1fffff,16,91.5,21.78,경기 부천시 오정동
8830e0a187fffff,11:40:00,8830e0a1b1fffff,31,83.87,24.86,경기 부천시 오정동
8830e0a187fffff,12:00:00,8830e0a1b1fffff,35,66.57,20.29,경기 부천시 오정동
8830e0a187fffff,12:20:00,8830e0a1b1fffff,25,93.44,26.33,경기 부천시 오정동
8830e0a187fffff,12:40:00,8830e0a1b1fffff,26,77.69,19.67,경기 부천시 오정동
8830e0a187fffff,13:00:00,8830e0a1b1fffff,30,67.17,19.95,경기 부천시 오정동
8830e0a187fffff,13:20:00,8830e0a1b1fffff,28,77.71,26.72,경기 부천시 오정동
8830e0a187fffff,13:40:00,8830e0a1b1fffff,29,79.28,23.81,경기 부천시 오정동
8830e0a187fffff,13:40:00,8830e0af6dfffff,12,52.5,22.92,인천 계양구 계산동
8830e0a187fffff,14:00:00,8830e0a1b1fffff,26,90.69,25.36,경기 부천시 오정동
8830e0a187fffff,14:20:00,8830e0a1b1fffff,24,74.58,27.94,경기 부천시 오정동
8830e0a187fffff,14:40:00,8830e0a1b1fffff,22,70.36,25.73,경기 부천시 오정동
8830e0a187fffff,14:40:00,8830e0af6dfffff,10,58.4,23.59,인천 계양구 계산동
8830e0a187fffff,15:00:00,8830e0a1b1fffff,21,58.43,25.24,경기 부천시 오정동
8830e0a187fffff,15:20:00,8830e0a1b1fffff,42,64.36,22.46,경기 부천시 오정동
8830e0a187fffff,15:40:00,8830e0a1b1fffff,29,70.59,18.72,경기 부천시 오정동
8830e0a187fffff,16:00:00,8830e0a1b1fffff,18,50.72,23.72,경기 부천시 오정동
8830e0a187fffff,16:20:00,8830e0a1b1fffff,21,66.1,19.95,경기 부천시 오정동
8830e0a187fffff,16:40:00,8830e0a1b1fffff,25,89.12,21.88,경기 부천시 오정동
8830e0a187fffff,17:00:00,8830e0a1b1fffff,18,63.61,22.14,경기 부천시 오정동
8830e0a187fffff,17:20:00,8830e0a1b1fffff,34,111.12,18.64,경기 부천시 오정동
8830e0a187fffff,17:40:00,8830e0a1b1fffff,25,70.0,17.33,경기 부천시 오정동
8830e0a187fffff,18:00:00,8830e0a1b1fffff,34,63.97,20.73,경기 부천시 오정동
8830e0a187fffff,18:20:00,8830e0a1b1fffff,29,60.79,19.34,경기 부천시 오정동
8830e0a187fffff,18:40:00,8830e0a1b1fffff,19,58.79,20.39,경기 부천시 오정동
8830e0a187fffff,19:00:00,8830e0a1b1fffff,23,50.13,17.21,경기 부천시 오정동
8830e0a187fffff,19:20:00,8830e0a1b1fffff,14,60.71,28.59,경기 부천시 오정동
8830e0a187fffff,19:40:00,8830e0a1b1fffff,16,63.13,23.01,경기 부천시 오정동
8830e0a187fffff,20:00:00,8830e0a1b1fffff,12,118.75,11.21,경기 부천시 오정동
8830e0a187fffff,20:20:00,8830e0a1b1fffff,14,94.0,17.17,경기 부천시 오정동
8830e0a187fffff,20:40:00,8830e0a1b1fffff,12,49.5,17.01,경기 부천시 오정동
8830e0a187fffff,21:00:00,8830e0a1b1fffff,15,48.73,18.49,경기 부천시 오정동
8830e0a187fffff,21:20:00,8830e0a1b1fffff,16,62.44,15.84,경기 부천시 오정동
8830e0a187fffff,22:00:00,8830e0a1b1fffff,13,59.77,21.13,경기 부천시 오정동
8830e0a187fffff,23:00:00,8830e0a1b1fffff,11,45.91,18.3,경기 부천시 오정동
8830e0a191fffff,7:40:00,8830e0a1b1fffff,10,147.6,40.89,경기 부천시 오정동
8830e0a191fffff,9:40:00,8830e0a1b1fffff,10,101.8,14.6,경기 부천시 오정동
8830e0a191fffff,11:40:00,8830e0a1b1fffff,11,84.45,22.59,경기 부천시 오정동
8830e0a191fffff,12:00:00,8830e0a1b1fffff,14,83.79,24.26,경기 부천시 오정동
8830e0a191fffff,12:40:00,8830e0a1b1fffff,10,116.7,23.46,경기 부천시 오정동
8830e0a191fffff,13:40:00,8830e0a1b1fffff,10,53.5,18.26,경기 부천시 오정동
8830e0a191fffff,14:40:00,8830e0a1b1fffff,10,94.1,20.3,경기 부천시 오정동
8830e0a191fffff,15:00:00,8830e0a1b1fffff,17,52.59,18.11,경기 부천시 오정동
8830e0a191fffff,15:20:00,8830e0a1b1fffff,10,49.4,23.36,경기 부천시 오정동
8830e0a191fffff,16:00:00,8830e0a1b1fffff,13,54.77,24.12,경기 부천시 오정동
8830e0a191fffff,16:20:00,8830e0a1b1fffff,12,125.83,16.69,경기 부천시 오정동
8830e0a191fffff,17:40:00,8830e0a1b1fffff,17,78.24,21.82,경기 부천시 오정동
8830e0a191fffff,18:00:00,8830e0a1b1fffff,14,83.36,19.62,경기 부천시 오정동
8830e0a191fffff,19:20:00,8830e0a1b1fffff,12,73.92,21.92,경기 부천시 오정동
8830e0a195fffff,0:00:00,8830e0a1b1fffff,23,51.35,21.94,경기 부천시 오정동
8830e0a195fffff,7:00:00,8830e0a1b1fffff,12,58.17,25.32,경기 부천시 오정동
8830e0a195fffff,7:40:00,8830e0a1b1fffff,12,60.25,24.86,경기 부천시 오정동
8830e0a195fffff,8:00:00,8830e0a1b1fffff,20,75.95,29.22,경기 부천시 오정동
8830e0a195fffff,8:20:00,8830e0a1b1fffff,15,81.2,27.49,경기 부천시 오정동
8830e0a195fffff,8:20:00,8830e0ae99fffff,14,49.14,33.79,서울 강서구 등촌동
8830e0a195fffff,8:40:00,8830e0a1b1fffff,27,56.67,24.83,경기 부천시 오정동
8830e0a195fffff,9:00:00,8830e0a1b1fffff,13,113.23,64.81,경기 부천시 오정동
8830e0a195fffff,9:00:00,8830e0af6dfffff,12,40.17,23.16,인천 계양구 계산동
8830e0a195fffff,9:20:00,8830e0a1b1fffff,21,84.81,25.83,경기 부천시 오정동
8830e0a195fffff,9:40:00,8830e0a1b1fffff,22,72.18,27.16,경기 부천시 오정동
8830e0a195fffff,10:00:00,8830e0a1b1fffff,10,63.3,20.93,경기 부천시 오정동
8830e0a195fffff,10:20:00,8830e0a1b1fffff,27,59.85,21.7,경기 부천시 오정동
8830e0a195fffff,10:40:00,8830e0a1b1fffff,19,63.95,21.04,경기 부천시 오정동
8830e0a195fffff,11:00:00,8830e0a1b1fffff,25,98.08,25.98,경기 부천시 오정동
8830e0a195fffff,11:20:00,8830e0a1b1fffff,31,55.58,22.37,경기 부천시 오정동
8830e0a195fffff,11:40:00,8830e0a1b1fffff,37,58.97,22.98,경기 부천시 오정동
8830e0a195fffff,12:00:00,8830e0a1b1fffff,25,58.24,22.35,경기 부천시 오정동
8830e0a195fffff,12:20:00,8830e0a1b1fffff,36,78.92,33.14,경기 부천시 오정동
8830e0a195fffff,12:20:00,8830e0af6dfffff,11,167.73,31.63,인천 계양구 계산동
8830e0a195fffff,12:40:00,8830e0a1b1fffff,38,55.34,18.13,경기 부천시 오정동
8830e0a195fffff,13:00:00,8830e0a1b1fffff,35,73.74,23.73,경기 부천시 오정동
8830e0a195fffff,13:20:00,8830e0a1b1fffff,27,59.7,21.54,경기 부천시 오정동
8830e0a195fffff,13:20:00,8830e0af0bfffff,14,58.07,29.16,경기 부천시 중동
8830e0a195fffff,13:40:00,8830e0a1b1fffff,41,60.51,26.22,경기 부천시 오정동
8830e0a195fffff,14:00:00,8830e0a1b1fffff,41,54.71,22.5,경기 부천시 오정동
8830e0a195fffff,14:00:00,8830e0af0bfffff,13,78.38,30.36,경기 부천시 중동
8830e0a195fffff,14:00:00,8830e0af6dfffff,11,60.0,25.58,인천 계양구 계산동
8830e0a195fffff,14:20:00,8830e0a1b1fffff,33,58.79,20.6,경기 부천시 오정동
8830e0a195fffff,14:40:00,8830e0a1b1fffff,47,81.04,22.86,경기 부천시 오정동
8830e0a195fffff,15:00:00,8830e0a1b1fffff,43,80.58,21.33,경기 부천시 오정동
8830e0a195fffff,15:00:00,8830e0af0bfffff,15,68.47,39.23,경기 부천시 중동
8830e0a195fffff,15:00:00,8830e0af6dfffff,11,43.45,22.0,인천 계양구 계산동
8830e0a195fffff,15:20:00,8830e0a1b1fffff,45,60.93,22.27,경기 부천시 오정동
8830e0a195fffff,15:20:00,8830e0af0bfffff,11,76.18,32.66,경기 부천시 중동
8830e0a195fffff,15:20:00,8830e0af6dfffff,10,44.3,21.45,인천 계양구 계산동
8830e0a195fffff,15:40:00,8830e0a1b1fffff,29,80.83,28.47,경기 부천시 오정동
8830e0a195fffff,16:00:00,8830e0a1b1fffff,42,85.14,22.48,경기 부천시 오정동
8830e0a195fffff,16:00:00,8830e0af6dfffff,15,46.73,24.76,인천 계양구 계산동
8830e0a195fffff,16:20:00,8830e0a1b1fffff,34,87.74,21.61,경기 부천시 오정동
8830e0a195fffff,16:40:00,8830e0a1b1fffff,39,88.15,27.44,경기 부천시 오정동
8830e0a195fffff,17:00:00,8830e0a1b1fffff,32,65.91,22.8,경기 부천시 오정동
8830e0a195fffff,17:00:00,8830e0af6dfffff,11,175.82,22.46,인천 계양구 계산동
8830e0a195fffff,17:20:00,8830e0a1b1fffff,42,74.36,22.78,경기 부천시 오정동
8830e0a195fffff,17:40:00,8830e0a1b1fffff,32,96.88,19.34,경기 부천시 오정동
8830e0a195fffff,17:40:00,8830e0af6dfffff,13,42.46,22.18,인천 계양구 계산동
8830e0a195fffff,18:00:00,8830e0a1b1fffff,40,64.33,27.43,경기 부천시 오정동
8830e0a195fffff,18:00:00,8830e0af6dfffff,12,58.25,29.78,인천 계양구 계산동
8830e0a195fffff,18:20:00,8830e0a1b1fffff,27,64.56,27.63,경기 부천시 오정동
8830e0a195fffff,18:40:00,8830e0a1b1fffff,23,76.87,25.58,경기 부천시 오정동
8830e0a195fffff,19:00:00,8830e0a1b1fffff,23,66.87,17.8,경기 부천시 오정동
8830e0a195fffff,19:20:00,8830e0a1b1fffff,16,51.0,18.94,경기 부천시 오정동
8830e0a195fffff,19:40:00,8830e0a1b1fffff,20,55.85,30.92,경기 부천시 오정동
8830e0a195fffff,20:00:00,8830e0a1b1fffff,22,45.86,16.89,경기 부천시 오정동
8830e0a195fffff,20:20:00,8830e0a1b1fffff,17,64.65,29.83,경기 부천시 오정동
8830e0a195fffff,20:40:00,8830e0a1b1fffff,11,43.73,16.2,경기 부천시 오정동
8830e0a195fffff,21:00:00,8830e0a1b1fffff,12,48.83,18.19,경기 부천시 오정동
8830e0a195fffff,21:20:00,8830e0a1b1fffff,15,75.33,27.02,경기 부천시 오정동
8830e0a195fffff,22:20:00,8830e0a1b1fffff,13,46.62,26.73,경기 부천시 오정동
8830e0a197fffff,7:20:00,8830e0a1b1fffff,13,52.54,21.19,경기 부천시 오정동
8830e0a197fffff,7:40:00,8830e0a1b1fffff,12,76.67,23.75,경기 부천시 오정동
8830e0a197fffff,8:00:00,8830e0a1b1fffff,19,119.95,22.11,경기 부천시 오정동
8830e0a197fffff,8:20:00,8830e0a1b1fffff,16,68.63,19.24,경기 부천시 오정동
8830e0a197fffff,8:40:00,8830e0a1b1fffff,21,62.86,20.75,경기 부천시 오정동
8830e0a197fffff,9:40:00,8830e0a1b1fffff,13,79.62,19.31,경기 부천시 오정동
8830e0a197fffff,10:00:00,8830e0a1b1fffff,12,70.58,28.73,경기 부천시 오정동
8830e0a197fffff,10:20:00,8830e0a1b1fffff,17,58.53,22.0,경기 부천시 오정동
8830e0a197fffff,10:40:00,8830e0a1b1fffff,15,52.93,19.92,경기 부천시 오정동
8830e0a197fffff,11:00:00,8830e0a1b1fffff,14,81.14,21.28,경기 부천시 오정동
8830e0a197fffff,11:20:00,8830e0a1b1fffff,11,60.64,22.33,경기 부천시 오정동
8830e0a197fffff,11:40:00,8830e0a1b1fffff,20,72.25,25.63,경기 부천시 오정동
8830e0a197fffff,12:00:00,8830e0a1b1fffff,12,46.08,14.51,경기 부천시 오정동
8830e0a197fffff,12:20:00,8830e0a1b1fffff,20,92.25,21.53,경기 부천시 오정동
8830e0a197fffff,12:40:00,8830e0a1b1fffff,18,65.83,20.88,경기 부천시 오정동
8830e0a197fffff,13:00:00,8830e0a1b1fffff,26,63.12,23.22,경기 부천시 오정동
8830e0a197fffff,13:20:00,8830e0a1b1fffff,13,61.15,25.01,경기 부천시 오정동
8830e0a197fffff,13:40:00,8830e0a1b1fffff,17,68.94,20.84,경기 부천시 오정동
8830e0a197fffff,14:00:00,8830e0a1b1fffff,24,81.54,21.59,경기 부천시 오정동
8830e0a197fffff,14:20:00,8830e0a1b1fffff,10,54.3,20.09,경기 부천시 오정동
8830e0a197fffff,14:40:00,8830e0a1b1fffff,16,68.75,24.34,경기 부천시 오정동
8830e0a197fffff,15:00:00,8830e0a1b1fffff,18,46.83,25.17,경기 부천시 오정동
8830e0a197fffff,15:20:00,8830e0a1b1fffff,19,74.26,26.75,경기 부천시 오정동
8830e0a197fffff,15:40:00,8830e0a1b1fffff,14,48.29,24.7,경기 부천시 오정동
8830e0a197fffff,16:00:00,8830e0a1b1fffff,14,75.93,22.02,경기 부천시 오정동
8830e0a197fffff,16:20:00,8830e0a1b1fffff,17,55.12,21.84,경기 부천시 오정동
8830e0a197fffff,16:40:00,8830e0a1b1fffff,12,82.83,36.67,경기 부천시 오정동
8830e0a197fffff,17:00:00,8830e0a1b1fffff,11,50.64,20.44,경기 부천시 오정동
8830e0a197fffff,17:20:00,8830e0a1b1fffff,19,43.11,26.41,경기 부천시 오정동
8830e0a197fffff,17:40:00,8830e0a1b1fffff,16,47.94,14.02,경기 부천시 오정동
8830e0a197fffff,18:00:00,8830e0a1b1fffff,15,137.6,24.04,경기 부천시 오정동
8830e0a197fffff,18:20:00,8830e0a1b1fffff,12,48.58,20.58,경기 부천시 오정동
8830e0a197fffff,19:20:00,8830e0a1b1fffff,13,49.85,28.25,경기 부천시 오정동
8830e0a197fffff,19:40:00,8830e0a1b1fffff,11,45.18,24.73,경기 부천시 오정동
8830e0a19bfffff,12:40:00,8830e0a1b1fffff,16,57.75,21.5,경기 부천시 오정동
8830e0a19bfffff,15:20:00,8830e0a1b1fffff,11,59.27,21.97,경기 부천시 오정동
8830e0a19bfffff,17:20:00,8830e0a1b1fffff,12,63.08,22.61,경기 부천시 오정동
8830e0a19dfffff,8:00:00,8830e0a1b1fffff,11,52.0,15.29,경기 부천시 오정동
8830e0a19dfffff,15:20:00,8830e0a1b1fffff,11,41.82,19.73,경기 부천시 오정동
8830e0a19dfffff,17:20:00,8830e0a1b1fffff,10,89.6,20.59,경기 부천시 오정동
8830e0a1a1fffff,14:00:00,8830e0a1b1fffff,12,82.5,27.72,경기 부천시 오정동
8830e0a1a1fffff,14:40:00,8830e0a1b1fffff,10,125.1,34.71,경기 부천시 오정동
8830e0a1a1fffff,16:20:00,8830e0a1b1fffff,14,94.71,28.84,경기 부천시 오정동
8830e0a1a1fffff,16:40:00,8830e0a1b1fffff,10,66.2,26.95,경기 부천시 오정동
8830e0a1a1fffff,17:00:00,8830e0a1b1fffff,17,60.76,28.85,경기 부천시 오정동
8830e0a1a1fffff,17:20:00,8830e0a1b1fffff,18,71.33,29.65,경기 부천시 오정동
8830e0a1a1fffff,17:20:00,8830e0af6dfffff,17,54.53,21.14,인천 계양구 계산동
8830e0a1a1fffff,17:40:00,8830e0a1b1fffff,12,75.92,29.25,경기 부천시 오정동
8830e0a1a1fffff,17:40:00,8830e0af6dfffff,13,75.0,35.58,인천 계양구 계산동
8830e0a1a1fffff,18:00:00,8830e0a1b1fffff,49,58.02,24.48,경기 부천시 오정동
8830e0a1a1fffff,18:00:00,8830e0af0bfffff,16,45.31,34.15,경기 부천시 중동
8830e0a1a1fffff,18:00:00,8830e0af6dfffff,23,82.0,21.64,인천 계양구 계산동
8830e0a1a1fffff,18:20:00,8830e0a1b1fffff,13,94.15,21.78,경기 부천시 오정동
8830e0a1a1fffff,18:40:00,8830e0a1b1fffff,11,86.27,37.51,경기 부천시 오정동
8830e0a1a1fffff,19:40:00,8830e0af6dfffff,10,95.9,30.45,인천 계양구 계산동
8830e0a1a1fffff,20:20:00,8830e0a1b1fffff,12,38.67,19.34,경기 부천시 오정동
8830e0a1a1fffff,20:40:00,8830e0a1b1fffff,10,191.9,13.48,경기 부천시 오정동
8830e0a1a3fffff,7:00:00,8830e0a1b1fffff,11,66.55,29.45,경기 부천시 오정동
8830e0a1a3fffff,8:40:00,8830e0a1b1fffff,12,100.75,24.41,경기 부천시 오정동
8830e0a1a3fffff,9:20:00,8830e0a1b1fffff,12,56.83,19.5,경기 부천시 오정동
8830e0a1a3fffff,10:00:00,8830e0a1b1fffff,10,69.9,22.8,경기 부천시 오정동
8830e0a1a3fffff,10:20:00,8830e0a1b1fffff,12,90.75,29.75,경기 부천시 오정동
8830e0a1a3fffff,11:00:00,8830e0a1b1fffff,13,65.77,23.93,경기 부천시 오정동
8830e0a1a3fffff,11:20:00,8830e0a1b1fffff,11,70.45,27.13,경기 부천시 오정동
8830e0a1a3fffff,11:40:00,8830e0a1b1fffff,12,72.33,29.45,경기 부천시 오정동
8830e0a1a3fffff,12:00:00,8830e0a1b1fffff,13,126.23,39.05,경기 부천시 오정동
8830e0a1a3fffff,12:20:00,8830e0a1b1fffff,13,63.0,18.14,경기 부천시 오정동
8830e0a1a3fffff,13:00:00,8830e0a1b1fffff,14,60.71,22.74,경기 부천시 오정동
8830e0a1a3fffff,13:20:00,8830e0a1b1fffff,18,95.72,26.95,경기 부천시 오정동
8830e0a1a3fffff,13:40:00,8830e0a1b1fffff,12,63.33,25.53,경기 부천시 오정동
8830e0a1a3fffff,14:00:00,8830e0a1b1fffff,11,62.36,24.13,경기 부천시 오정동
8830e0a1a3fffff,14:20:00,8830e0a1b1fffff,16,89.75,29.88,경기 부천시 오정동
8830e0a1a3fffff,14:40:00,8830e0a1b1fffff,11,78.73,22.6,경기 부천시 오정동
8830e0a1a3fffff,15:20:00,8830e0a1b1fffff,12,80.08,28.59,경기 부천시 오정동
8830e0a1a3fffff,15:40:00,8830e0a1b1fffff,10,59.4,24.89,경기 부천시 오정동
8830e0a1a3fffff,16:00:00,8830e0a1b1fffff,11,57.36,25.48,경기 부천시 오정동
8830e0a1a3fffff,16:20:00,8830e0a1b1fffff,11,100.45,57.43,경기 부천시 오정동
8830e0a1a3fffff,16:40:00,8830e0a1b1fffff,12,83.25,33.9,경기 부천시 오정동
8830e0a1a3fffff,17:00:00,8830e0a1b1fffff,19,53.95,24.67,경기 부천시 오정동
8830e0a1a3fffff,17:20:00,8830e0a1b1fffff,10,135.3,19.68,경기 부천시 오정동
8830e0a1a3fffff,17:40:00,8830e0a1b1fffff,11,49.27,22.36,경기 부천시 오정동
8830e0a1a3fffff,18:00:00,8830e0a1b1fffff,22,50.18,23.36,경기 부천시 오정동
8830e0a1a3fffff,18:20:00,8830e0a1b1fffff,14,45.07,20.44,경기 부천시 오정동
8830e0a1a3fffff,19:40:00,8830e0a1b1fffff,12,73.83,27.15,경기 부천시 오정동
8830e0a1a3fffff,20:00:00,8830e0af6dfffff,10,79.1,22.51,인천 계양구 계산동
8830e0a1a5fffff,0:00:00,8830e0a1b1fffff,18,50.56,18.24,경기 부천시 오정동
8830e0a1a5fffff,15:20:00,8830e0a1b1fffff,11,46.09,25.34,경기 부천시 오정동
8830e0a1a5fffff,15:40:00,8830e0a1b1fffff,14,68.71,26.75,경기 부천시 오정동
8830e0a1a5fffff,17:20:00,8830e0a1b1fffff,17,46.29,22.58,경기 부천시 오정동
8830e0a1a5fffff,17:20:00,8830e0af6dfffff,13,50.0,21.86,인천 계양구 계산동
8830e0a1a5fffff,17:40:00,8830e0af6dfffff,10,52.7,22.46,인천 계양구 계산동
8830e0a1a5fffff,18:00:00,8830e0a1b1fffff,10,57.3,22.9,경기 부천시 오정동
8830e0a1a5fffff,18:00:00,8830e0af6dfffff,15,48.93,19.42,인천 계양구 계산동
8830e0a1a7fffff,0:00:00,8830e0af6dfffff,11,65.45,45.91,인천 계양구 계산동
8830e0a1a7fffff,11:00:00,8830e0af0bfffff,13,73.62,23.83,경기 부천시 중동
8830e0a1a7fffff,11:00:00,8830e0af6dfffff,11,72.73,20.87,인천 계양구 계산동
8830e0a1a7fffff,11:20:00,8830e0a1b1fffff,11,48.73,22.82,경기 부천시 오정동
8830e0a1a7fffff,11:20:00,8830e0af0bfffff,13,53.0,23.52,경기 부천시 중동
8830e0a1a7fffff,11:40:00,8830e0af6dfffff,10,73.5,25.46,인천 계양구 계산동
8830e0a1a7fffff,12:00:00,8830e0a1b1fffff,10,70.2,37.95,경기 부천시 오정동
8830e0a1a7fffff,12:20:00,8830e0af0bfffff,11,62.36,23.3,경기 부천시 중동
8830e0a1a7fffff,12:40:00,8830e0a1b1fffff,14,73.86,26.87,경기 부천시 오정동
8830e0a1a7fffff,12:40:00,8830e0af6dfffff,13,61.62,17.36,인천 계양구 계산동
8830e0a1a7fffff,13:00:00,8830e0a1b1fffff,13,64.15,17.48,경기 부천시 오정동
8830e0a1a7fffff,13:20:00,8830e0af6dfffff,13,48.69,23.48,인천 계양구 계산동
8830e0a1a7fffff,13:40:00,8830e0a1b1fffff,16,102.94,28.38,경기 부천시 오정동
8830e0a1a7fffff,13:40:00,8830e0af0bfffff,13,61.92,23.57,경기 부천시 중동
8830e0a1a7fffff,13:40:00,8830e0af6dfffff,17,68.47,21.8,인천 계양구 계산동
8830e0a1a7fffff,14:00:00,8830e0af6dfffff,10,43.3,32.89,인천 계양구 계산동
8830e0a1a7fffff,14:20:00,8830e0a1b1fffff,13,52.77,23.32,경기 부천시 오정동
8830e0a1a7fffff,14:20:00,8830e0af6dfffff,12,94.92,43.46,인천 계양구 계산동
8830e0a1a7fffff,14:40:00,8830e0a1b1fffff,11,107.64,22.48,경기 부천시 오정동
8830e0a1a7fffff,14:40:00,8830e0af6dfffff,12,95.67,19.53,인천 계양구 계산동
8830e0a1a7fffff,15:00:00,8830e0a1b1fffff,17,65.65,44.68,경기 부천시 오정동
8830e0a1a7fffff,15:00:00,8830e0af0bfffff,14,62.14,24.11,경기 부천시 중동
8830e0a1a7fffff,15:00:00,8830e0af6dfffff,11,66.36,28.4,인천 계양구 계산동
8830e0a1a7fffff,15:20:00,8830e0a1b1fffff,10,49.8,22.11,경기 부천시 오정동
8830e0a1a7fffff,15:20:00,8830e0af0bfffff,13,67.62,26.75,경기 부천시 중동
8830e0a1a7fffff,16:00:00,8830e0a1b1fffff,11,89.91,22.92,경기 부천시 오정동
8830e0a1a7fffff,16:00:00,8830e0af6dfffff,13,124.62,33.1,인천 계양구 계산동
8830e0a1a7fffff,16:40:00,8830e0a1b1fffff,14,216.21,27.89,경기 부천시 오정동
8830e0a1a7fffff,16:40:00,8830e0af0bfffff,10,53.8,30.55,경기 부천시 중동
8830e0a1a7fffff,17:00:00,8830e0a1b1fffff,14,62.79,30.02,경기 부천시 오정동
8830e0a1a7fffff,17:00:00,8830e0af6dfffff,16,59.13,27.75,인천 계양구 계산동
8830e0a1a7fffff,17:20:00,8830e0a1b1fffff,24,57.0,25.39,경기 부천시 오정동
8830e0a1a7fffff,17:20:00,8830e0af6dfffff,24,115.38,24.91,인천 계양구 계산동
8830e0a1a7fffff,17:40:00,8830e0a1b1fffff,11,65.55,27.22,경기 부천시 오정동
8830e0a1a7fffff,17:40:00,8830e0af0bfffff,13,59.46,29.45,경기 부천시 중동
8830e0a1a7fffff,17:40:00,8830e0af6dfffff,16,50.13,24.96,인천 계양구 계산동
8830e0a1a7fffff,18:00:00,8830e0a1b1fffff,22,47.5,24.0,경기 부천시 오정동
8830e0a1a7fffff,18:00:00,8830e0af0bfffff,16,49.63,25.24,경기 부천시 중동
8830e0a1a7fffff,18:00:00,8830e0af6dfffff,39,49.67,25.16,인천 계양구 계산동
8830e0a1a7fffff,18:20:00,8830e0a1b1fffff,16,69.13,39.53,경기 부천시 오정동
8830e0a1a7fffff,18:20:00,8830e0af0bfffff,10,57.8,29.08,경기 부천시 중동
8830e0a1a7fffff,18:20:00,8830e0af6dfffff,24,52.04,25.43,인천 계양구 계산동
8830e0a1a7fffff,18:40:00,8830e0af6dfffff,12,44.75,26.56,인천 계양구 계산동
8830e0a1a7fffff,19:00:00,8830e0a1b1fffff,10,55.7,21.44,경기 부천시 오정동
8830e0a1a7fffff,19:20:00,8830e0a1b1fffff,13,61.23,27.13,경기 부천시 오정동
8830e0a1a7fffff,19:20:00,8830e0af6dfffff,13,55.62,29.4,인천 계양구 계산동
8830e0a1a7fffff,20:20:00,8830e0a1b1fffff,14,96.14,20.43,경기 부천시 오정동
8830e0a1a9fffff,7:00:00,8830e0af0bfffff,10,48.9,26.0,경기 부천시 중동
8830e0a1a9fffff,7:20:00,8830e0a1b1fffff,18,96.61,23.03,경기 부천시 오정동
8830e0a1a9fffff,7:40:00,8830e0a1b1fffff,12,46.58,20.47,경기 부천시 오정동
8830e0a1a9fffff,7:40:00,8830e0ae99fffff,13,46.46,48.42,서울 강서구 등촌동
8830e0a1a9fffff,8:00:00,8830e0a1b1fffff,26,80.19,22.78,경기 부천시 오정동
8830e0a1a9fffff,8:20:00,8830e0a1b1fffff,16,63.69,23.15,경기 부천시 오정동
8830e0a1a9fffff,8:20:00,8830e0af6dfffff,10,64.3,21.56,인천 계양구 계산동
8830e0a1a9fffff,8:40:00,8830e0a1b1fffff,20,57.0,17.41,경기 부천시 오정동
8830e0a1a9fffff,9:00:00,8830e0a1b1fffff,16,61.69,24.0,경기 부천시 오정동
8830e0a1a9fffff,9:20:00,8830e0a1b1fffff,16,57.69,19.9,경기 부천시 오정동
8830e0a1a9fffff,9:40:00,8830e0a1b1fffff,13,78.62,23.78,경기 부천시 오정동
8830e0a1a9fffff,10:00:00,8830e0a1b1fffff,11,50.73,25.03,경기 부천시 오정동
8830e0a1a9fffff,10:00:00,8830e0af6dfffff,13,63.77,27.52,인천 계양구 계산동
8830e0a1a9fffff,10:20:00,8830e0a1b1fffff,12,99.83,20.77,경기 부천시 오정동
8830e0a1a9fffff,10:20:00,8830e0af6dfffff,14,82.43,30.64,인천 계양구 계산동
8830e0a1a9fffff,10:40:00,8830e0a1b1fffff,12,57.17,27.86,경기 부천시 오정동
8830e0a1a9fffff,11:00:00,8830e0a1b1fffff,18,52.17,26.65,경기 부천시 오정동
8830e0a1a9fffff,11:00:00,8830e0af6dfffff,16,48.5,24.28,인천 계양구 계산동
8830e0a1a9fffff,11:20:00,8830e0a1b1fffff,13,62.0,21.15,경기 부천시 오정동
8830e0a1a9fffff,11:40:00,8830e0a1b1fffff,14,63.43,24.59,경기 부천시 오정동
8830e0a1a9fffff,11:40:00,8830e0af6dfffff,10,52.3,23.3,인천 계양구 계산동
8830e0a1a9fffff,12:00:00,8830e0a1b1fffff,13,50.0,25.63,경기 부천시 오정동
8830e0a1a9fffff,12:20:00,8830e0af6dfffff,10,45.3,23.82,인천 계양구 계산동
8830e0a1a9fffff,12:40:00,8830e0a1b1fffff,14,60.43,25.11,경기 부천시 오정동
8830e0a1a9fffff,13:00:00,8830e0a1b1fffff,13,134.08,16.95,경기 부천시 오정동
8830e0a1a9fffff,13:00:00,8830e0af6dfffff,10,53.8,26.12,인천 계양구 계산동
8830e0a1a9fffff,13:20:00,8830e0a1b1fffff,20,64.5,22.11,경기 부천시 오정동
8830e0a1a9fffff,13:40:00,8830e0a1b1fffff,25,56.44,21.24,경기 부천시 오정동
8830e0a1a9fffff,13:40:00,8830e0af6dfffff,10,56.7,31.25,인천 계양구 계산동
8830e0a1a9fffff,14:00:00,8830e0a1b1fffff,18,60.28,19.81,경기 부천시 오정동
8830e0a1a9fffff,14:00:00,8830e0af6dfffff,10,49.4,26.74,인천 계양구 계산동
8830e0a1a9fffff,14:20:00,8830e0a1b1fffff,23,58.13,21.59,경기 부천시 오정동
8830e0a1a9fffff,14:40:00,8830e0a1b1fffff,15,62.4,19.61,경기 부천시 오정동
8830e0a1a9fffff,15:00:00,8830e0a1b1fffff,20,54.25,27.25,경기 부천시 오정동
8830e0a1a9fffff,15:20:00,8830e0a1b1fffff,18,79.06,30.37,경기 부천시 오정동
8830e0a1a9fffff,15:40:00,8830e0a1b1fffff,12,65.25,21.66,경기 부천시 오정동
8830e0a1a9fffff,16:00:00,8830e0a1b1fffff,15,69.27,25.92,경기 부천시 오정동
8830e0a1a9fffff,16:40:00,8830e0a1b1fffff,14,140.93,24.19,경기 부천시 오정동
8830e0a1a9fffff,17:00:00,8830e0a1b1fffff,22,62.77,29.07,경기 부천시 오정동
8830e0a1a9fffff,17:20:00,8830e0a1b1fffff,12,55.0,26.85,경기 부천시 오정동
8830e0a1a9fffff,17:40:00,8830e0a1b1fffff,22,57.68,23.61,경기 부천시 오정동
8830e0a1a9fffff,17:40:00,8830e0af6dfffff,11,81.73,26.83,인천 계양구 계산동
8830e0a1a9fffff,18:00:00,8830e0a1b1fffff,14,55.07,23.8,경기 부천시 오정동
8830e0a1a9fffff,18:00:00,8830e0af6dfffff,13,79.0,30.77,인천 계양구 계산동
8830e0a1a9fffff,19:00:00,8830e0a1b1fffff,15,47.33,24.88,경기 부천시 오정동
8830e0a1abfffff,0:00:00,8830e0a1b1fffff,17,48.12,22.75,경기 부천시 오정동
8830e0a1abfffff,9:20:00,8830e0a1b1fffff,11,68.09,27.6,경기 부천시 오정동
8830e0a1abfffff,9:40:00,8830e0a1b1fffff,12,71.17,18.63,경기 부천시 오정동
8830e0a1abfffff,10:00:00,8830e0a1b1fffff,19,62.58,23.54,경기 부천시 오정동
8830e0a1abfffff,10:20:00,8830e0a1b1fffff,19,64.95,20.24,경기 부천시 오정동
8830e0a1abfffff,10:40:00,8830e0a1b1fffff,15,66.67,18.83,경기 부천시 오정동
8830e0a1abfffff,11:00:00,8830e0a1b1fffff,21,70.57,32.05,경기 부천시 오정동
8830e0a1abfffff,11:00:00,8830e0af0bfffff,13,62.0,26.47,경기 부천시 중동
8830e0a1abfffff,11:20:00,8830e0a1b1fffff,21,72.29,22.29,경기 부천시 오정동
8830e0a1abfffff,11:40:00,8830e0a1b1fffff,19,77.53,23.39,경기 부천시 오정동
8830e0a1abfffff,12:00:00,8830e0a1b1fffff,15,69.27,20.38,경기 부천시 오정동
8830e0a1abfffff,12:20:00,8830e0a1b1fffff,19,103.0,21.58,경기 부천시 오정동
8830e0a1abfffff,12:40:00,8830e0a1b1fffff,29,147.07,18.6,경기 부천시 오정동
8830e0a1abfffff,13:00:00,8830e0a1b1fffff,23,88.65,24.57,경기 부천시 오정동
8830e0a1abfffff,13:00:00,8830e0af6dfffff,15,46.93,23.46,인천 계양구 계산동
8830e0a1abfffff,13:20:00,8830e0a1b1fffff,26,82.38,28.89,경기 부천시 오정동
8830e0a1abfffff,13:40:00,8830e0a1b1fffff,26,68.38,25.85,경기 부천시 오정동
8830e0a1abfffff,13:40:00,8830e0af6dfffff,12,65.0,25.0,인천 계양구 계산동
8830e0a1abfffff,14:00:00,8830e0a1b1fffff,24,66.29,25.2,경기 부천시 오정동
8830e0a1abfffff,14:00:00,8830e0af6dfffff,10,69.1,33.54,인천 계양구 계산동
8830e0a1abfffff,14:20:00,8830e0a1b1fffff,26,67.69,23.3,경기 부천시 오정동
8830e0a1abfffff,14:20:00,8830e0af6dfffff,14,77.29,26.55,인천 계양구 계산동
8830e0a1abfffff,14:40:00,8830e0a1b1fffff,24,55.42,27.75,경기 부천시 오정동
8830e0a1abfffff,14:40:00,8830e0af6dfffff,10,61.7,21.57,인천 계양구 계산동
8830e0a1abfffff,15:00:00,8830e0a1b1fffff,25,75.84,26.75,경기 부천시 오정동
8830e0a1abfffff,15:00:00,8830e0af6dfffff,10,65.3,22.76,인천 계양구 계산동
8830e0a1abfffff,15:20:00,8830e0a1b1fffff,26,70.81,20.01,경기 부천시 오정동
8830e0a1abfffff,15:40:00,8830e0a1b1fffff,18,59.11,19.63,경기 부천시 오정동
8830e0a1abfffff,15:40:00,8830e0af6dfffff,11,58.36,19.53,인천 계양구 계산동
8830e0a1abfffff,16:00:00,8830e0a1b1fffff,26,58.12,25.01,경기 부천시 오정동
8830e0a1abfffff,16:20:00,8830e0a1b1fffff,21,47.57,14.96,경기 부천시 오정동
8830e0a1abfffff,16:40:00,8830e0a1b1fffff,15,56.87,22.6,경기 부천시 오정동
8830e0a1abfffff,17:00:00,8830e0a1b1fffff,28,60.79,25.08,경기 부천시 오정동
8830e0a1abfffff,17:20:00,8830e0a1b1fffff,23,54.87,25.22,경기 부천시 오정동
8830e0a1abfffff,17:40:00,8830e0a1b1fffff,22,57.82,20.76,경기 부천시 오정동
8830e0a1abfffff,18:00:00,8830e0a1b1fffff,22,51.73,23.01,경기 부천시 오정동
8830e0a1abfffff,18:00:00,8830e0af6dfffff,10,59.8,20.79,인천 계양구 계산동
8830e0a1abfffff,18:20:00,8830e0a1b1fffff,26,61.81,19.9,경기 부천시 오정동
8830e0a1abfffff,18:20:00,8830e0af6dfffff,12,68.83,22.06,인천 계양구 계산동
8830e0a1abfffff,18:40:00,8830e0a1b1fffff,19,45.68,23.04,경기 부천시 오정동
8830e0a1abfffff,19:00:00,8830e0a1b1fffff,15,67.93,24.32,경기 부천시 오정동
8830e0a1abfffff,20:00:00,8830e0a1b1fffff,18,67.72,19.43,경기 부천시 오정동
8830e0a1adfffff,16:40:00,8830e0a1b1fffff,14,71.64,22.87,경기 부천시 오정동
8830e0a1adfffff,17:00:00,8830e0a1b1fffff,17,285.82,14.71,경기 부천시 오정동
8830e0a1adfffff,17:00:00,8830e0af6dfffff,10,99.0,26.65,인천 계양구 계산동
8830e0a1adfffff,17:20:00,8830e0a1b1fffff,15,68.2,23.8,경기 부천시 오정동
8830e0a1adfffff,17:20:00,8830e0af6dfffff,13,48.46,21.08,인천 계양구 계산동
8830e0a1adfffff,17:40:00,8830e0a1b1fffff,15,88.93,26.78,경기 부천시 오정동
8830e0a1adfffff,18:00:00,8830e0a1b1fffff,19,54.53,27.25,경기 부천시 오정동
8830e0a1adfffff,18:00:00,8830e0af6dfffff,19,48.79,23.63,인천 계양구 계산동
8830e0a1adfffff,18:20:00,8830e0a1b1fffff,11,60.82,25.23,경기 부천시 오정동
8830e0a1b1fffff,0:00:00,8830e0a1b1fffff,327,62.3,17.39,경기 부천시 오정동
8830e0a1b1fffff,0:20:00,8830e0a1b1fffff,19,42.21,20.22,경기 부천시 오정동
8830e0a1b1fffff,0:40:00,8830e0a1b1fffff,41,57.39,21.34,경기 부천시 오정동
8830e0a1b1fffff,1:00:00,8830e0a1b1fffff,30,52.23,15.78,경기 부천시 오정동
8830e0a1b1fffff,1:20:00,8830e0a1b1fffff,32,89.97,21.73,경기 부천시 오정동
8830e0a1b1fffff,1:40:00,8830e0a1b1fffff,32,57.34,21.54,경기 부천시 오정동
8830e0a1b1fffff,2:00:00,8830e0a1b1fffff,30,67.77,18.42,경기 부천시 오정동
8830e0a1b1fffff,2:20:00,8830e0a1b1fffff,23,83.78,15.34,경기 부천시 오정동
8830e0a1b1fffff,2:40:00,8830e0a1b1fffff,18,150.33,34.41,경기 부천시 오정동
8830e0a1b1fffff,3:00:00,8830e0a1b1fffff,35,265.91,30.57,경기 부천시 오정동
8830e0a1b1fffff,3:20:00,8830e0a1b1fffff,22,102.68,22.37,경기 부천시 오정동
8830e0a1b1fffff,3:40:00,8830e0a1b1fffff,34,111.47,22.58,경기 부천시 오정동
8830e0a1b1fffff,4:00:00,8830e0a1b1fffff,30,232.8,35.5,경기 부천시 오정동
8830e0a1b1fffff,4:20:00,8830e0a1b1fffff,38,92.08,30.86,경기 부천시 오정동
8830e0a1b1fffff,4:40:00,8830e0a1b1fffff,38,101.92,59.05,경기 부천시 오정동
8830e0a1b1fffff,5:00:00,8830e0a1b1fffff,56,120.8,37.95,경기 부천시 오정동
8830e0a1b1fffff,5:20:00,8830e0a1b1fffff,66,151.42,31.51,경기 부천시 오정동
8830e0a1b1fffff,5:40:00,8830e0a1b1fffff,48,178.71,26.09,경기 부천시 오정동
8830e0a1b1fffff,6:00:00,8830e0a1b1fffff,63,136.81,30.39,경기 부천시 오정동
8830e0a1b1fffff,6:20:00,8830e0a1b1fffff,83,162.87,37.94,경기 부천시 오정동
8830e0a1b1fffff,6:40:00,8830e0a1b1fffff,159,138.99,34.35,경기 부천시 오정동
8830e0a1b1fffff,6:40:00,8830e0ac83fffff,11,60.0,34.63,서울 구로구 구로동
8830e0a1b1fffff,7:00:00,8830e0a1b1fffff,249,133.61,27.43,경기 부천시 오정동
8830e0a1b1fffff,7:20:00,8830e0a1b1fffff,190,101.86,29.62,경기 부천시 오정동
8830e0a1b1fffff,7:40:00,8830e0a1b1fffff,237,103.59,30.38,경기 부천시 오정동
8830e0a1b1fffff,7:40:00,8830e0af6dfffff,13,78.23,29.06,인천 계양구 계산동
8830e0a1b1fffff,8:00:00,8830e0a1b1fffff,251,103.44,27.04,경기 부천시 오정동
8830e0a1b1fffff,8:20:00,8830e0a1b1fffff,286,88.4,28.13,경기 부천시 오정동
8830e0a1b1fffff,8:40:00,8830e0a1b1fffff,329,97.67,26.79,경기 부천시 오정동
8830e0a1b1fffff,8:40:00,8830e0af6dfffff,21,53.24,24.27,인천 계양구 계산동
8830e0a1b1fffff,9:00:00,8830e0a1b1fffff,373,90.25,29.46,경기 부천시 오정동
8830e0a1b1fffff,9:00:00,8830e0af0bfffff,13,54.77,29.39,경기 부천시 중동
8830e0a1b1fffff,9:20:00,8830e0a1b1fffff,412,81.46,26.86,경기 부천시 오정동
8830e0a1b1fffff,9:20:00,8830e0af6dfffff,11,38.45,26.11,인천 계양구 계산동
8830e0a1b1fffff,9:40:00,8830e0a1b1fffff,439,80.25,29.06,경기 부천시 오정동
8830e0a1b1fffff,10:00:00,8830e0a1b1fffff,409,83.65,26.6,경기 부천시 오정동
8830e0a1b1fffff,10:00:00,8830e0af6dfffff,14,84.57,28.66,인천 계양구 계산동
8830e0a1b1fffff,10:20:00,8830e0a1b1fffff,433,78.94,27.47,경기 부천시 오정동
8830e0a1b1fffff,10:20:00,8830e0af6dfffff,14,60.29,24.4,인천 계양구 계산동
8830e0a1b1fffff,10:40:00,8830e0a1b1fffff,449,86.33,28.43,경기 부천시 오정동
8830e0a1b1fffff,11:00:00,8830e0a1b1fffff,471,87.03,27.9,경기 부천시 오정동
8830e0a1b1fffff,11:00:00,8830e0af6dfffff,11,125.73,27.8,인천 계양구 계산동
8830e0a1b1fffff,11:20:00,8830e0a1b1fffff,413,85.86,26.38,경기 부천시 오정동
8830e0a1b1fffff,11:20:00,8830e0af6dfffff,13,58.54,30.16,인천 계양구 계산동
8830e0a1b1fffff,11:40:00,8830e0a1b1fffff,406,77.03,26.95,경기 부천시 오정동
8830e0a1b1fffff,11:40:00,8830e0af6dfffff,10,70.9,28.62,인천 계양구 계산동
8830e0a1b1fffff,12:00:00,8830e0a1b1fffff,382,82.17,23.98,경기 부천시 오정동
8830e0a1b1fffff,12:20:00,8830e0a1b1fffff,451,80.65,27.2,경기 부천시 오정동
8830e0a1b1fffff,12:40:00,8830e0a1b1fffff,449,91.15,26.49,경기 부천시 오정동
8830e0a1b1fffff,12:40:00,8830e0af0bfffff,14,95.71,41.18,경기 부천시 중동
8830e0a1b1fffff,13:00:00,8830e0a1b1fffff,446,82.64,26.09,경기 부천시 오정동
8830e0a1b1fffff,13:00:00,8830e0af0bfffff,10,74.9,31.97,경기 부천시 중동
8830e0a1b1fffff,13:00:00,8830e0af6dfffff,15,55.47,26.49,인천 계양구 계산동
8830e0a1b1fffff,13:20:00,8830e0a1b1fffff,461,85.04,28.31,경기 부천시 오정동
8830e0a1b1fffff,13:20:00,8830e0af0bfffff,13,65.92,36.04,경기 부천시 중동
8830e0a1b1fffff,13:40:00,8830e0a1b1fffff,550,85.1,27.37,경기 부천시 오정동
8830e0a1b1fffff,13:40:00,8830e0af6dfffff,16,54.75,26.65,인천 계양구 계산동
8830e0a1b1fffff,14:00:00,8830e0a1b1fffff,493,79.64,26.79,경기 부천시 오정동
8830e0a1b1fffff,14:00:00,8830e0af0bfffff,10,44.3,32.24,경기 부천시 중동
8830e0a1b1fffff,14:20:00,8830e0a1b1fffff,483,75.1,26.24,경기 부천시 오정동
8830e0a1b1fffff,14:20:00,8830e0af0bfffff,13,58.23,29.84,경기 부천시 중동
8830e0a1b1fffff,14:40:00,8830e0a1b1fffff,455,77.3,24.93,경기 부천시 오정동
8830e0a1b1fffff,14:40:00,8830e0af0bfffff,11,76.18,33.85,경기 부천시 중동
8830e0a1b1fffff,14:40:00,8830e0af6dfffff,12,39.83,25.61,인천 계양구 계산동
8830e0a1b1fffff,15:00:00,8830e0a1b1fffff,475,77.11,25.96,경기 부천시 오정동
8830e0a1b1fffff,15:00:00,8830e0af0bfffff,10,56.9,28.44,경기 부천시 중동
8830e0a1b1fffff,15:00:00,8830e0af6dfffff,10,50.4,27.97,인천 계양구 계산동
8830e0a1b1fffff,15:20:00,8830e0a1b1fffff,433,74.89,26.96,경기 부천시 오정동
8830e0a1b1fffff,15:40:00,8830e0a1b1fffff,417,77.45,28.89,경기 부천시 오정동
8830e0a1b1fffff,15:40:00,8830e0af6dfffff,18,54.33,32.49,인천 계양구 계산동
8830e0a1b1fffff,16:00:00,8830e0a1b1fffff,412,71.91,25.81,경기 부천시 오정동
8830e0a1b1fffff,16:00:00,8830e0af0bfffff,11,69.09,35.7,경기 부천시 중동
8830e0a1b1fffff,16:00:00,8830e0af6dfffff,12,48.75,25.2,인천 계양구 계산동
8830e0a1b1fffff,16:20:00,8830e0a1b1fffff,396,70.88,27.38,경기 부천시 오정동
8830e0a1b1fffff,16:20:00,8830e0af0bfffff,16,53.0,29.65,경기 부천시 중동
8830e0a1b1fffff,16:20:00,8830e0af6dfffff,16,55.44,26.45,인천 계양구 계산동
8830e0a1b1fffff,16:40:00,8830e0a1b1fffff,403,66.63,25.74,경기 부천시 오정동
8830e0a1b1fffff,16:40:00,8830e0af6dfffff,14,68.79,27.12,인천 계양구 계산동
8830e0a1b1fffff,17:00:00,8830e0a1b1fffff,422,69.2,26.13,경기 부천시 오정동
8830e0a1b1fffff,17:20:00,8830e0a1b1fffff,384,70.65,27.29,경기 부천시 오정동
8830e0a1b1fffff,17:20:00,8830e0af0bfffff,13,63.31,29.11,경기 부천시 중동
8830e0a1b1fffff,17:20:00,8830e0af6dfffff,10,47.1,32.66,인천 계양구 계산동
8830e0a1b1fffff,17:40:00,8830e0a1b1fffff,354,62.66,24.25,경기 부천시 오정동
8830e0a1b1fffff,17:40:00,8830e0af0bfffff,19,45.84,30.98,경기 부천시 중동
8830e0a1b1fffff,17:40:00,8830e0af6dfffff,16,46.63,19.79,인천 계양구 계산동
8830e0a1b1fffff,18:00:00,8830e0a1b1fffff,359,67.82,26.4,경기 부천시 오정동
8830e0a1b1fffff,18:00:00,8830e0af0bfffff,13,44.38,28.74,경기 부천시 중동
8830e0a1b1fffff,18:00:00,8830e0af6dfffff,24,93.38,21.66,인천 계양구 계산동
8830e0a1b1fffff,18:20:00,8830e0a1b1fffff,331,67.18,24.38,경기 부천시 오정동
8830e0a1b1fffff,18:20:00,8830e0af6dfffff,12,47.83,22.95,인천 계양구 계산동
8830e0a1b1fffff,18:40:00,8830e0a1b1fffff,246,61.66,22.89,경기 부천시 오정동
8830e0a1b1fffff,18:40:00,8830e0af6dfffff,11,122.27,24.91,인천 계양구 계산동
8830e0a1b1fffff,19:00:00,8830e0a1b1fffff,229,65.77,22.36,경기 부천시 오정동
8830e0a1b1fffff,19:20:00,8830e0a1b1fffff,210,61.19,26.35,경기 부천시 오정동
8830e0a1b1fffff,19:40:00,8830e0a1b1fffff,226,58.19,24.94,경기 부천시 오정동
8830e0a1b1fffff,20:00:00,8830e0a1b1fffff,206,63.38,24.24,경기 부천시 오정동
8830e0a1b1fffff,20:20:00,8830e0a1b1fffff,195,61.14,23.94,경기 부천시 오정동
8830e0a1b1fffff,20:40:00,8830e0a1b1fffff,197,54.49,22.41,경기 부천시 오정동
8830e0a1b1fffff,21:00:00,8830e0a1b1fffff,166,53.51,25.03,경기 부천시 오정동
8830e0a1b1fffff,21:20:00,8830e0a1b1fffff,156,62.68,26.5,경기 부천시 오정동
8830e0a1b1fffff,21:40:00,8830e0a1b1fffff,122,64.71,25.51,경기 부천시 오정동
8830e0a1b1fffff,22:00:00,8830e0a1b1fffff,102,54.3,23.28,경기 부천시 오정동
8830e0a1b1fffff,22:20:00,8830e0a1b1fffff,101,51.38,18.39,경기 부천시 오정동
8830e0a1b1fffff,22:40:00,8830e0a1b1fffff,67,52.64,19.61,경기 부천시 오정동
8830e0a1b1fffff,23:00:00,8830e0a1b1fffff,86,46.28,23.28,경기 부천시 오정동
8830e0a1b1fffff,23:20:00,8830e0a1b1fffff,50,35.02,16.76,경기 부천시 오정동
8830e0a1b3fffff,0:00:00,8830e0a1b1fffff,29,49.83,19.76,경기 부천시 오정동
8830e0a1b3fffff,6:00:00,8830e0a1b1fffff,12,139.08,28.04,경기 부천시 오정동
8830e0a1b3fffff,6:20:00,8830e0a1b1fffff,12,108.92,31.51,경기 부천시 오정동
8830e0a1b3fffff,6:40:00,8830e0a1b1fffff,18,103.56,26.75,경기 부천시 오정동
8830e0a1b3fffff,7:00:00,8830e0a1b1fffff,21,97.81,24.48,경기 부천시 오정동
8830e0a1b3fffff,7:20:00,8830e0a1b1fffff,11,80.36,27.07,경기 부천시 오정동
8830e0a1b3fffff,7:40:00,8830e0a1b1fffff,25,64.2,20.66,경기 부천시 오정동
8830e0a1b3fffff,8:00:00,8830e0a1b1fffff,34,107.76,21.94,경기 부천시 오정동
8830e0a1b3fffff,8:20:00,8830e0a1b1fffff,33,63.73,26.28,경기 부천시 오정동
8830e0a1b3fffff,8:20:00,8830e0af6dfffff,15,50.67,30.98,인천 계양구 계산동
8830e0a1b3fffff,8:40:00,8830e0a1b1fffff,46,78.5,24.93,경기 부천시 오정동
8830e0a1b3fffff,9:00:00,8830e0a1b1fffff,59,110.49,29.96,경기 부천시 오정동
8830e0a1b3fffff,9:00:00,8830e0af0bfffff,10,60.7,32.59,경기 부천시 중동
8830e0a1b3fffff,9:20:00,8830e0a1b1fffff,67,63.03,25.85,경기 부천시 오정동
8830e0a1b3fffff,9:40:00,8830e0a1b1fffff,49,68.65,24.31,경기 부천시 오정동
8830e0a1b3fffff,10:00:00,8830e0a1b1fffff,65,73.06,26.4,경기 부천시 오정동
8830e0a1b3fffff,10:20:00,8830e0a1b1fffff,49,84.0,27.12,경기 부천시 오정동
8830e0a1b3fffff,10:40:00,8830e0a1b1fffff,44,67.82,30.84,경기 부천시 오정동
8830e0a1b3fffff,11:00:00,8830e0a1b1fffff,52,83.42,28.16,경기 부천시 오정동
8830e0a1b3fffff,11:20:00,8830e0a1b1fffff,40,86.58,22.38,경기 부천시 오정동
8830e0a1b3fffff,11:20:00,8830e0af6dfffff,10,54.7,32.79,인천 계양구 계산동
8830e0a1b3fffff,11:40:00,8830e0a1b1fffff,42,67.98,23.84,경기 부천시 오정동
8830e0a1b3fffff,12:00:00,8830e0a1b1fffff,48,67.4,28.0,경기 부천시 오정동
8830e0a1b3fffff,12:20:00,8830e0a1b1fffff,55,82.93,26.96,경기 부천시 오정동
8830e0a1b3fffff,12:40:00,8830e0a1b1fffff,47,76.83,27.57,경기 부천시 오정동
8830e0a1b3fffff,13:00:00,8830e0a1b1fffff,58,89.41,29.1,경기 부천시 오정동
8830e0a1b3fffff,13:20:00,8830e0a1b1fffff,54,71.98,38.09,경기 부천시 오정동
8830e0a1b3fffff,13:20:00,8830e0af0bfffff,15,48.0,29.85,경기 부천시 중동
8830e0a1b3fffff,13:40:00,8830e0a1b1fffff,73,83.22,25.67,경기 부천시 오정동
8830e0a1b3fffff,14:00:00,8830e0a1b1fffff,73,70.78,22.61,경기 부천시 오정동
8830e0a1b3fffff,14:20:00,8830e0a1b1fffff,52,64.15,24.82,경기 부천시 오정동
8830e0a1b3fffff,14:40:00,8830e0a1b1fffff,59,84.12,33.59,경기 부천시 오정동
8830e0a1b3fffff,15:00:00,8830e0a1b1fffff,75,74.01,23.42,경기 부천시 오정동
8830e0a1b3fffff,15:20:00,8830e0a1b1fffff,70,66.16,21.62,경기 부천시 오정동
8830e0a1b3fffff,15:40:00,8830e0a1b1fffff,55,65.0,23.54,경기 부천시 오정동
8830e0a1b3fffff,16:00:00,8830e0a1b1fffff,47,66.02,27.5,경기 부천시 오정동
8830e0a1b3fffff,16:20:00,8830e0a1b1fffff,51,52.24,25.56,경기 부천시 오정동
8830e0a1b3fffff,16:40:00,8830e0a1b1fffff,58,59.45,29.92,경기 부천시 오정동
8830e0a1b3fffff,17:00:00,8830e0a1b1fffff,51,69.98,26.91,경기 부천시 오정동
8830e0a1b3fffff,17:20:00,8830e0a1b1fffff,32,60.38,24.6,경기 부천시 오정동
8830e0a1b3fffff,17:40:00,8830e0a1b1fffff,38,53.79,27.68,경기 부천시 오정동
8830e0a1b3fffff,18:00:00,8830e0a1b1fffff,42,63.07,25.14,경기 부천시 오정동
8830e0a1b3fffff,18:20:00,8830e0a1b1fffff,48,64.69,25.13,경기 부천시 오정동
8830e0a1b3fffff,18:40:00,8830e0a1b1fffff,50,70.76,27.25,경기 부천시 오정동
8830e0a1b3fffff,19:00:00,8830e0a1b1fffff,49,57.29,22.25,경기 부천시 오정동
8830e0a1b3fffff,19:20:00,8830e0a1b1fffff,30,51.83,24.38,경기 부천시 오정동
8830e0a1b3fffff,19:40:00,8830e0a1b1fffff,41,62.56,30.25,경기 부천시 오정동
8830e0a1b3fffff,20:00:00,8830e0a1b1fffff,39,58.9,22.1,경기 부천시 오정동
8830e0a1b3fffff,20:20:00,8830e0a1b1fffff,38,60.37,22.73,경기 부천시 오정동
8830e0a1b3fffff,20:40:00,8830e0a1b1fffff,48,55.46,25.68,경기 부천시 오정동
8830e0a1b3fffff,21:00:00,8830e0a1b1fffff,34,56.06,33.18,경기 부천시 오정동
8830e0a1b3fffff,21:20:00,8830e0a1b1fffff,23,53.04,39.38,경기 부천시 오정동
8830e0a1b3fffff,21:40:00,8830e0a1b1fffff,23,67.74,39.51,경기 부천시 오정동
8830e0a1b3fffff,22:00:00,8830e0a1b1fffff,30,53.4,26.76,경기 부천시 오정동
8830e0a1b3fffff,22:20:00,8830e0a1b1fffff,24,59.54,22.37,경기 부천시 오정동
8830e0a1b3fffff,22:40:00,8830e0a1b1fffff,14,55.0,25.71,경기 부천시 오정동
8830e0a1b3fffff,23:00:00,8830e0a1b1fffff,13,46.08,18.03,경기 부천시 오정동
8830e0a1b5fffff,0:00:00,8830e0a1b1fffff,26,78.62,33.59,경기 부천시 오정동
8830e0a1b5fffff,6:20:00,8830e0a1b1fffff,14,64.71,24.13,경기 부천시 오정동
8830e0a1b5fffff,6:40:00,8830e0a1b1fffff,13,191.08,24.87,경기 부천시 오정동
8830e0a1b5fffff,7:00:00,8830e0a1b1fffff,22,149.68,29.44,경기 부천시 오정동
8830e0a1b5fffff,7:20:00,8830e0a1b1fffff,19,120.53,29.66,경기 부천시 오정동
8830e0a1b5fffff,7:40:00,8830e0a1b1fffff,25,128.32,29.08,경기 부천시 오정동
8830e0a1b5fffff,8:00:00,8830e0a1b1fffff,25,106.44,25.68,경기 부천시 오정동
8830e0a1b5fffff,8:00:00,8830e0af6dfffff,12,45.67,26.91,인천 계양구 계산동
8830e0a1b5fffff,8:20:00,8830e0a1b1fffff,24,139.29,30.87,경기 부천시 오정동
8830e0a1b5fffff,8:20:00,8830e0af0bfffff,14,46.07,23.27,경기 부천시 중동
8830e0a1b5fffff,8:20:00,8830e0af6dfffff,11,40.09,23.04,인천 계양구 계산동
8830e0a1b5fffff,8:40:00,8830e0a1b1fffff,31,67.26,19.4,경기 부천시 오정동
8830e0a1b5fffff,9:00:00,8830e0a1b1fffff,39,81.74,26.85,경기 부천시 오정동
8830e0a1b5fffff,9:00:00,8830e0af0bfffff,10,46.4,20.72,경기 부천시 중동
8830e0a1b5fffff,9:20:00,8830e0a1b1fffff,46,76.87,23.73,경기 부천시 오정동
8830e0a1b5fffff,9:20:00,8830e0af6dfffff,14,59.36,34.47,인천 계양구 계산동
8830e0a1b5fffff,9:40:00,8830e0a1b1fffff,55,104.76,26.7,경기 부천시 오정동
8830e0a1b5fffff,10:00:00,8830e0a1b1fffff,34,77.29,25.04,경기 부천시 오정동
8830e0a1b5fffff,10:00:00,8830e0af6dfffff,10,43.9,30.08,인천 계양구 계산동
8830e0a1b5fffff,10:20:00,8830e0a1b1fffff,34,79.15,23.43,경기 부천시 오정동
8830e0a1b5fffff,10:20:00,8830e0af6dfffff,10,55.0,29.93,인천 계양구 계산동
8830e0a1b5fffff,10:40:00,8830e0a1b1fffff,37,66.7,25.07,경기 부천시 오정동
8830e0a1b5fffff,11:00:00,8830e0a1b1fffff,41,66.76,24.84,경기 부천시 오정동
8830e0a1b5fffff,11:00:00,8830e0af6dfffff,11,46.27,21.26,인천 계양구 계산동
8830e0a1b5fffff,11:20:00,8830e0a1b1fffff,55,65.24,25.32,경기 부천시 오정동
8830e0a1b5fffff,11:20:00,8830e0af0bfffff,11,63.27,25.84,경기 부천시 중동
8830e0a1b5fffff,11:40:00,8830e0a1b1fffff,43,86.26,25.88,경기 부천시 오정동
8830e0a1b5fffff,12:00:00,8830e0a1b1fffff,52,68.83,29.05,경기 부천시 오정동
8830e0a1b5fffff,12:20:00,8830e0a1b1fffff,39,87.13,20.62,경기 부천시 오정동
8830e0a1b5fffff,12:20:00,8830e0af0bfffff,13,69.31,27.47,경기 부천시 중동
8830e0a1b5fffff,12:40:00,8830e0a1b1fffff,43,103.44,27.5,경기 부천시 오정동
8830e0a1b5fffff,12:40:00,8830e0af0bfffff,13,62.54,26.98,경기 부천시 중동
8830e0a1b5fffff,13:00:00,8830e0a1b1fffff,53,81.66,29.69,경기 부천시 오정동
8830e0a1b5fffff,13:00:00,8830e0af0bfffff,12,51.67,27.59,경기 부천시 중동
8830e0a1b5fffff,13:00:00,8830e0af6dfffff,12,54.42,29.56,인천 계양구 계산동
8830e0a1b5fffff,13:20:00,8830e0a1b1fffff,57,74.67,30.22,경기 부천시 오정동
8830e0a1b5fffff,13:40:00,8830e0a1b1fffff,63,83.35,25.72,경기 부천시 오정동
8830e0a1b5fffff,13:40:00,8830e0af0bfffff,10,72.1,24.44,경기 부천시 중동
8830e0a1b5fffff,14:00:00,8830e0a1b1fffff,61,74.43,26.03,경기 부천시 오정동
8830e0a1b5fffff,14:20:00,8830e0a1b1fffff,41,111.41,26.65,경기 부천시 오정동
8830e0a1b5fffff,14:40:00,8830e0a1b1fffff,46,76.98,24.68,경기 부천시 오정동
8830e0a1b5fffff,15:00:00,8830e0a1b1fffff,47,66.32,29.51,경기 부천시 오정동
8830e0a1b5fffff,15:00:00,8830e0af0bfffff,10,65.3,29.08,경기 부천시 중동
8830e0a1b5fffff,15:20:00,8830e0a1b1fffff,47,69.04,25.37,경기 부천시 오정동
8830e0a1b5fffff,15:20:00,8830e0af6dfffff,10,96.3,26.36,인천 계양구 계산동
8830e0a1b5fffff,15:40:00,8830e0a1b1fffff,28,73.43,22.42,경기 부천시 오정동
8830e0a1b5fffff,16:00:00,8830e0a1b1fffff,59,73.32,25.59,경기 부천시 오정동
8830e0a1b5fffff,16:20:00,8830e0a1b1fffff,34,76.74,26.75,경기 부천시 오정동
8830e0a1b5fffff,16:20:00,8830e0af6dfffff,10,51.6,22.43,인천 계양구 계산동
8830e0a1b5fffff,16:40:00,8830e0a1b1fffff,40,63.55,33.43,경기 부천시 오정동
8830e0a1b5fffff,17:00:00,8830e0a1b1fffff,41,66.12,25.53,경기 부천시 오정동
8830e0a1b5fffff,17:00:00,8830e0af0bfffff,10,47.5,25.02,경기 부천시 중동
8830e0a1b5fffff,17:20:00,8830e0a1b1fffff,45,92.67,24.86,경기 부천시 오정동
8830e0a1b5fffff,17:20:00,8830e0af6dfffff,11,90.82,14.39,인천 계양구 계산동
8830e0a1b5fffff,17:40:00,8830e0a1b1fffff,50,58.3,24.69,경기 부천시 오정동
8830e0a1b5fffff,17:40:00,8830e0af0bfffff,11,77.64,27.15,경기 부천시 중동
8830e0a1b5fffff,17:40:00,8830e0af6dfffff,15,45.07,21.57,인천 계양구 계산동
8830e0a1b5fffff,18:00:00,8830e0a1b1fffff,50,56.2,27.31,경기 부천시 오정동
8830e0a1b5fffff,18:00:00,8830e0af6dfffff,17,47.18,27.33,인천 계양구 계산동
8830e0a1b5fffff,18:20:00,8830e0a1b1fffff,37,58.43,24.88,경기 부천시 오정동
8830e0a1b5fffff,18:20:00,8830e0af6dfffff,11,60.91,31.82,인천 계양구 계산동
8830e0a1b5fffff,18:40:00,8830e0a1b1fffff,24,51.58,24.24,경기 부천시 오정동
8830e0a1b5fffff,19:00:00,8830e0a1b1fffff,26,60.12,29.04,경기 부천시 오정동
8830e0a1b5fffff,19:20:00,8830e0a1b1fffff,19,58.79,20.17,경기 부천시 오정동
8830e0a1b5fffff,19:40:00,8830e0a1b1fffff,25,63.96,28.99,경기 부천시 오정동
8830e0a1b5fffff,20:00:00,8830e0a1b1fffff,16,47.88,23.25,경기 부천시 오정동
8830e0a1b5fffff,20:20:00,8830e0a1b1fffff,22,51.73,23.16,경기 부천시 오정동
8830e0a1b5fffff,20:40:00,8830e0a1b1fffff,21,66.33,19.43,경기 부천시 오정동
8830e0a1b5fffff,21:00:00,8830e0a1b1fffff,12,57.17,22.01,경기 부천시 오정동
8830e0a1b5fffff,21:20:00,8830e0a1b1fffff,10,61.8,22.82,경기 부천시 오정동
8830e0a1b5fffff,21:40:00,8830e0a1b1fffff,13,50.62,12.98,경기 부천시 오정동
8830e0a1b7fffff,0:00:00,8830e0a1b1fffff,20,41.45,14.44,경기 부천시 오정동
8830e0a1b7fffff,5:20:00,8830e0a1b1fffff,11,123.45,19.52,경기 부천시 오정동
8830e0a1b7fffff,6:40:00,8830e0a1b1fffff,14,81.07,34.56,경기 부천시 오정동
8830e0a1b7fffff,7:00:00,8830e0a1b1fffff,23,69.87,25.83,경기 부천시 오정동
8830e0a1b7fffff,7:20:00,8830e0a1b1fffff,25,127.24,27.13,경기 부천시 오정동
8830e0a1b7fffff,7:40:00,8830e0a1b1fffff,19,105.47,25.76,경기 부천시 오정동
8830e0a1b7fffff,8:00:00,8830e0a1b1fffff,23,87.74,20.67,경기 부천시 오정동
8830e0a1b7fffff,8:00:00,8830e0ae99fffff,10,47.0,29.63,서울 강서구 등촌동
8830e0a1b7fffff,8:20:00,8830e0a1b1fffff,30,131.53,26.54,경기 부천시 오정동
8830e0a1b7fffff,8:20:00,8830e0af0bfffff,20,59.1,19.28,경기 부천시 중동
8830e0a1b7fffff,8:40:00,8830e0a1b1fffff,28,73.07,23.81,경기 부천시 오정동
8830e0a1b7fffff,9:00:00,8830e0a1b1fffff,45,84.11,28.87,경기 부천시 오정동
8830e0a1b7fffff,9:00:00,8830e0af0bfffff,11,57.64,23.12,경기 부천시 중동
8830e0a1b7fffff,9:00:00,8830e0af6dfffff,13,56.46,37.71,인천 계양구 계산동
8830e0a1b7fffff,9:20:00,8830e0a1b1fffff,49,86.06,31.59,경기 부천시 오정동
8830e0a1b7fffff,9:20:00,8830e0af0bfffff,11,53.45,24.77,경기 부천시 중동
8830e0a1b7fffff,9:40:00,8830e0a1b1fffff,44,75.27,26.58,경기 부천시 오정동
8830e0a1b7fffff,9:40:00,8830e0af0bfffff,12,62.0,24.96,경기 부천시 중동
8830e0a1b7fffff,10:00:00,8830e0a1b1fffff,39,89.51,30.51,경기 부천시 오정동
8830e0a1b7fffff,10:20:00,8830e0a1b1fffff,31,80.1,24.4,경기 부천시 오정동
8830e0a1b7fffff,10:40:00,8830e0a1b1fffff,35,86.11,30.73,경기 부천시 오정동
8830e0a1b7fffff,10:40:00,8830e0af0bfffff,10,52.0,24.48,경기 부천시 중동
8830e0a1b7fffff,11:00:00,8830e0a1b1fffff,31,65.39,28.74,경기 부천시 오정동
8830e0a1b7fffff,11:00:00,8830e0af0bfffff,13,93.46,29.98,경기 부천시 중동
8830e0a1b7fffff,11:00:00,8830e0af6dfffff,11,55.91,24.86,인천 계양구 계산동
8830e0a1b7fffff,11:20:00,8830e0a1b1fffff,40,95.7,25.38,경기 부천시 오정동
8830e0a1b7fffff,11:20:00,8830e0af0bfffff,13,56.08,32.03,경기 부천시 중동
8830e0a1b7fffff,11:40:00,8830e0a1b1fffff,40,74.7,22.77,경기 부천시 오정동
8830e0a1b7fffff,12:00:00,8830e0a1b1fffff,44,83.55,29.17,경기 부천시 오정동
8830e0a1b7fffff,12:00:00,8830e0af6dfffff,10,64.6,25.58,인천 계양구 계산동
8830e0a1b7fffff,12:20:00,8830e0a1b1fffff,38,79.63,26.34,경기 부천시 오정동
8830e0a1b7fffff,12:40:00,8830e0a1b1fffff,58,76.14,23.52,경기 부천시 오정동
8830e0a1b7fffff,13:00:00,8830e0a1b1fffff,40,82.03,21.83,경기 부천시 오정동
8830e0a1b7fffff,13:20:00,8830e0a1b1fffff,53,77.04,25.83,경기 부천시 오정동
8830e0a1b7fffff,13:40:00,8830e0a1b1fffff,47,83.02,27.6,경기 부천시 오정동
8830e0a1b7fffff,13:40:00,8830e0af0bfffff,13,58.77,25.38,경기 부천시 중동
8830e0a1b7fffff,14:00:00,8830e0a1b1fffff,40,82.18,28.07,경기 부천시 오정동
8830e0a1b7fffff,14:00:00,8830e0af0bfffff,16,59.19,30.58,경기 부천시 중동
8830e0a1b7fffff,14:20:00,8830e0a1b1fffff,51,98.29,26.12,경기 부천시 오정동
8830e0a1b7fffff,14:40:00,8830e0a1b1fffff,37,101.11,22.18,경기 부천시 오정동
8830e0a1b7fffff,15:00:00,8830e0a1b1fffff,53,83.09,27.8,경기 부천시 오정동
8830e0a1b7fffff,15:20:00,8830e0a1b1fffff,51,63.76,22.6,경기 부천시 오정동
8830e0a1b7fffff,15:20:00,8830e0af0bfffff,13,73.0,27.94,경기 부천시 중동
8830e0a1b7fffff,15:40:00,8830e0a1b1fffff,32,70.56,28.84,경기 부천시 오정동
8830e0a1b7fffff,16:00:00,8830e0a1b1fffff,51,71.53,25.15,경기 부천시 오정동
8830e0a1b7fffff,16:20:00,8830e0a1b1fffff,45,66.09,21.2,경기 부천시 오정동
8830e0a1b7fffff,16:40:00,8830e0a1b1fffff,33,68.85,22.62,경기 부천시 오정동
8830e0a1b7fffff,16:40:00,8830e0af0bfffff,13,46.15,26.42,경기 부천시 중동
8830e0a1b7fffff,17:00:00,8830e0a1b1fffff,44,59.7,31.7,경기 부천시 오정동
8830e0a1b7fffff,17:00:00,8830e0af0bfffff,13,65.85,21.79,경기 부천시 중동
8830e0a1b7fffff,17:20:00,8830e0a1b1fffff,26,74.54,22.45,경기 부천시 오정동
8830e0a1b7fffff,17:20:00,8830e0af0bfffff,12,62.5,22.6,경기 부천시 중동
8830e0a1b7fffff,17:40:00,8830e0a1b1fffff,32,61.34,30.55,경기 부천시 오정동
8830e0a1b7fffff,18:00:00,8830e0a1b1fffff,31,61.74,30.44,경기 부천시 오정동
8830e0a1b7fffff,18:00:00,8830e0af6dfffff,10,53.9,25.11,인천 계양구 계산동
8830e0a1b7fffff,18:20:00,8830e0a1b1fffff,28,74.96,23.31,경기 부천시 오정동
8830e0a1b7fffff,18:40:00,8830e0a1b1fffff,15,58.33,21.05,경기 부천시 오정동
8830e0a1b7fffff,19:00:00,8830e0a1b1fffff,23,69.09,17.4,경기 부천시 오정동
8830e0a1b7fffff,19:20:00,8830e0a1b1fffff,15,67.87,24.26,경기 부천시 오정동
8830e0a1b7fffff,19:40:00,8830e0a1b1fffff,20,54.6,21.64,경기 부천시 오정동
8830e0a1b7fffff,20:00:00,8830e0a1b1fffff,24,51.75,23.93,경기 부천시 오정동
8830e0a1b7fffff,20:20:00,8830e0a1b1fffff,15,49.13,28.86,경기 부천시 오정동
8830e0a1b7fffff,20:40:00,8830e0a1b1fffff,26,53.23,38.27,경기 부천시 오정동
8830e0a1b7fffff,21:00:00,8830e0a1b1fffff,12,63.75,36.12,경기 부천시 오정동
8830e0a1b7fffff,21:40:00,8830e0a1b1fffff,10,46.2,21.67,경기 부천시 오정동
8830e0a1b7fffff,22:00:00,8830e0a1b1fffff,11,42.91,21.83,경기 부천시 오정동
8830e0a1b7fffff,22:20:00,8830e0a1b1fffff,10,44.8,23.37,경기 부천시 오정동
8830e0a1b9fffff,0:00:00,8830e0a1b1fffff,100,60.17,19.34,경기 부천시 오정동
8830e0a1b9fffff,0:00:00,8830e0af0bfffff,12,101.92,31.43,경기 부천시 중동
8830e0a1b9fffff,0:40:00,8830e0a1b1fffff,10,55.5,25.62,경기 부천시 오정동
8830e0a1b9fffff,1:00:00,8830e0a1b1fffff,15,49.07,23.1,경기 부천시 오정동
8830e0a1b9fffff,1:20:00,8830e0a1b1fffff,27,50.26,26.98,경기 부천시 오정동
8830e0a1b9fffff,1:40:00,8830e0a1b1fffff,10,55.0,29.54,경기 부천시 오정동
8830e0a1b9fffff,2:00:00,8830e0a1b1fffff,11,52.91,24.86,경기 부천시 오정동
8830e0a1b9fffff,2:20:00,8830e0a1b1fffff,10,45.6,23.19,경기 부천시 오정동
8830e0a1b9fffff,2:40:00,8830e0a1b1fffff,11,38.0,13.81,경기 부천시 오정동
8830e0a1b9fffff,3:00:00,8830e0a1b1fffff,10,184.9,26.02,경기 부천시 오정동
8830e0a1b9fffff,3:40:00,8830e0a1b1fffff,10,54.3,21.43,경기 부천시 오정동
8830e0a1b9fffff,5:00:00,8830e0a1b1fffff,12,78.0,18.79,경기 부천시 오정동
8830e0a1b9fffff,6:00:00,8830e0a1b1fffff,10,220.5,24.82,경기 부천시 오정동
8830e0a1b9fffff,6:40:00,8830e0a1b1fffff,21,144.33,22.87,경기 부천시 오정동
8830e0a1b9fffff,7:00:00,8830e0a1b1fffff,40,115.15,22.69,경기 부천시 오정동
8830e0a1b9fffff,7:20:00,8830e0a1b1fffff,35,78.69,24.91,경기 부천시 오정동
8830e0a1b9fffff,7:20:00,8830e0ae99fffff,10,56.9,39.09,서울 강서구 등촌동
8830e0a1b9fffff,7:40:00,8830e0a1b1fffff,28,65.25,24.53,경기 부천시 오정동
8830e0a1b9fffff,8:00:00,8830e0a1b1fffff,27,92.44,29.68,경기 부천시 오정동
8830e0a1b9fffff,8:20:00,8830e0a1b1fffff,54,77.33,26.95,경기 부천시 오정동
8830e0a1b9fffff,8:40:00,8830e0a1b1fffff,44,99.3,26.73,경기 부천시 오정동
8830e0a1b9fffff,8:40:00,8830e0af6dfffff,10,58.0,24.34,인천 계양구 계산동
8830e0a1b9fffff,9:00:00,8830e0a1b1fffff,64,71.31,23.26,경기 부천시 오정동
8830e0a1b9fffff,9:00:00,8830e0af6dfffff,12,51.0,26.34,인천 계양구 계산동
8830e0a1b9fffff,9:20:00,8830e0a1b1fffff,60,79.92,22.16,경기 부천시 오정동
8830e0a1b9fffff,9:40:00,8830e0a1b1fffff,69,74.68,22.76,경기 부천시 오정동
8830e0a1b9fffff,10:00:00,8830e0a1b1fffff,51,65.27,21.25,경기 부천시 오정동
8830e0a1b9fffff,10:20:00,8830e0a1b1fffff,75,66.13,20.98,경기 부천시 오정동
8830e0a1b9fffff,10:40:00,8830e0a1b1fffff,67,63.6,24.53,경기 부천시 오정동
8830e0a1b9fffff,11:00:00,8830e0a1b1fffff,85,63.13,22.56,경기 부천시 오정동
8830e0a1b9fffff,11:00:00,8830e0af6dfffff,16,51.31,24.15,인천 계양구 계산동
8830e0a1b9fffff,11:20:00,8830e0a1b1fffff,56,62.55,19.27,경기 부천시 오정동
8830e0a1b9fffff,11:40:00,8830e0a1b1fffff,68,56.31,20.72,경기 부천시 오정동
8830e0a1b9fffff,12:00:00,8830e0a1b1fffff,80,80.79,19.21,경기 부천시 오정동
8830e0a1b9fffff,12:00:00,8830e0af0bfffff,10,56.2,28.45,경기 부천시 중동
8830e0a1b9fffff,12:20:00,8830e0a1b1fffff,88,83.06,21.39,경기 부천시 오정동
8830e0a1b9fffff,12:40:00,8830e0a1b1fffff,86,62.7,539.19,경기 부천시 오정동
8830e0a1b9fffff,12:40:00,8830e0af6dfffff,10,42.8,25.21,인천 계양구 계산동
8830e0a1b9fffff,13:00:00,8830e0a1b1fffff,74,72.7,23.59,경기 부천시 오정동
8830e0a1b9fffff,13:00:00,8830e0af6dfffff,12,67.5,26.56,인천 계양구 계산동
8830e0a1b9fffff,13:20:00,8830e0a1b1fffff,99,71.68,18.1,경기 부천시 오정동
8830e0a1b9fffff,13:20:00,8830e0af0bfffff,12,69.75,33.45,경기 부천시 중동
8830e0a1b9fffff,13:40:00,8830e0a1b1fffff,88,66.06,22.92,경기 부천시 오정동
8830e0a1b9fffff,13:40:00,8830e0af6dfffff,11,45.09,25.73,인천 계양구 계산동
8830e0a1b9fffff,14:00:00,8830e0a1b1fffff,72,78.0,19.52,경기 부천시 오정동
8830e0a1b9fffff,14:20:00,8830e0a1b1fffff,99,69.81,22.38,경기 부천시 오정동
8830e0a1b9fffff,14:20:00,8830e0af6dfffff,14,74.86,28.19,인천 계양구 계산동
8830e0a1b9fffff,14:40:00,8830e0a1b1fffff,64,69.58,22.24,경기 부천시 오정동
8830e0a1b9fffff,15:00:00,8830e0a1b1fffff,103,64.62,18.94,경기 부천시 오정동
8830e0a1b9fffff,15:00:00,8830e0af6dfffff,14,59.71,25.96,인천 계양구 계산동
8830e0a1b9fffff,15:20:00,8830e0a1b1fffff,75,57.09,19.77,경기 부천시 오정동
8830e0a1b9fffff,15:40:00,8830e0a1b1fffff,98,60.37,21.31,경기 부천시 오정동
8830e0a1b9fffff,15:40:00,8830e0af6dfffff,17,93.65,22.13,인천 계양구 계산동
8830e0a1b9fffff,16:00:00,8830e0a1b1fffff,80,60.2,22.39,경기 부천시 오정동
8830e0a1b9fffff,16:20:00,8830e0a1b1fffff,71,55.52,22.79,경기 부천시 오정동
8830e0a1b9fffff,16:20:00,8830e0af0bfffff,11,65.55,33.64,경기 부천시 중동
8830e0a1b9fffff,16:20:00,8830e0af6dfffff,12,50.08,24.65,인천 계양구 계산동
8830e0a1b9fffff,16:40:00,8830e0a1b1fffff,75,61.23,20.69,경기 부천시 오정동
8830e0a1b9fffff,17:00:00,8830e0a1b1fffff,105,57.1,21.92,경기 부천시 오정동
8830e0a1b9fffff,17:20:00,8830e0a1b1fffff,85,64.09,19.81,경기 부천시 오정동
8830e0a1b9fffff,17:20:00,8830e0af0bfffff,15,47.27,32.0,경기 부천시 중동
8830e0a1b9fffff,17:20:00,8830e0af6dfffff,13,54.69,24.45,인천 계양구 계산동
8830e0a1b9fffff,17:40:00,8830e0a1b1fffff,87,60.21,22.62,경기 부천시 오정동
8830e0a1b9fffff,18:00:00,8830e0a1b1fffff,85,62.53,21.52,경기 부천시 오정동
8830e0a1b9fffff,18:00:00,8830e0af0bfffff,19,45.42,30.44,경기 부천시 중동
8830e0a1b9fffff,18:00:00,8830e0af6dfffff,15,50.0,25.7,인천 계양구 계산동
8830e0a1b9fffff,18:20:00,8830e0a1b1fffff,74,55.35,21.91,경기 부천시 오정동
8830e0a1b9fffff,18:20:00,8830e0af6dfffff,11,56.73,28.09,인천 계양구 계산동
8830e0a1b9fffff,18:40:00,8830e0a1b1fffff,55,56.85,21.19,경기 부천시 오정동
8830e0a1b9fffff,19:00:00,8830e0a1b1fffff,77,51.51,18.87,경기 부천시 오정동
8830e0a1b9fffff,19:20:00,8830e0a1b1fffff,65,71.82,20.05,경기 부천시 오정동
8830e0a1b9fffff,19:40:00,8830e0a1b1fffff,56,58.2,18.94,경기 부천시 오정동
8830e0a1b9fffff,20:00:00,8830e0a1b1fffff,64,73.8,21.02,경기 부천시 오정동
8830e0a1b9fffff,20:20:00,8830e0a1b1fffff,71,63.06,21.7,경기 부천시 오정동
8830e0a1b9fffff,20:40:00,8830e0a1b1fffff,53,49.96,17.46,경기 부천시 오정동
8830e0a1b9fffff,21:00:00,8830e0a1b1fffff,39,60.77,19.86,경기 부천시 오정동
8830e0a1b9fffff,21:20:00,8830e0a1b1fffff,41,52.34,394.9,경기 부천시 오정동
8830e0a1b9fffff,21:40:00,8830e0a1b1fffff,55,61.05,21.19,경기 부천시 오정동
8830e0a1b9fffff,22:00:00,8830e0a1b1fffff,47,55.57,22.32,경기 부천시 오정동
8830e0a1b9fffff,22:20:00,8830e0a1b1fffff,36,55.47,28.07,경기 부천시 오정동
8830e0a1b9fffff,22:40:00,8830e0a1b1fffff,28,99.82,17.28,경기 부천시 오정동
8830e0a1b9fffff,23:00:00,8830e0a1b1fffff,42,58.69,18.18,경기 부천시 오정동
8830e0a1b9fffff,23:20:00,8830e0a1b1fffff,27,33.89,15.62,경기 부천시 오정동
8830e0a1bbfffff,0:00:00,8830e0a1b1fffff,33,59.45,18.25,경기 부천시 오정동
8830e0a1bbfffff,0:40:00,8830e0a1b1fffff,11,63.55,25.15,경기 부천시 오정동
8830e0a1bbfffff,1:00:00,8830e0a1b1fffff,10,112.5,26.8,경기 부천시 오정동
8830e0a1bbfffff,2:20:00,8830e0a1b1fffff,10,61.4,37.98,경기 부천시 오정동
8830e0a1bbfffff,5:00:00,8830e0a1b1fffff,11,406.55,50.65,경기 부천시 오정동
8830e0a1bbfffff,6:20:00,8830e0a1b1fffff,17,91.41,24.95,경기 부천시 오정동
8830e0a1bbfffff,6:40:00,8830e0a1b1fffff,12,259.5,41.6,경기 부천시 오정동
8830e0a1bbfffff,7:00:00,8830e0a1b1fffff,28,122.18,33.2,경기 부천시 오정동
8830e0a1bbfffff,7:20:00,8830e0a1b1fffff,40,114.63,29.27,경기 부천시 오정동
8830e0a1bbfffff,7:40:00,8830e0a1b1fffff,29,130.69,31.64,경기 부천시 오정동
8830e0a1bbfffff,8:00:00,8830e0a1b1fffff,50,100.86,29.44,경기 부천시 오정동
8830e0a1bbfffff,8:20:00,8830e0a1b1fffff,54,60.78,26.07,경기 부천시 오정동
8830e0a1bbfffff,8:40:00,8830e0a1b1fffff,70,96.13,26.73,경기 부천시 오정동
8830e0a1bbfffff,9:00:00,8830e0a1b1fffff,69,93.51,27.88,경기 부천시 오정동
8830e0a1bbfffff,9:00:00,8830e0af0bfffff,11,74.18,22.25,경기 부천시 중동
8830e0a1bbfffff,9:00:00,8830e0af6dfffff,15,41.13,25.85,인천 계양구 계산동
8830e0a1bbfffff,9:20:00,8830e0a1b1fffff,58,75.4,26.38,경기 부천시 오정동
8830e0a1bbfffff,9:40:00,8830e0a1b1fffff,75,73.23,24.24,경기 부천시 오정동
8830e0a1bbfffff,10:00:00,8830e0a1b1fffff,72,74.92,24.15,경기 부천시 오정동
8830e0a1bbfffff,10:20:00,8830e0a1b1fffff,67,81.18,21.36,경기 부천시 오정동
8830e0a1bbfffff,10:40:00,8830e0a1b1fffff,44,68.82,21.47,경기 부천시 오정동
8830e0a1bbfffff,11:00:00,8830e0a1b1fffff,81,79.44,26.04,경기 부천시 오정동
8830e0a1bbfffff,11:00:00,8830e0af0bfffff,11,46.73,33.61,경기 부천시 중동
8830e0a1bbfffff,11:20:00,8830e0a1b1fffff,77,76.92,24.4,경기 부천시 오정동
8830e0a1bbfffff,11:40:00,8830e0a1b1fffff,65,60.6,27.29,경기 부천시 오정동
8830e0a1bbfffff,12:00:00,8830e0a1b1fffff,98,80.2,24.21,경기 부천시 오정동
8830e0a1bbfffff,12:00:00,8830e0af0bfffff,12,64.25,24.26,경기 부천시 중동
8830e0a1bbfffff,12:20:00,8830e0a1b1fffff,71,65.06,20.61,경기 부천시 오정동
8830e0a1bbfffff,12:40:00,8830e0a1b1fffff,79,71.82,24.39,경기 부천시 오정동
8830e0a1bbfffff,12:40:00,8830e0af0bfffff,17,60.18,28.86,경기 부천시 중동
8830e0a1bbfffff,13:00:00,8830e0a1b1fffff,73,82.25,31.66,경기 부천시 오정동
8830e0a1bbfffff,13:00:00,8830e0af0bfffff,11,69.09,35.53,경기 부천시 중동
8830e0a1bbfffff,13:00:00,8830e0af6dfffff,11,54.18,24.8,인천 계양구 계산동
8830e0a1bbfffff,13:20:00,8830e0a1b1fffff,84,80.08,22.74,경기 부천시 오정동
8830e0a1bbfffff,13:20:00,8830e0af6dfffff,10,43.5,40.93,인천 계양구 계산동
8830e0a1bbfffff,13:40:00,8830e0a1b1fffff,103,76.02,36.59,경기 부천시 오정동
8830e0a1bbfffff,14:00:00,8830e0a1b1fffff,100,69.0,24.39,경기 부천시 오정동
8830e0a1bbfffff,14:00:00,8830e0af6dfffff,10,88.4,26.47,인천 계양구 계산동
8830e0a1bbfffff,14:20:00,8830e0a1b1fffff,87,72.22,24.0,경기 부천시 오정동
8830e0a1bbfffff,14:20:00,8830e0af0bfffff,14,69.36,34.88,경기 부천시 중동
8830e0a1bbfffff,14:40:00,8830e0a1b1fffff,96,61.57,22.91,경기 부천시 오정동
8830e0a1bbfffff,14:40:00,8830e0af6dfffff,11,67.91,31.51,인천 계양구 계산동
8830e0a1bbfffff,15:00:00,8830e0a1b1fffff,91,69.16,33.79,경기 부천시 오정동
8830e0a1bbfffff,15:00:00,8830e0af0bfffff,13,54.77,31.38,경기 부천시 중동
8830e0a1bbfffff,15:20:00,8830e0a1b1fffff,89,68.29,22.99,경기 부천시 오정동
8830e0a1bbfffff,15:40:00,8830e0a1b1fffff,89,68.44,21.19,경기 부천시 오정동
8830e0a1bbfffff,15:40:00,8830e0af6dfffff,12,51.67,23.64,인천 계양구 계산동
8830e0a1bbfffff,16:00:00,8830e0a1b1fffff,86,62.28,21.56,경기 부천시 오정동
8830e0a1bbfffff,16:20:00,8830e0a1b1fffff,79,66.04,20.17,경기 부천시 오정동
8830e0a1bbfffff,16:40:00,8830e0a1b1fffff,66,56.18,25.38,경기 부천시 오정동
8830e0a1bbfffff,16:40:00,8830e0af0bfffff,10,52.4,31.54,경기 부천시 중동
8830e0a1bbfffff,17:00:00,8830e0a1b1fffff,83,67.51,22.34,경기 부천시 오정동
8830e0a1bbfffff,17:20:00,8830e0a1b1fffff,71,97.04,27.31,경기 부천시 오정동
8830e0a1bbfffff,17:40:00,8830e0a1b1fffff,64,67.22,20.25,경기 부천시 오정동
8830e0a1bbfffff,17:40:00,8830e0af0bfffff,10,72.1,34.93,경기 부천시 중동
8830e0a1bbfffff,18:00:00,8830e0a1b1fffff,73,57.75,20.28,경기 부천시 오정동
8830e0a1bbfffff,18:00:00,8830e0af0bfffff,12,48.5,26.64,경기 부천시 중동
8830e0a1bbfffff,18:20:00,8830e0a1b1fffff,65,71.89,20.2,경기 부천시 오정동
8830e0a1bbfffff,18:40:00,8830e0a1b1fffff,61,61.75,17.46,경기 부천시 오정동
8830e0a1bbfffff,19:00:00,8830e0a1b1fffff,56,57.82,30.54,경기 부천시 오정동
8830e0a1bbfffff,19:20:00,8830e0a1b1fffff,55,55.69,23.7,경기 부천시 오정동
8830e0a1bbfffff,19:40:00,8830e0a1b1fffff,67,74.82,21.14,경기 부천시 오정동
8830e0a1bbfffff,20:00:00,8830e0a1b1fffff,56,68.3,27.16,경기 부천시 오정동
8830e0a1bbfffff,20:20:00,8830e0a1b1fffff,59,53.27,22.45,경기 부천시 오정동
8830e0a1bbfffff,20:40:00,8830e0a1b1fffff,45,47.98,24.47,경기 부천시 오정동
8830e0a1bbfffff,21:00:00,8830e0a1b1fffff,44,58.05,23.63,경기 부천시 오정동
8830e0a1bbfffff,21:20:00,8830e0a1b1fffff,42,54.45,38.42,경기 부천시 오정동
8830e0a1bbfffff,21:40:00,8830e0a1b1fffff,46,54.83,27.34,경기 부천시 오정동
8830e0a1bbfffff,22:00:00,8830e0a1b1fffff,37,72.81,32.65,경기 부천시 오정동
8830e0a1bbfffff,22:20:00,8830e0a1b1fffff,28,47.75,17.04,경기 부천시 오정동
8830e0a1bbfffff,22:40:00,8830e0a1b1fffff,16,51.06,20.55,경기 부천시 오정동
8830e0a1bbfffff,23:00:00,8830e0a1b1fffff,24,47.33,17.92,경기 부천시 오정동
8830e0a1bdfffff,0:00:00,8830e0a1b1fffff,49,56.33,18.47,경기 부천시 오정동
8830e0a1bdfffff,5:00:00,8830e0a1b1fffff,11,244.27,36.61,경기 부천시 오정동
8830e0a1bdfffff,5:20:00,8830e0a1b1fffff,13,98.62,24.44,경기 부천시 오정동
8830e0a1bdfffff,6:40:00,8830e0a1b1fffff,11,115.09,28.37,경기 부천시 오정동
8830e0a1bdfffff,7:00:00,8830e0a1b1fffff,23,112.39,21.83,경기 부천시 오정동
8830e0a1bdfffff,7:20:00,8830e0a1b1fffff,31,188.29,29.34,경기 부천시 오정동
8830e0a1bdfffff,7:40:00,8830e0a1b1fffff,23,67.09,22.2,경기 부천시 오정동
8830e0a1bdfffff,8:00:00,8830e0a1b1fffff,35,93.14,24.3,경기 부천시 오정동
8830e0a1bdfffff,8:20:00,8830e0a1b1fffff,45,86.04,25.9,경기 부천시 오정동
8830e0a1bdfffff,8:40:00,8830e0a1b1fffff,43,117.35,26.79,경기 부천시 오정동
8830e0a1bdfffff,8:40:00,8830e0af6dfffff,10,73.4,29.39,인천 계양구 계산동
8830e0a1bdfffff,9:00:00,8830e0a1b1fffff,62,74.68,24.19,경기 부천시 오정동
8830e0a1bdfffff,9:00:00,8830e0af0bfffff,10,56.2,32.26,경기 부천시 중동
8830e0a1bdfffff,9:20:00,8830e0a1b1fffff,58,100.12,25.18,경기 부천시 오정동
8830e0a1bdfffff,9:20:00,8830e0af6dfffff,10,39.5,27.12,인천 계양구 계산동
8830e0a1bdfffff,9:40:00,8830e0a1b1fffff,70,63.54,21.14,경기 부천시 오정동
8830e0a1bdfffff,10:00:00,8830e0a1b1fffff,52,78.46,22.03,경기 부천시 오정동
8830e0a1bdfffff,10:20:00,8830e0a1b1fffff,61,84.48,26.95,경기 부천시 오정동
8830e0a1bdfffff,10:40:00,8830e0a1b1fffff,54,98.07,30.16,경기 부천시 오정동
8830e0a1bdfffff,11:00:00,8830e0a1b1fffff,54,97.63,23.53,경기 부천시 오정동
8830e0a1bdfffff,11:20:00,8830e0a1b1fffff,61,62.84,22.06,경기 부천시 오정동
8830e0a1bdfffff,11:40:00,8830e0a1b1fffff,60,59.98,22.36,경기 부천시 오정동
8830e0a1bdfffff,12:00:00,8830e0a1b1fffff,58,65.69,21.47,경기 부천시 오정동
8830e0a1bdfffff,12:20:00,8830e0a1b1fffff,70,70.2,19.59,경기 부천시 오정동
8830e0a1bdfffff,12:40:00,8830e0a1b1fffff,71,103.1,23.9,경기 부천시 오정동
8830e0a1bdfffff,13:00:00,8830e0a1b1fffff,66,81.85,26.87,경기 부천시 오정동
8830e0a1bdfffff,13:20:00,8830e0a1b1fffff,55,81.22,25.28,경기 부천시 오정동
8830e0a1bdfffff,13:40:00,8830e0a1b1fffff,62,72.89,26.69,경기 부천시 오정동
8830e0a1bdfffff,14:00:00,8830e0a1b1fffff,65,70.25,24.16,경기 부천시 오정동
8830e0a1bdfffff,14:20:00,8830e0a1b1fffff,45,62.78,23.14,경기 부천시 오정동
8830e0a1bdfffff,14:40:00,8830e0a1b1fffff,53,82.02,23.84,경기 부천시 오정동
8830e0a1bdfffff,15:00:00,8830e0a1b1fffff,62,62.03,27.73,경기 부천시 오정동
8830e0a1bdfffff,15:20:00,8830e0a1b1fffff,74,75.53,22.96,경기 부천시 오정동
8830e0a1bdfffff,15:40:00,8830e0a1b1fffff,55,61.0,25.8,경기 부천시 오정동
8830e0a1bdfffff,16:00:00,8830e0a1b1fffff,42,67.21,25.34,경기 부천시 오정동
8830e0a1bdfffff,16:20:00,8830e0a1b1fffff,40,53.53,22.3,경기 부천시 오정동
8830e0a1bdfffff,16:40:00,8830e0a1b1fffff,61,59.54,19.99,경기 부천시 오정동
8830e0a1bdfffff,17:00:00,8830e0a1b1fffff,57,60.47,21.84,경기 부천시 오정동
8830e0a1bdfffff,17:20:00,8830e0a1b1fffff,55,66.4,24.39,경기 부천시 오정동
8830e0a1bdfffff,17:20:00,8830e0af6dfffff,11,45.55,26.73,인천 계양구 계산동
8830e0a1bdfffff,17:40:00,8830e0a1b1fffff,52,82.42,20.18,경기 부천시 오정동
8830e0a1bdfffff,18:00:00,8830e0a1b1fffff,49,68.2,22.33,경기 부천시 오정동
8830e0a1bdfffff,18:20:00,8830e0a1b1fffff,47,71.06,25.66,경기 부천시 오정동
8830e0a1bdfffff,18:40:00,8830e0a1b1fffff,26,55.15,15.99,경기 부천시 오정동
8830e0a1bdfffff,19:00:00,8830e0a1b1fffff,36,83.89,27.31,경기 부천시 오정동
8830e0a1bdfffff,19:20:00,8830e0a1b1fffff,45,72.69,29.05,경기 부천시 오정동
8830e0a1bdfffff,19:40:00,8830e0a1b1fffff,35,91.37,27.69,경기 부천시 오정동
8830e0a1bdfffff,20:00:00,8830e0a1b1fffff,37,66.54,21.79,경기 부천시 오정동
8830e0a1bdfffff,20:20:00,8830e0a1b1fffff,27,57.74,26.09,경기 부천시 오정동
8830e0a1bdfffff,20:40:00,8830e0a1b1fffff,35,65.57,35.11,경기 부천시 오정동
8830e0a1bdfffff,21:00:00,8830e0a1b1fffff,35,47.69,21.11,경기 부천시 오정동
8830e0a1bdfffff,21:20:00,8830e0a1b1fffff,20,56.5,24.41,경기 부천시 오정동
8830e0a1bdfffff,21:40:00,8830e0a1b1fffff,13,50.85,20.08,경기 부천시 오정동
8830e0a1bdfffff,22:00:00,8830e0a1b1fffff,16,44.63,15.78,경기 부천시 오정동
8830e0a1bdfffff,22:20:00,8830e0a1b1fffff,11,62.55,16.01,경기 부천시 오정동
8830e0a1bdfffff,22:40:00,8830e0a1b1fffff,12,51.75,21.63,경기 부천시 오정동
8830e0a1bdfffff,23:00:00,8830e0a1b1fffff,21,48.19,17.07,경기 부천시 오정동
8830e0a1bdfffff,23:20:00,8830e0a1b1fffff,14,35.07,15.47,경기 부천시 오정동
8830e0a1e3fffff,7:20:00,8830e0a1b1fffff,10,44.6,20.76,경기 부천시 오정동
8830e0a1e3fffff,7:40:00,8830e0a1b1fffff,10,98.8,21.42,경기 부천시 오정동
8830e0a1e3fffff,9:00:00,8830e0a1b1fffff,15,94.07,22.38,경기 부천시 오정동
8830e0a1e3fffff,9:00:00,8830e0af6dfffff,11,73.82,29.99,인천 계양구 계산동
8830e0a1e3fffff,9:20:00,8830e0a1b1fffff,10,69.1,20.2,경기 부천시 오정동
8830e0a1e3fffff,10:40:00,8830e0a1b1fffff,10,57.8,19.89,경기 부천시 오정동
8830e0a1e3fffff,11:00:00,8830e0af6dfffff,13,61.23,20.65,인천 계양구 계산동
8830e0a1e3fffff,13:20:00,8830e0a1b1fffff,12,51.92,19.65,경기 부천시 오정동
8830e0a1e3fffff,14:20:00,8830e0a1b1fffff,11,45.0,22.54,경기 부천시 오정동
8830e0a1e3fffff,14:40:00,8830e0a1b1fffff,12,58.42,26.76,경기 부천시 오정동
8830e0a1e3fffff,15:20:00,8830e0a1b1fffff,12,42.33,27.13,경기 부천시 오정동
8830e0a1e3fffff,16:00:00,8830e0a1b1fffff,11,65.55,24.41,경기 부천시 오정동
8830e0a1e3fffff,17:20:00,8830e0a1b1fffff,12,71.75,32.18,경기 부천시 오정동
8830e0a1e5fffff,18:00:00,8830e0a1b1fffff,14,152.71,25.09,경기 부천시 오정동
8830e0a1e7fffff,7:40:00,8830e0a1b1fffff,16,51.56,16.35,경기 부천시 오정동
8830e0a1e7fffff,8:00:00,8830e0af6dfffff,12,54.58,30.21,인천 계양구 계산동
8830e0a1e7fffff,8:20:00,8830e0af6dfffff,10,42.9,24.15,인천 계양구 계산동
8830e0a1e7fffff,9:00:00,8830e0a1b1fffff,10,109.2,23.36,경기 부천시 오정동
8830e0a1e7fffff,13:20:00,8830e0a1b1fffff,12,44.83,19.48,경기 부천시 오정동
8830e0a1e7fffff,16:40:00,8830e0a1b1fffff,10,146.0,22.06,경기 부천시 오정동
8830e0a1e7fffff,17:00:00,8830e0af6dfffff,11,72.64,26.3,인천 계양구 계산동
8830e0a211fffff,9:20:00,8830e0ae99fffff,18,49.61,51.87,서울 강서구 등촌동
8830e0a213fffff,7:00:00,8830e0ae99fffff,10,63.5,64.2,서울 강서구 등촌동
8830e0a213fffff,7:20:00,8830e0ae99fffff,11,55.91,90.45,서울 강서구 등촌동
8830e0a213fffff,9:40:00,8830e0af0bfffff,10,42.6,55.93,경기 부천시 중동
8830e0a213fffff,16:20:00,8830e0af0bfffff,14,58.79,60.59,경기 부천시 중동
8830e0a225fffff,7:20:00,8830e0ae99fffff,10,66.3,46.57,서울 강서구 등촌동
8830e0a227fffff,18:00:00,8830e0a1b1fffff,11,52.0,38.4,경기 부천시 오정동
8830e0a241fffff,7:40:00,8830e0ae99fffff,12,119.83,46.89,서울 강서구 등촌동
8830e0a241fffff,8:00:00,8830e0ae99fffff,12,93.42,45.56,서울 강서구 등촌동
8830e0a257fffff,7:40:00,8830e0ae99fffff,15,63.4,74.4,서울 강서구 등촌동
8830e0a28dfffff,7:40:00,8830e0ae99fffff,10,62.4,50.79,서울 강서구 등촌동
8830e0a28dfffff,8:00:00,8830e0ae99fffff,13,54.46,43.66,서울 강서구 등촌동
8830e0a28dfffff,10:00:00,8830e0ae99fffff,11,52.55,50.68,서울 강서구 등촌동
8830e0a2a9fffff,6:20:00,8830e0ac83fffff,14,140.21,48.78,서울 구로구 구로동
8830e0a2a9fffff,6:40:00,8830e0ac83fffff,10,96.7,60.77,서울 구로구 구로동
8830e0a2a9fffff,7:20:00,8830e0a1b1fffff,19,52.26,45.45,경기 부천시 오정동
8830e0a2bdfffff,7:20:00,8830e0ae99fffff,10,69.6,66.23,서울 강서구 등촌동
8830e0a2bdfffff,7:40:00,8830e0ae99fffff,11,52.18,52.68,서울 강서구 등촌동
8830e0a2c1fffff,7:40:00,8830e0ae99fffff,13,61.85,69.81,서울 강서구 등촌동
8830e0a2c7fffff,7:40:00,8830e0ae99fffff,10,70.6,49.13,서울 강서구 등촌동
8830e0a2c9fffff,6:40:00,8830e0ae99fffff,12,52.75,39.0,서울 강서구 등촌동
8830e0a2c9fffff,8:00:00,8830e0ae99fffff,12,55.5,43.12,서울 강서구 등촌동
8830e0a2cdfffff,7:40:00,8830e0ae99fffff,15,62.47,73.29,서울 강서구 등촌동
8830e0a2e3fffff,6:00:00,8830e035ddfffff,11,84.64,66.15,Beom_Gye
8830e0a357fffff,8:00:00,8830e0a1b1fffff,12,50.33,37.73,경기 부천시 오정동
8830e0a429fffff,8:00:00,8830e0ae99fffff,17,48.65,52.91,서울 강서구 등촌동
8830e0a431fffff,7:00:00,8830e0ae99fffff,11,53.27,50.18,서울 강서구 등촌동
8830e0a431fffff,7:20:00,8830e0ae99fffff,14,47.64,85.65,서울 강서구 등촌동
8830e0a431fffff,7:40:00,8830e0ae99fffff,11,55.0,46.86,서울 강서구 등촌동
8830e0a431fffff,8:00:00,8830e0ae99fffff,10,47.1,149.04,서울 강서구 등촌동
8830e0a435fffff,7:40:00,8830e0ae99fffff,22,52.55,37.06,서울 강서구 등촌동
8830e0a435fffff,7:40:00,8830e0aea7fffff,13,52.08,46.83,서울 양천구 목동
8830e0a435fffff,8:00:00,8830e0ae99fffff,10,47.1,33.38,서울 강서구 등촌동
8830e0a485fffff,7:20:00,8830e0ae99fffff,10,43.1,50.35,서울 강서구 등촌동
8830e0a485fffff,8:00:00,8830e0ae99fffff,10,49.8,44.76,서울 강서구 등촌동
8830e0a491fffff,16:20:00,8830e0ae99fffff,10,54.2,39.93,서울 강서구 등촌동
8830e0a491fffff,18:00:00,8830e0ae99fffff,12,67.5,33.09,서울 강서구 등촌동
8830e0a501fffff,0:40:00,8830e0a1b1fffff,10,42.9,49.36,경기 부천시 오정동
8830e0a523fffff,7:40:00,8830e0ae99fffff,11,69.18,26.37,서울 강서구 등촌동
8830e0a527fffff,7:40:00,8830e0aee9fffff,20,186.75,151.76,Gimpo_Airport
8830e0a527fffff,8:00:00,8830e0aee9fffff,17,47.47,176.33,Gimpo_Airport
8830e0a527fffff,8:20:00,8830e0aee9fffff,20,66.75,197.48,Gimpo_Airport
8830e0a527fffff,11:40:00,8830e0aee9fffff,16,67.88,185.17,Gimpo_Airport
8830e0a527fffff,12:00:00,8830e0ae99fffff,10,117.4,81.99,서울 강서구 등촌동
8830e0a527fffff,12:00:00,8830e0aee9fffff,10,77.8,80.36,Gimpo_Airport
8830e0a527fffff,12:20:00,8830e0aee9fffff,21,93.0,242.58,Gimpo_Airport
8830e0a527fffff,12:40:00,8830e0aee9fffff,14,89.5,84.61,Gimpo_Airport
8830e0a527fffff,15:40:00,8830e0ae99fffff,10,98.1,116.83,서울 강서구 등촌동
8830e0a527fffff,16:00:00,8830e0ae99fffff,15,44.0,35.66,서울 강서구 등촌동
8830e0a527fffff,17:00:00,8830e0ae99fffff,10,59.1,104.22,서울 강서구 등촌동
8830e0a527fffff,17:20:00,8830e0ae99fffff,15,88.0,72.64,서울 강서구 등촌동
8830e0a527fffff,17:40:00,8830e0ae99fffff,12,77.67,71.27,서울 강서구 등촌동
8830e0a527fffff,19:40:00,8830e0ae99fffff,11,61.45,119.17,서울 강서구 등촌동
8830e0a531fffff,7:40:00,8830e0ae99fffff,11,43.09,23.8,서울 강서구 등촌동
8830e0a531fffff,8:00:00,8830e0ae99fffff,12,45.08,29.96,서울 강서구 등촌동
8830e0a535fffff,7:40:00,8830e0ae99fffff,10,72.0,24.8,서울 강서구 등촌동
8830e0a535fffff,8:00:00,8830e0ae99fffff,18,70.0,33.54,서울 강서구 등촌동
8830e0a535fffff,8:20:00,8830e0ae99fffff,16,53.88,85.64,서울 강서구 등촌동
8830e0a535fffff,9:00:00,8830e0ae99fffff,14,59.36,22.56,서울 강서구 등촌동
8830e0a535fffff,10:00:00,8830e0ae99fffff,14,88.0,48.62,서울 강서구 등촌동
8830e0a535fffff,10:20:00,8830e0ae99fffff,13,53.92,36.34,서울 강서구 등촌동
8830e0a535fffff,10:40:00,8830e0ae99fffff,12,90.25,31.97,서울 강서구 등촌동
8830e0a535fffff,12:00:00,8830e0ae99fffff,15,76.53,27.76,서울 강서구 등촌동
8830e0a535fffff,13:20:00,8830e0ae99fffff,20,132.0,36.37,서울 강서구 등촌동
8830e0a535fffff,13:40:00,8830e0ae99fffff,11,107.64,25.19,서울 강서구 등촌동
8830e0a535fffff,14:00:00,8830e0ae99fffff,17,140.35,23.43,서울 강서구 등촌동
8830e0a535fffff,14:40:00,8830e0ae99fffff,15,61.6,33.24,서울 강서구 등촌동
8830e0a535fffff,15:00:00,8830e0ae99fffff,11,92.18,55.82,서울 강서구 등촌동
8830e0a535fffff,16:00:00,8830e0ae99fffff,13,70.08,31.37,서울 강서구 등촌동
8830e0a535fffff,17:40:00,8830e0ae99fffff,12,81.58,24.14,서울 강서구 등촌동
8830e0a535fffff,18:00:00,8830e0ae99fffff,15,59.87,26.37,서울 강서구 등촌동
8830e0a535fffff,18:00:00,8830e0aea7fffff,10,79.1,155.74,서울 양천구 목동
8830e0a535fffff,18:20:00,8830e0ae99fffff,10,49.5,27.66,서울 강서구 등촌동
8830e0a537fffff,6:40:00,8830e0ae99fffff,11,151.36,29.47,서울 강서구 등촌동
8830e0a537fffff,7:00:00,8830e0ae99fffff,11,103.18,36.36,서울 강서구 등촌동
8830e0a537fffff,7:20:00,8830e0ae99fffff,13,106.85,24.79,서울 강서구 등촌동
8830e0a537fffff,7:40:00,8830e0ac83fffff,13,51.54,39.59,서울 구로구 구로동
8830e0a537fffff,7:40:00,8830e0ae99fffff,10,74.0,29.25,서울 강서구 등촌동
8830e0a537fffff,8:00:00,8830e0ac83fffff,14,77.29,40.75,서울 구로구 구로동
8830e0a537fffff,8:00:00,8830e0ae99fffff,27,45.81,28.85,서울 강서구 등촌동
8830e0a537fffff,8:20:00,8830e0ae99fffff,20,37.55,24.73,서울 강서구 등촌동
8830e0a537fffff,8:40:00,8830e0ae99fffff,14,59.43,19.99,서울 강서구 등촌동
8830e0a537fffff,9:00:00,8830e0ae99fffff,14,47.64,34.44,서울 강서구 등촌동
8830e0a537fffff,9:20:00,8830e0ae99fffff,19,81.11,36.04,서울 강서구 등촌동
8830e0a537fffff,9:40:00,8830e0ae99fffff,16,60.25,28.04,서울 강서구 등촌동
8830e0a537fffff,10:00:00,8830e0ae99fffff,11,68.18,27.89,서울 강서구 등촌동
8830e0a537fffff,10:20:00,8830e0ae99fffff,13,61.54,19.83,서울 강서구 등촌동
8830e0a537fffff,11:40:00,8830e0ae99fffff,10,76.2,30.66,서울 강서구 등촌동
8830e0a537fffff,12:00:00,8830e0ae99fffff,21,86.52,26.57,서울 강서구 등촌동
8830e0a537fffff,13:00:00,8830e0ae99fffff,11,56.36,27.54,서울 강서구 등촌동
8830e0a537fffff,13:40:00,8830e0ae99fffff,14,109.29,26.3,서울 강서구 등촌동
8830e0a537fffff,14:40:00,8830e0ae99fffff,10,54.8,17.46,서울 강서구 등촌동
8830e0a537fffff,15:20:00,8830e0ae99fffff,12,61.92,27.03,서울 강서구 등촌동
8830e0a537fffff,15:40:00,8830e0ae99fffff,11,125.91,20.73,서울 강서구 등촌동
8830e0a537fffff,16:40:00,8830e0ae99fffff,16,79.56,22.73,서울 강서구 등촌동
8830e0a537fffff,17:40:00,8830e0ae99fffff,10,78.9,31.31,서울 강서구 등촌동
8830e0a537fffff,18:00:00,8830e0ae99fffff,13,50.23,21.53,서울 강서구 등촌동
8830e0a537fffff,18:20:00,8830e0ae99fffff,12,71.92,25.11,서울 강서구 등촌동
8830e0a537fffff,19:00:00,8830e0ae99fffff,10,70.6,22.88,서울 강서구 등촌동
8830e0a547fffff,8:00:00,8830e0a1b1fffff,13,42.23,68.44,경기 부천시 오정동
8830e0a547fffff,15:00:00,8830e0af0bfffff,11,51.55,46.37,경기 부천시 중동
8830e0a547fffff,15:20:00,8830e0af0bfffff,11,64.09,44.67,경기 부천시 중동
8830e0a547fffff,15:40:00,8830e0af0bfffff,10,52.1,65.34,경기 부천시 중동
8830e0a547fffff,16:00:00,8830e0af0bfffff,13,66.08,60.93,경기 부천시 중동
8830e0a547fffff,16:20:00,8830e0af0bfffff,14,64.21,96.2,경기 부천시 중동
8830e0a547fffff,17:00:00,8830e0a1b1fffff,13,63.46,47.79,경기 부천시 오정동
8830e0a547fffff,17:00:00,8830e0af0bfffff,11,47.18,46.48,경기 부천시 중동
8830e0a547fffff,17:20:00,8830e0ae99fffff,10,47.1,77.6,서울 강서구 등촌동
8830e0a547fffff,17:40:00,8830e0af0bfffff,10,46.7,89.4,경기 부천시 중동
8830e0a547fffff,18:00:00,8830e0aea7fffff,11,121.0,57.54,서울 양천구 목동
8830e0a54dfffff,7:40:00,8830e0ae99fffff,10,47.0,43.66,서울 강서구 등촌동
8830e0a5a5fffff,7:00:00,8830e0ae99fffff,12,127.5,27.23,서울 강서구 등촌동
8830e0a5a5fffff,7:40:00,8830e0ae99fffff,12,130.33,34.84,서울 강서구 등촌동
8830e0a5a5fffff,8:00:00,8830e0ae99fffff,15,79.27,21.03,서울 강서구 등촌동
8830e0a5a5fffff,8:20:00,8830e0ae99fffff,26,70.81,27.3,서울 강서구 등촌동
8830e0a5a5fffff,9:00:00,8830e0ae99fffff,28,125.32,31.67,서울 강서구 등촌동
8830e0a5a5fffff,9:20:00,8830e0ae99fffff,28,123.04,25.19,서울 강서구 등촌동
8830e0a5a5fffff,9:40:00,8830e0ae99fffff,27,104.81,32.59,서울 강서구 등촌동
8830e0a5a5fffff,10:00:00,8830e0ae99fffff,40,66.88,25.74,서울 강서구 등촌동
8830e0a5a5fffff,10:20:00,8830e0ae99fffff,33,79.0,28.11,서울 강서구 등촌동
8830e0a5a5fffff,10:40:00,8830e0ae99fffff,36,52.92,21.84,서울 강서구 등촌동
8830e0a5a5fffff,11:00:00,8830e0ae99fffff,43,81.37,27.89,서울 강서구 등촌동
8830e0a5a5fffff,11:20:00,8830e0ae99fffff,45,70.24,28.89,서울 강서구 등촌동
8830e0a5a5fffff,11:40:00,8830e0ae99fffff,58,56.17,19.82,서울 강서구 등촌동
8830e0a5a5fffff,12:00:00,8830e0ae99fffff,63,71.76,22.87,서울 강서구 등촌동
8830e0a5a5fffff,12:20:00,8830e0ae99fffff,57,74.23,30.99,서울 강서구 등촌동
8830e0a5a5fffff,12:40:00,8830e0ae99fffff,52,82.38,32.69,서울 강서구 등촌동
8830e0a5a5fffff,13:00:00,8830e0ae99fffff,48,69.75,25.94,서울 강서구 등촌동
8830e0a5a5fffff,13:20:00,8830e0ae99fffff,33,92.61,37.04,서울 강서구 등촌동
8830e0a5a5fffff,13:40:00,8830e0ae99fffff,39,68.77,30.0,서울 강서구 등촌동
8830e0a5a5fffff,14:00:00,8830e0ae99fffff,35,57.71,25.4,서울 강서구 등촌동
8830e0a5a5fffff,14:20:00,8830e0ae99fffff,44,64.57,32.66,서울 강서구 등촌동
8830e0a5a5fffff,14:40:00,8830e0ae99fffff,41,63.41,24.03,서울 강서구 등촌동
8830e0a5a5fffff,15:00:00,8830e0ae99fffff,37,68.43,30.91,서울 강서구 등촌동
8830e0a5a5fffff,15:20:00,8830e0ae99fffff,34,77.26,30.56,서울 강서구 등촌동
8830e0a5a5fffff,15:40:00,8830e0ae99fffff,34,53.62,22.88,서울 강서구 등촌동
8830e0a5a5fffff,16:00:00,8830e0ae99fffff,27,53.22,15.86,서울 강서구 등촌동
8830e0a5a5fffff,16:20:00,8830e0ae99fffff,38,56.66,25.29,서울 강서구 등촌동
8830e0a5a5fffff,16:40:00,8830e0ae99fffff,26,50.96,23.72,서울 강서구 등촌동
8830e0a5a5fffff,17:00:00,8830e0ae99fffff,26,66.92,28.24,서울 강서구 등촌동
8830e0a5a5fffff,17:20:00,8830e0ae99fffff,26,55.15,18.75,서울 강서구 등촌동
8830e0a5a5fffff,17:40:00,8830e0ae99fffff,16,47.5,21.02,서울 강서구 등촌동
8830e0a5a5fffff,18:00:00,8830e0ae99fffff,28,69.82,18.79,서울 강서구 등촌동
8830e0a5a5fffff,18:20:00,8830e0ae99fffff,15,77.67,23.32,서울 강서구 등촌동
8830e0a5a5fffff,18:40:00,8830e0ac99fffff,10,47.0,22.39,Kintex
8830e0a5a5fffff,18:40:00,8830e0ae99fffff,19,68.0,25.39,서울 강서구 등촌동
8830e0a5a5fffff,19:00:00,8830e0ae99fffff,13,48.62,20.84,서울 강서구 등촌동
8830e0a5a5fffff,20:20:00,8830e0ae99fffff,13,59.08,39.37,서울 강서구 등촌동
8830e0a5a5fffff,20:40:00,8830e0ae99fffff,10,69.0,33.04,서울 강서구 등촌동
8830e0a5a5fffff,21:00:00,8830e0ae99fffff,11,176.64,29.48,서울 강서구 등촌동
8830e0a5a5fffff,21:20:00,8830e0ae99fffff,11,55.27,19.39,서울 강서구 등촌동
8830e0a5c9fffff,9:20:00,8830e0ae99fffff,10,46.8,41.3,서울 강서구 등촌동
8830e0a5cbfffff,7:20:00,8830e0a1b1fffff,11,52.0,49.65,경기 부천시 오정동
8830e0a5cbfffff,7:40:00,8830e0ae99fffff,13,57.38,37.24,서울 강서구 등촌동
8830e0a609fffff,7:20:00,8830e0a1b1fffff,10,47.8,61.35,경기 부천시 오정동
8830e0a609fffff,9:40:00,8830e0ae99fffff,14,70.57,29.88,서울 강서구 등촌동
8830e0a60dfffff,7:20:00,8830e0a1b1fffff,11,38.73,56.8,경기 부천시 오정동
8830e0a625fffff,7:40:00,8830e0ae99fffff,11,65.27,55.17,서울 강서구 등촌동
8830e0a647fffff,8:00:00,8830e0ac83fffff,10,90.8,61.31,서울 구로구 구로동
8830e0a665fffff,5:00:00,8830e15361fffff,12,109.25,87.18,경기 성남시 분당구 야탑동
8830e0a6a5fffff,8:00:00,8830e15361fffff,19,117.11,85.61,경기 성남시 분당구 야탑동
8830e0a713fffff,19:00:00,8830e0af0bfffff,11,272.55,29.52,경기 부천시 중동
8830e0a719fffff,9:00:00,8830e0af6dfffff,10,53.0,60.81,인천 계양구 계산동
8830e0a753fffff,18:00:00,8830e0ae99fffff,11,62.91,52.76,서울 강서구 등촌동
8830e0a75bfffff,17:40:00,8830e0ae99fffff,10,42.4,48.44,서울 강서구 등촌동
8830e0a801fffff,17:00:00,8830e0a1b1fffff,10,130.1,35.58,경기 부천시 오정동
8830e0a805fffff,18:00:00,8830e0af6dfffff,10,56.4,38.1,인천 계양구 계산동
8830e0a807fffff,9:00:00,8830e0af6dfffff,16,45.81,40.56,인천 계양구 계산동
8830e0a809fffff,9:00:00,8830e0af6dfffff,15,40.2,35.47,인천 계양구 계산동
8830e0a809fffff,9:20:00,8830e0af6dfffff,10,38.2,29.78,인천 계양구 계산동
8830e0a809fffff,10:00:00,8830e0af6dfffff,12,38.83,46.19,인천 계양구 계산동
8830e0a80bfffff,11:00:00,8830e0af6dfffff,10,58.2,27.93,인천 계양구 계산동
8830e0a80dfffff,18:00:00,8830e0af6dfffff,11,52.73,32.18,인천 계양구 계산동
8830e0a813fffff,7:20:00,8830e0a1b1fffff,10,54.1,33.34,경기 부천시 오정동
8830e0a813fffff,15:00:00,8830e0af6dfffff,11,42.64,30.7,인천 계양구 계산동
8830e0a813fffff,16:40:00,8830e0af6dfffff,13,63.92,21.52,인천 계양구 계산동
8830e0a813fffff,17:00:00,8830e0af6dfffff,16,47.44,39.21,인천 계양구 계산동
8830e0a813fffff,17:20:00,8830e0af6dfffff,11,45.55,25.76,인천 계양구 계산동
8830e0a813fffff,17:40:00,8830e0af6dfffff,11,81.73,19.39,인천 계양구 계산동
8830e0a813fffff,18:00:00,8830e0a1b1fffff,15,57.07,30.57,경기 부천시 오정동
8830e0a813fffff,18:00:00,8830e0af6dfffff,14,41.29,27.38,인천 계양구 계산동
8830e0a813fffff,18:20:00,8830e0af6dfffff,12,57.92,26.87,인천 계양구 계산동
8830e0a817fffff,0:00:00,8830e0af6dfffff,17,58.53,37.0,인천 계양구 계산동
8830e0a817fffff,13:20:00,8830e0af6dfffff,12,80.33,28.05,인천 계양구 계산동
8830e0a817fffff,13:40:00,8830e0af6dfffff,11,48.64,30.72,인천 계양구 계산동
8830e0a817fffff,14:00:00,8830e0af6dfffff,11,59.73,22.62,인천 계양구 계산동
8830e0a817fffff,14:20:00,8830e0af6dfffff,17,69.35,25.12,인천 계양구 계산동
8830e0a817fffff,14:40:00,8830e0af6dfffff,11,56.91,20.54,인천 계양구 계산동
8830e0a817fffff,16:00:00,8830e0a1b1fffff,10,55.4,35.45,경기 부천시 오정동
8830e0a817fffff,16:00:00,8830e0af6dfffff,11,73.36,20.82,인천 계양구 계산동
8830e0a817fffff,17:00:00,8830e0af6dfffff,15,68.73,31.06,인천 계양구 계산동
8830e0a817fffff,17:20:00,8830e0af6dfffff,18,48.72,22.67,인천 계양구 계산동
8830e0a817fffff,17:40:00,8830e0af6dfffff,17,48.12,26.87,인천 계양구 계산동
8830e0a817fffff,18:00:00,8830e0a1b1fffff,10,54.6,23.53,경기 부천시 오정동
8830e0a817fffff,18:00:00,8830e0af6dfffff,26,63.81,28.13,인천 계양구 계산동
8830e0a817fffff,18:20:00,8830e0af6dfffff,14,42.64,27.76,인천 계양구 계산동
8830e0a817fffff,18:40:00,8830e0af6dfffff,11,45.82,28.95,인천 계양구 계산동
8830e0a817fffff,19:00:00,8830e0af6dfffff,11,61.09,25.15,인천 계양구 계산동
8830e0a817fffff,19:20:00,8830e0af6dfffff,11,80.09,27.5,인천 계양구 계산동
8830e0a817fffff,22:40:00,8830e0af6dfffff,11,54.09,25.33,인천 계양구 계산동
8830e0a819fffff,12:00:00,8830e0af6dfffff,12,87.67,36.79,인천 계양구 계산동
8830e0a819fffff,13:00:00,8830e0af6dfffff,11,75.09,29.31,인천 계양구 계산동
8830e0a819fffff,16:00:00,8830e0af0bfffff,11,49.82,30.31,경기 부천시 중동
8830e0a81bfffff,16:00:00,8830e0af6dfffff,10,247.1,44.22,인천 계양구 계산동
8830e0a81dfffff,15:20:00,8830e0af6dfffff,10,53.7,28.68,인천 계양구 계산동
8830e0a81dfffff,15:40:00,8830e0af6dfffff,10,68.6,26.98,인천 계양구 계산동
8830e0a81dfffff,17:00:00,8830e0af6dfffff,14,46.64,27.01,인천 계양구 계산동
8830e0a81dfffff,17:20:00,8830e0af6dfffff,11,44.45,29.16,인천 계양구 계산동
8830e0a81dfffff,17:40:00,8830e0af6dfffff,11,45.73,21.88,인천 계양구 계산동
8830e0a83bfffff,16:00:00,8830e0af6dfffff,10,39.0,25.93,인천 계양구 계산동
8830e0a83bfffff,17:00:00,8830e0af6dfffff,11,52.18,23.66,인천 계양구 계산동
8830e0a83bfffff,17:20:00,8830e0af6dfffff,10,57.6,30.19,인천 계양구 계산동
8830e0a83dfffff,9:20:00,8830e0af6dfffff,10,37.7,36.2,인천 계양구 계산동
8830e0a845fffff,18:20:00,8830e0af6dfffff,10,44.4,36.99,인천 계양구 계산동
8830e0a847fffff,17:20:00,8830e0af6dfffff,10,45.1,33.63,인천 계양구 계산동
8830e0a849fffff,16:20:00,8830e0af6dfffff,12,57.58,37.46,인천 계양구 계산동
8830e0a851fffff,12:20:00,8830e0af6dfffff,10,63.1,27.28,인천 계양구 계산동
8830e0a851fffff,17:00:00,8830e0af6dfffff,10,54.3,23.69,인천 계양구 계산동
8830e0a851fffff,17:20:00,8830e0af6dfffff,11,89.27,28.89,인천 계양구 계산동
8830e0a851fffff,18:00:00,8830e0af6dfffff,12,118.25,28.78,인천 계양구 계산동
8830e0a851fffff,18:20:00,8830e0af6dfffff,11,52.91,24.27,인천 계양구 계산동
8830e0a855fffff,8:00:00,8830e0af6dfffff,10,44.5,45.01,인천 계양구 계산동
8830e0a855fffff,17:20:00,8830e0af6dfffff,12,41.75,32.04,인천 계양구 계산동
8830e0a855fffff,18:20:00,8830e0af6dfffff,13,53.54,36.65,인천 계양구 계산동
8830e0a857fffff,9:00:00,8830e0af0bfffff,10,50.5,29.79,경기 부천시 중동
8830e0a857fffff,9:00:00,8830e0af6dfffff,12,65.75,28.47,인천 계양구 계산동
8830e0a857fffff,11:40:00,8830e0af6dfffff,10,71.6,31.56,인천 계양구 계산동
8830e0a857fffff,12:00:00,8830e0af6dfffff,10,234.0,18.63,인천 계양구 계산동
8830e0a857fffff,15:00:00,8830e0af6dfffff,14,62.14,25.52,인천 계양구 계산동
8830e0a857fffff,15:20:00,8830e0af6dfffff,10,100.6,32.24,인천 계양구 계산동
8830e0a857fffff,15:40:00,8830e0af6dfffff,10,42.6,33.5,인천 계양구 계산동
8830e0a857fffff,16:40:00,8830e0af6dfffff,11,59.64,37.52,인천 계양구 계산동
8830e0a857fffff,17:20:00,8830e0a1b1fffff,10,112.9,32.8,경기 부천시 오정동
8830e0a857fffff,17:40:00,8830e0af6dfffff,18,50.28,30.59,인천 계양구 계산동
8830e0a857fffff,18:00:00,8830e0af6dfffff,22,45.95,30.95,인천 계양구 계산동
8830e0a857fffff,18:20:00,8830e0af6dfffff,11,68.09,40.72,인천 계양구 계산동
8830e0a857fffff,18:40:00,8830e0af6dfffff,19,56.0,35.02,인천 계양구 계산동
8830e0a859fffff,18:20:00,8830e0a1b1fffff,10,48.9,40.82,경기 부천시 오정동
8830e0a85bfffff,17:40:00,8830e0af6dfffff,13,41.62,32.86,인천 계양구 계산동
8830e0a85dfffff,9:00:00,8830e0af0bfffff,13,40.38,27.87,경기 부천시 중동
8830e0a863fffff,16:00:00,8830e0af6dfffff,13,108.38,24.12,인천 계양구 계산동
8830e0a869fffff,16:40:00,8830e0af6dfffff,12,53.5,40.27,인천 계양구 계산동
8830e0a86bfffff,7:40:00,8830e0af0bfffff,12,73.58,56.41,경기 부천시 중동
8830e0a887fffff,9:00:00,8830e0af6dfffff,12,43.92,28.1,인천 계양구 계산동
8830e0a889fffff,8:40:00,8830e0af0bfffff,10,47.0,39.76,경기 부천시 중동
8830e0a88bfffff,8:00:00,8830e0af6dfffff,14,39.21,22.02,인천 계양구 계산동
8830e0a88dfffff,17:40:00,8830e0af6dfffff,10,44.6,29.73,인천 계양구 계산동
8830e0a8b5fffff,5:00:00,8830e0af0bfffff,10,49.6,38.57,경기 부천시 중동
8830e0a8c1fffff,17:00:00,8830e0af6dfffff,10,53.3,22.53,인천 계양구 계산동
8830e0a8c3fffff,9:20:00,8830e0af0bfffff,13,46.85,28.56,경기 부천시 중동
8830e0a8c3fffff,13:00:00,8830e0af6dfffff,10,51.8,27.48,인천 계양구 계산동
8830e0a8c3fffff,13:40:00,8830e0af6dfffff,11,101.82,24.15,인천 계양구 계산동
8830e0a8c3fffff,14:00:00,8830e0af6dfffff,15,106.53,17.75,인천 계양구 계산동
8830e0a8c3fffff,19:00:00,8830e0af6dfffff,10,56.7,20.62,인천 계양구 계산동
8830e0a8c5fffff,7:20:00,8830e0a1b1fffff,10,44.2,42.03,경기 부천시 오정동
8830e0a8c5fffff,7:40:00,8830e0af6dfffff,10,55.3,33.21,인천 계양구 계산동
8830e0a8c5fffff,8:20:00,8830e0af0bfffff,12,41.58,28.74,경기 부천시 중동
8830e0a8c5fffff,9:20:00,8830e0af6dfffff,15,67.93,34.58,인천 계양구 계산동
8830e0a8c5fffff,9:40:00,8830e0af6dfffff,12,57.92,29.73,인천 계양구 계산동
8830e0a8c5fffff,13:20:00,8830e0a1b1fffff,11,73.91,30.06,경기 부천시 오정동
8830e0a8c5fffff,13:40:00,8830e0af6dfffff,11,260.73,25.27,인천 계양구 계산동
8830e0a8c5fffff,16:20:00,8830e0af6dfffff,10,63.8,22.17,인천 계양구 계산동
8830e0a8c5fffff,16:40:00,8830e0af6dfffff,11,62.73,19.49,인천 계양구 계산동
8830e0a8c5fffff,17:00:00,8830e0af6dfffff,10,54.8,18.31,인천 계양구 계산동
8830e0a8c5fffff,17:40:00,8830e0af6dfffff,11,41.09,49.93,인천 계양구 계산동
8830e0a8c5fffff,18:20:00,8830e0af6dfffff,10,81.6,18.35,인천 계양구 계산동
8830e0a8c7fffff,8:00:00,8830e0a1b1fffff,12,49.08,20.68,경기 부천시 오정동
8830e0a8c7fffff,8:00:00,8830e0af6dfffff,10,37.6,27.05,인천 계양구 계산동
8830e0a8c7fffff,8:20:00,8830e0af6dfffff,10,45.4,29.52,인천 계양구 계산동
8830e0a8c7fffff,10:40:00,8830e0af6dfffff,12,70.83,29.67,인천 계양구 계산동
8830e0a8c7fffff,12:40:00,8830e0af6dfffff,11,56.27,23.63,인천 계양구 계산동
8830e0a8c7fffff,13:40:00,8830e0af6dfffff,15,115.67,18.84,인천 계양구 계산동
8830e0a8c7fffff,16:00:00,8830e0a1b1fffff,10,58.1,29.72,경기 부천시 오정동
8830e0a8c9fffff,12:20:00,8830e0af6dfffff,21,63.38,24.1,인천 계양구 계산동
8830e0a8c9fffff,13:00:00,8830e0af6dfffff,14,60.29,22.71,인천 계양구 계산동
8830e0a8c9fffff,13:20:00,8830e0af6dfffff,12,47.42,24.83,인천 계양구 계산동
8830e0a8c9fffff,13:40:00,8830e0af6dfffff,11,74.18,26.4,인천 계양구 계산동
8830e0a8c9fffff,14:00:00,8830e0af6dfffff,11,54.45,25.04,인천 계양구 계산동
8830e0a8c9fffff,14:20:00,8830e0af6dfffff,13,104.62,25.2,인천 계양구 계산동
8830e0a8c9fffff,15:40:00,8830e0af0bfffff,12,50.0,37.88,경기 부천시 중동
8830e0a8c9fffff,17:00:00,8830e0af6dfffff,11,92.18,20.92,인천 계양구 계산동
8830e0a8cdfffff,12:40:00,8830e0af6dfffff,11,46.09,36.88,인천 계양구 계산동
8830e0a8cdfffff,16:00:00,8830e0af6dfffff,12,45.83,24.83,인천 계양구 계산동
8830e0a8cdfffff,18:00:00,8830e0af6dfffff,11,106.18,16.52,인천 계양구 계산동
8830e0a8cdfffff,18:20:00,8830e0af6dfffff,11,43.27,20.52,인천 계양구 계산동
8830e0a8d5fffff,6:20:00,8830e0ac83fffff,12,48.75,44.16,서울 구로구 구로동
8830e0a8d5fffff,7:40:00,8830e0af6dfffff,10,44.5,27.7,인천 계양구 계산동
8830e0a8d5fffff,8:00:00,8830e0af0bfffff,15,50.47,29.09,경기 부천시 중동
8830e0a8d5fffff,9:00:00,8830e0af0bfffff,11,48.18,33.92,경기 부천시 중동
8830e0a8d7fffff,7:40:00,8830e0af6dfffff,12,43.42,28.29,인천 계양구 계산동
8830e0a8d7fffff,8:00:00,8830e0af6dfffff,13,52.08,26.89,인천 계양구 계산동
8830e0a8d7fffff,8:40:00,8830e0af6dfffff,10,48.1,33.27,인천 계양구 계산동
8830e0a8d7fffff,9:00:00,8830e0af6dfffff,10,54.9,35.14,인천 계양구 계산동
8830e0a8d7fffff,18:00:00,8830e0a1b1fffff,13,167.23,46.37,경기 부천시 오정동
8830e0a8dbfffff,0:00:00,8830e0af6dfffff,55,57.0,14.61,인천 계양구 계산동
8830e0a8e1fffff,13:00:00,8830e0af6dfffff,10,50.6,30.9,인천 계양구 계산동
8830e0a8e9fffff,10:00:00,8830e0af6dfffff,11,52.0,32.17,인천 계양구 계산동
8830e0a8e9fffff,13:00:00,8830e0af6dfffff,11,56.82,689.38,인천 계양구 계산동
8830e0a8e9fffff,13:20:00,8830e0af6dfffff,11,66.45,29.48,인천 계양구 계산동
8830e0a8e9fffff,14:00:00,8830e0af6dfffff,15,83.0,25.6,인천 계양구 계산동
8830e0a8e9fffff,14:40:00,8830e0af6dfffff,10,78.0,31.11,인천 계양구 계산동
8830e0a8e9fffff,15:20:00,8830e0af6dfffff,10,65.2,22.18,인천 계양구 계산동
8830e0a8e9fffff,16:40:00,8830e0af0bfffff,10,57.6,39.29,경기 부천시 중동
8830e0a8e9fffff,16:40:00,8830e0af6dfffff,15,51.47,24.77,인천 계양구 계산동
8830e0a8e9fffff,17:20:00,8830e0af6dfffff,11,53.82,32.35,인천 계양구 계산동
8830e0a8e9fffff,18:00:00,8830e0af6dfffff,22,44.0,23.05,인천 계양구 계산동
8830e0a8edfffff,13:00:00,8830e0af6dfffff,10,64.6,36.68,인천 계양구 계산동
8830e0a8edfffff,15:40:00,8830e0af6dfffff,14,73.93,29.08,인천 계양구 계산동
8830e0a8edfffff,16:20:00,8830e0af6dfffff,10,52.9,34.6,인천 계양구 계산동
8830e0a8edfffff,17:40:00,8830e0af6dfffff,13,50.77,26.38,인천 계양구 계산동
8830e0a8edfffff,18:00:00,8830e0af6dfffff,14,64.21,27.56,인천 계양구 계산동
8830e0a8edfffff,19:00:00,8830e0af6dfffff,11,58.73,36.01,인천 계양구 계산동
8830e0a8edfffff,19:40:00,8830e0af6dfffff,10,61.1,29.68,인천 계양구 계산동
8830e0a90dfffff,7:00:00,8830e0af6dfffff,11,56.0,37.64,인천 계양구 계산동
8830e0a90dfffff,15:40:00,8830e15361fffff,13,73.0,91.79,경기 성남시 분당구 야탑동
8830e0a923fffff,15:00:00,8830e0af0bfffff,10,58.2,57.61,경기 부천시 중동
8830e0a923fffff,16:00:00,8830e0af6dfffff,10,73.7,29.08,인천 계양구 계산동
8830e0a923fffff,17:20:00,8830e0af6dfffff,10,106.8,30.51,인천 계양구 계산동
8830e0a923fffff,21:00:00,8830e0ad9bfffff,13,77.15,35.63,Gwang_Myeong
8830e0a927fffff,6:40:00,8830e0a1b1fffff,17,58.71,91.46,경기 부천시 오정동
8830e0a927fffff,8:00:00,8830e0ac83fffff,10,78.6,79.45,서울 구로구 구로동
8830e0a94dfffff,9:00:00,8830e0af0bfffff,11,52.0,38.87,경기 부천시 중동
8830e0a959fffff,8:40:00,8830e0af6dfffff,10,46.1,34.91,인천 계양구 계산동
8830e0a95bfffff,7:00:00,8830e0a1b1fffff,10,48.5,58.73,경기 부천시 오정동
8830e0a963fffff,7:00:00,8830e0a1b1fffff,13,61.38,65.5,경기 부천시 오정동
8830e0a965fffff,6:40:00,8830e0af6dfffff,14,47.86,57.76,인천 계양구 계산동
8830e0a965fffff,8:00:00,8830e0af6dfffff,11,55.18,49.87,인천 계양구 계산동
8830e0a96bfffff,7:20:00,8830e0af0bfffff,12,61.58,37.68,경기 부천시 중동
8830e0a96bfffff,7:40:00,8830e0af0bfffff,12,56.75,43.03,경기 부천시 중동
8830e0a96bfffff,15:40:00,8830e15361fffff,10,59.4,95.62,경기 성남시 분당구 야탑동
8830e0a981fffff,16:00:00,8830e0ad9bfffff,10,44.0,43.43,Gwang_Myeong
8830e0a981fffff,18:00:00,8830e0af6dfffff,11,62.45,30.83,인천 계양구 계산동
8830e0a993fffff,6:00:00,8830e0a1b1fffff,11,71.73,51.8,경기 부천시 오정동
8830e0a995fffff,8:20:00,8830e0af6dfffff,13,55.69,37.78,인천 계양구 계산동
8830e0a997fffff,7:40:00,8830e0af6dfffff,10,55.2,35.58,인천 계양구 계산동
8830e0a9b1fffff,7:40:00,8830e0af6dfffff,11,37.0,34.45,인천 계양구 계산동
8830e0a9bbfffff,10:40:00,8830e0af6dfffff,14,60.14,41.62,인천 계양구 계산동
8830e0a9c7fffff,18:00:00,8830e0af6dfffff,10,64.0,29.55,인천 계양구 계산동
8830e0a9cdfffff,7:20:00,8830e0a1b1fffff,15,50.8,41.28,경기 부천시 오정동
8830e0a9d1fffff,8:40:00,8830e0a1b1fffff,11,34.82,49.24,경기 부천시 오정동
8830e0a9d5fffff,17:20:00,8830e0af6dfffff,21,52.81,35.1,인천 계양구 계산동
8830e0a9d5fffff,18:00:00,8830e0af6dfffff,14,55.36,34.71,인천 계양구 계산동
8830e0aa07fffff,8:00:00,8830e0a1b1fffff,14,38.43,31.74,경기 부천시 오정동
8830e0aa13fffff,17:20:00,8830e0a1b1fffff,10,71.0,27.44,경기 부천시 오정동
8830e0aa15fffff,17:00:00,8830e0a1b1fffff,16,65.56,37.42,경기 부천시 오정동
8830e0aa15fffff,18:40:00,8830e0a1b1fffff,10,47.4,32.99,경기 부천시 오정동
8830e0aa17fffff,17:40:00,8830e0af0bfffff,14,48.71,48.09,경기 부천시 중동
8830e0aa1dfffff,17:20:00,8830e0a1b1fffff,10,109.9,27.05,경기 부천시 오정동
8830e0aa1dfffff,17:20:00,8830e0af6dfffff,10,57.6,22.03,인천 계양구 계산동
8830e0aa1dfffff,18:00:00,8830e0a1b1fffff,10,61.9,32.11,경기 부천시 오정동
8830e0aa25fffff,8:00:00,8830e0af0bfffff,10,57.1,47.99,경기 부천시 중동
8830e0aa27fffff,8:40:00,8830e0af0bfffff,11,40.36,73.06,경기 부천시 중동
8830e0aa27fffff,17:00:00,8830e0a1b1fffff,10,57.5,38.47,경기 부천시 오정동
8830e0aa27fffff,17:20:00,8830e0af6dfffff,11,54.73,43.8,인천 계양구 계산동
8830e0aa27fffff,18:00:00,8830e0af6dfffff,14,66.29,34.92,인천 계양구 계산동
8830e0aa29fffff,7:40:00,8830e0af6dfffff,13,39.92,43.16,인천 계양구 계산동
8830e0aa29fffff,9:00:00,8830e0af6dfffff,15,38.0,36.26,인천 계양구 계산동
8830e0aa29fffff,9:40:00,8830e0af6dfffff,13,67.54,55.6,인천 계양구 계산동
8830e0aa29fffff,14:20:00,8830e0af6dfffff,11,53.0,42.38,인천 계양구 계산동
8830e0aa29fffff,17:40:00,8830e0af6dfffff,11,54.55,31.05,인천 계양구 계산동
8830e0aa2dfffff,9:00:00,8830e0af6dfffff,12,49.17,44.25,인천 계양구 계산동
8830e0aa33fffff,17:20:00,8830e0a1b1fffff,10,54.1,33.74,경기 부천시 오정동
8830e0aa33fffff,18:20:00,8830e0af6dfffff,11,42.55,32.58,인천 계양구 계산동
8830e0aa37fffff,8:20:00,8830e0af6dfffff,12,56.17,35.49,인천 계양구 계산동
8830e0aa37fffff,13:00:00,8830e0af6dfffff,10,100.7,44.55,인천 계양구 계산동
8830e0aa37fffff,16:20:00,8830e0af6dfffff,10,53.8,34.11,인천 계양구 계산동
8830e0aa37fffff,18:00:00,8830e0af0bfffff,14,58.0,45.24,경기 부천시 중동
8830e0aa37fffff,18:20:00,8830e0af6dfffff,10,56.9,56.92,인천 계양구 계산동
8830e0aa39fffff,16:40:00,8830e0a1b1fffff,12,53.42,34.3,경기 부천시 오정동
8830e0aa39fffff,18:40:00,8830e0a1b1fffff,11,43.55,27.1,경기 부천시 오정동
8830e0aa3bfffff,16:00:00,8830e0a1b1fffff,15,63.53,36.4,경기 부천시 오정동
8830e0aa3bfffff,16:00:00,8830e0af6dfffff,12,58.25,33.93,인천 계양구 계산동
8830e0aa3bfffff,16:20:00,8830e0a1b1fffff,15,57.6,40.15,경기 부천시 오정동
8830e0aa3bfffff,16:40:00,8830e0a1b1fffff,20,55.95,33.26,경기 부천시 오정동
8830e0aa3bfffff,17:00:00,8830e0a1b1fffff,13,64.85,28.85,경기 부천시 오정동
8830e0aa3bfffff,17:00:00,8830e0af6dfffff,10,56.2,31.91,인천 계양구 계산동
8830e0aa3bfffff,17:20:00,8830e0a1b1fffff,11,61.64,33.02,경기 부천시 오정동
8830e0aa3bfffff,17:40:00,8830e0a1b1fffff,15,56.4,32.24,경기 부천시 오정동
8830e0aa3bfffff,18:00:00,8830e0a1b1fffff,14,101.36,30.27,경기 부천시 오정동
8830e0aa3bfffff,18:00:00,8830e0af6dfffff,13,106.85,24.87,인천 계양구 계산동
8830e0aa3bfffff,18:20:00,8830e0a1b1fffff,11,53.36,33.18,경기 부천시 오정동
8830e0aa57fffff,18:00:00,8830e0a1b1fffff,11,51.09,37.25,경기 부천시 오정동
8830e0aa63fffff,10:20:00,8830e0af6dfffff,11,51.64,48.67,인천 계양구 계산동
8830e0aa63fffff,17:20:00,8830e0af6dfffff,15,47.07,40.67,인천 계양구 계산동
8830e0aa65fffff,16:00:00,8830e0af6dfffff,11,54.55,34.3,인천 계양구 계산동
8830e0aa67fffff,13:40:00,8830e0af6dfffff,11,64.82,32.37,인천 계양구 계산동
8830e0aa67fffff,17:40:00,8830e0af6dfffff,10,72.6,36.18,인천 계양구 계산동
8830e0aa83fffff,7:20:00,8830e0af6dfffff,13,103.23,17.86,인천 계양구 계산동
8830e0aa83fffff,7:40:00,8830e0af6dfffff,10,59.9,11.63,인천 계양구 계산동
8830e0aa83fffff,8:00:00,8830e0af6dfffff,16,40.75,15.08,인천 계양구 계산동
8830e0aa83fffff,8:40:00,8830e0a1b1fffff,11,53.82,28.24,경기 부천시 오정동
8830e0aa83fffff,8:40:00,8830e0af6dfffff,11,81.91,19.92,인천 계양구 계산동
8830e0aa83fffff,9:20:00,8830e0af6dfffff,22,47.23,22.28,인천 계양구 계산동
8830e0aa83fffff,9:40:00,8830e0af6dfffff,13,64.92,17.76,인천 계양구 계산동
8830e0aa83fffff,10:00:00,8830e0af6dfffff,15,76.4,22.19,인천 계양구 계산동
8830e0aa83fffff,10:20:00,8830e0af6dfffff,21,85.38,18.7,인천 계양구 계산동
8830e0aa83fffff,10:40:00,8830e0af6dfffff,13,68.31,16.71,인천 계양구 계산동
8830e0aa83fffff,11:00:00,8830e0af6dfffff,15,82.73,44.69,인천 계양구 계산동
8830e0aa83fffff,11:20:00,8830e0af6dfffff,12,62.92,21.3,인천 계양구 계산동
8830e0aa83fffff,11:40:00,8830e0af6dfffff,10,49.3,15.18,인천 계양구 계산동
8830e0aa83fffff,12:00:00,8830e0af6dfffff,21,51.0,15.19,인천 계양구 계산동
8830e0aa83fffff,12:20:00,8830e0af6dfffff,16,51.13,19.58,인천 계양구 계산동
8830e0aa83fffff,12:40:00,8830e0af6dfffff,16,80.44,16.7,인천 계양구 계산동
8830e0aa83fffff,13:00:00,8830e0af6dfffff,17,65.35,14.19,인천 계양구 계산동
8830e0aa83fffff,13:20:00,8830e0af6dfffff,21,70.1,21.14,인천 계양구 계산동
8830e0aa83fffff,13:40:00,8830e0af6dfffff,21,65.05,19.63,인천 계양구 계산동
8830e0aa83fffff,14:00:00,8830e0af6dfffff,12,69.75,16.51,인천 계양구 계산동
8830e0aa83fffff,14:20:00,8830e0af6dfffff,15,49.13,16.52,인천 계양구 계산동
8830e0aa83fffff,14:40:00,8830e0af6dfffff,15,55.93,19.14,인천 계양구 계산동
8830e0aa83fffff,15:40:00,8830e0af6dfffff,11,67.91,15.83,인천 계양구 계산동
8830e0aa83fffff,16:00:00,8830e0af6dfffff,10,59.4,19.74,인천 계양구 계산동
8830e0aa83fffff,16:20:00,8830e0af6dfffff,13,68.54,27.3,인천 계양구 계산동
8830e0aa83fffff,16:40:00,8830e0af6dfffff,11,57.36,20.63,인천 계양구 계산동
8830e0aa83fffff,17:20:00,8830e0af6dfffff,19,58.58,17.54,인천 계양구 계산동
8830e0aa83fffff,18:00:00,8830e0af6dfffff,17,62.76,19.93,인천 계양구 계산동
8830e0aa83fffff,18:20:00,8830e0af6dfffff,10,90.9,19.59,인천 계양구 계산동
8830e0aa83fffff,19:20:00,8830e0af6dfffff,12,72.08,16.78,인천 계양구 계산동
8830e0aa87fffff,9:00:00,8830e0af6dfffff,10,80.7,22.14,인천 계양구 계산동
8830e0aa8bfffff,7:40:00,8830e0af6dfffff,10,60.3,21.65,인천 계양구 계산동
8830e0aa8bfffff,8:20:00,8830e0af6dfffff,18,60.0,21.67,인천 계양구 계산동
8830e0aa8bfffff,8:40:00,8830e0af6dfffff,12,67.83,38.63,인천 계양구 계산동
8830e0aa8bfffff,9:00:00,8830e0af0bfffff,11,55.0,34.47,경기 부천시 중동
8830e0aa8bfffff,9:20:00,8830e0af6dfffff,13,60.31,15.65,인천 계양구 계산동
8830e0aa8bfffff,11:20:00,8830e0af6dfffff,10,63.3,16.55,인천 계양구 계산동
8830e0aa8bfffff,12:20:00,8830e0af6dfffff,12,52.83,16.7,인천 계양구 계산동
8830e0aa8bfffff,13:00:00,8830e0af6dfffff,11,48.64,16.32,인천 계양구 계산동
8830e0aa8bfffff,13:40:00,8830e0af6dfffff,11,57.55,19.54,인천 계양구 계산동
8830e0aa8bfffff,17:00:00,8830e0af6dfffff,12,88.25,23.39,인천 계양구 계산동
8830e0aa8bfffff,17:20:00,8830e0af6dfffff,13,44.69,19.63,인천 계양구 계산동
8830e0aa91fffff,0:00:00,8830e0af6dfffff,12,85.08,33.34,인천 계양구 계산동
8830e0aa91fffff,8:00:00,8830e0af6dfffff,11,75.73,21.45,인천 계양구 계산동
8830e0aa91fffff,8:20:00,8830e0af6dfffff,23,53.87,22.06,인천 계양구 계산동
8830e0aa91fffff,8:40:00,8830e0af6dfffff,24,57.54,19.19,인천 계양구 계산동
8830e0aa91fffff,9:00:00,8830e0af6dfffff,19,68.0,25.09,인천 계양구 계산동
8830e0aa91fffff,9:20:00,8830e0af0bfffff,11,38.0,49.94,경기 부천시 중동
8830e0aa91fffff,9:20:00,8830e0af6dfffff,18,70.33,23.2,인천 계양구 계산동
8830e0aa91fffff,9:40:00,8830e0af6dfffff,23,91.3,22.66,인천 계양구 계산동
8830e0aa91fffff,10:00:00,8830e0af0bfffff,11,56.36,20.66,경기 부천시 중동
8830e0aa91fffff,10:00:00,8830e0af6dfffff,23,71.87,21.85,인천 계양구 계산동
8830e0aa91fffff,10:20:00,8830e0af0bfffff,10,39.4,28.22,경기 부천시 중동
8830e0aa91fffff,10:40:00,8830e0af6dfffff,11,75.55,27.44,인천 계양구 계산동
8830e0aa91fffff,11:00:00,8830e0af0bfffff,10,92.7,32.19,경기 부천시 중동
8830e0aa91fffff,11:00:00,8830e0af6dfffff,18,50.33,19.23,인천 계양구 계산동
8830e0aa91fffff,11:20:00,8830e0af6dfffff,25,55.72,16.24,인천 계양구 계산동
8830e0aa91fffff,11:40:00,8830e0af6dfffff,19,53.95,20.92,인천 계양구 계산동
8830e0aa91fffff,12:00:00,8830e0af6dfffff,15,46.6,18.48,인천 계양구 계산동
8830e0aa91fffff,12:20:00,8830e0af6dfffff,18,99.17,31.79,인천 계양구 계산동
8830e0aa91fffff,12:40:00,8830e0af6dfffff,22,63.91,17.4,인천 계양구 계산동
8830e0aa91fffff,13:00:00,8830e0af6dfffff,26,76.96,16.79,인천 계양구 계산동
8830e0aa91fffff,13:20:00,8830e0af6dfffff,25,55.88,14.81,인천 계양구 계산동
8830e0aa91fffff,13:40:00,8830e0af6dfffff,24,55.04,20.44,인천 계양구 계산동
8830e0aa91fffff,14:00:00,8830e0af6dfffff,23,54.83,15.92,인천 계양구 계산동
8830e0aa91fffff,14:20:00,8830e0af6dfffff,19,70.26,13.9,인천 계양구 계산동
8830e0aa91fffff,14:40:00,8830e0af6dfffff,15,52.93,21.12,인천 계양구 계산동
8830e0aa91fffff,15:00:00,8830e0af6dfffff,16,57.25,19.14,인천 계양구 계산동
8830e0aa91fffff,15:20:00,8830e0af6dfffff,16,71.69,21.55,인천 계양구 계산동
8830e0aa91fffff,15:40:00,8830e0af6dfffff,20,55.0,17.72,인천 계양구 계산동
8830e0aa91fffff,16:00:00,8830e0af6dfffff,10,68.2,20.57,인천 계양구 계산동
8830e0aa91fffff,16:20:00,8830e0af6dfffff,15,112.2,22.74,인천 계양구 계산동
8830e0aa91fffff,16:40:00,8830e0af6dfffff,17,76.12,22.18,인천 계양구 계산동
8830e0aa91fffff,17:20:00,8830e0af6dfffff,18,88.28,23.08,인천 계양구 계산동
8830e0aa91fffff,17:40:00,8830e0af6dfffff,15,47.33,18.44,인천 계양구 계산동
8830e0aa91fffff,18:00:00,8830e0af6dfffff,15,51.07,16.06,인천 계양구 계산동
8830e0aa91fffff,18:20:00,8830e0af6dfffff,18,94.89,22.21,인천 계양구 계산동
8830e0aa91fffff,18:40:00,8830e0af6dfffff,11,47.64,21.58,인천 계양구 계산동
8830e0aa91fffff,19:20:00,8830e0af6dfffff,13,56.31,14.14,인천 계양구 계산동
8830e0aa91fffff,20:00:00,8830e0af6dfffff,14,56.93,21.31,인천 계양구 계산동
8830e0aa91fffff,20:20:00,8830e0af6dfffff,14,69.07,36.89,인천 계양구 계산동
8830e0aa93fffff,0:00:00,8830e0af6dfffff,12,48.92,20.16,인천 계양구 계산동
8830e0aa93fffff,7:00:00,8830e0af6dfffff,12,58.08,15.77,인천 계양구 계산동
8830e0aa93fffff,8:00:00,8830e0af6dfffff,19,64.95,21.81,인천 계양구 계산동
8830e0aa93fffff,8:20:00,8830e0af0bfffff,10,90.1,27.79,경기 부천시 중동
8830e0aa93fffff,8:20:00,8830e0af6dfffff,19,56.47,25.37,인천 계양구 계산동
8830e0aa93fffff,8:40:00,8830e0af6dfffff,25,60.92,20.37,인천 계양구 계산동
8830e0aa93fffff,9:00:00,8830e0af0bfffff,11,76.55,44.6,경기 부천시 중동
8830e0aa93fffff,9:00:00,8830e0af6dfffff,33,55.7,26.21,인천 계양구 계산동
8830e0aa93fffff,9:20:00,8830e0af0bfffff,13,52.23,30.51,경기 부천시 중동
8830e0aa93fffff,9:20:00,8830e0af6dfffff,21,143.14,19.63,인천 계양구 계산동
8830e0aa93fffff,9:40:00,8830e0af0bfffff,13,67.54,31.15,경기 부천시 중동
8830e0aa93fffff,9:40:00,8830e0af6dfffff,11,52.09,19.4,인천 계양구 계산동
8830e0aa93fffff,10:00:00,8830e0af0bfffff,11,83.0,26.46,경기 부천시 중동
8830e0aa93fffff,10:00:00,8830e0af6dfffff,14,87.0,25.13,인천 계양구 계산동
8830e0aa93fffff,10:20:00,8830e0af0bfffff,12,68.42,21.71,경기 부천시 중동
8830e0aa93fffff,10:20:00,8830e0af6dfffff,21,52.62,19.69,인천 계양구 계산동
8830e0aa93fffff,10:40:00,8830e0af6dfffff,15,77.53,23.12,인천 계양구 계산동
8830e0aa93fffff,11:00:00,8830e0af6dfffff,29,63.79,20.12,인천 계양구 계산동
8830e0aa93fffff,11:20:00,8830e0af0bfffff,14,70.57,24.52,경기 부천시 중동
8830e0aa93fffff,11:20:00,8830e0af6dfffff,27,99.81,21.98,인천 계양구 계산동
8830e0aa93fffff,11:40:00,8830e0af0bfffff,10,50.0,26.96,경기 부천시 중동
8830e0aa93fffff,11:40:00,8830e0af6dfffff,23,60.43,23.25,인천 계양구 계산동
8830e0aa93fffff,12:00:00,8830e0a1b1fffff,12,51.83,18.5,경기 부천시 오정동
8830e0aa93fffff,12:00:00,8830e0af0bfffff,13,53.92,24.39,경기 부천시 중동
8830e0aa93fffff,12:00:00,8830e0af6dfffff,27,63.41,21.8,인천 계양구 계산동
8830e0aa93fffff,12:20:00,8830e0af0bfffff,15,45.27,18.39,경기 부천시 중동
8830e0aa93fffff,12:20:00,8830e0af6dfffff,32,77.19,24.33,인천 계양구 계산동
8830e0aa93fffff,12:40:00,8830e0af0bfffff,14,53.71,27.17,경기 부천시 중동
8830e0aa93fffff,12:40:00,8830e0af6dfffff,30,55.0,19.03,인천 계양구 계산동
8830e0aa93fffff,13:00:00,8830e0af0bfffff,15,84.93,38.02,경기 부천시 중동
8830e0aa93fffff,13:00:00,8830e0af6dfffff,29,79.41,19.64,인천 계양구 계산동
8830e0aa93fffff,13:20:00,8830e0af0bfffff,16,80.25,21.18,경기 부천시 중동
8830e0aa93fffff,13:20:00,8830e0af6dfffff,30,74.47,21.14,인천 계양구 계산동
8830e0aa93fffff,13:40:00,8830e0af0bfffff,10,69.5,26.82,경기 부천시 중동
8830e0aa93fffff,13:40:00,8830e0af6dfffff,32,53.44,20.15,인천 계양구 계산동
8830e0aa93fffff,14:00:00,8830e0af0bfffff,18,74.44,31.79,경기 부천시 중동
8830e0aa93fffff,14:00:00,8830e0af6dfffff,35,66.77,18.42,인천 계양구 계산동
8830e0aa93fffff,14:20:00,8830e0af0bfffff,10,67.5,26.22,경기 부천시 중동
8830e0aa93fffff,14:20:00,8830e0af6dfffff,36,62.61,17.38,인천 계양구 계산동
8830e0aa93fffff,14:40:00,8830e0af0bfffff,11,68.73,24.76,경기 부천시 중동
8830e0aa93fffff,14:40:00,8830e0af6dfffff,30,55.7,20.44,인천 계양구 계산동
8830e0aa93fffff,15:00:00,8830e0af6dfffff,34,86.44,23.57,인천 계양구 계산동
8830e0aa93fffff,15:20:00,8830e0af6dfffff,26,73.27,21.62,인천 계양구 계산동
8830e0aa93fffff,15:40:00,8830e0af0bfffff,12,52.92,22.61,경기 부천시 중동
8830e0aa93fffff,15:40:00,8830e0af6dfffff,22,50.18,22.79,인천 계양구 계산동
8830e0aa93fffff,16:00:00,8830e0af6dfffff,31,74.16,23.61,인천 계양구 계산동
8830e0aa93fffff,16:20:00,8830e0a1b1fffff,10,58.5,33.76,경기 부천시 오정동
8830e0aa93fffff,16:20:00,8830e0af0bfffff,12,73.08,20.67,경기 부천시 중동
8830e0aa93fffff,16:20:00,8830e0af6dfffff,29,73.34,19.96,인천 계양구 계산동
8830e0aa93fffff,16:40:00,8830e0af6dfffff,23,89.43,24.08,인천 계양구 계산동
8830e0aa93fffff,17:00:00,8830e0a1b1fffff,14,53.93,29.12,경기 부천시 오정동
8830e0aa93fffff,17:00:00,8830e0af6dfffff,21,58.57,21.39,인천 계양구 계산동
8830e0aa93fffff,17:20:00,8830e0a1b1fffff,10,52.0,23.94,경기 부천시 오정동
8830e0aa93fffff,17:20:00,8830e0af6dfffff,29,62.1,29.78,인천 계양구 계산동
8830e0aa93fffff,17:40:00,8830e0a1b1fffff,10,65.3,25.17,경기 부천시 오정동
8830e0aa93fffff,17:40:00,8830e0af0bfffff,11,44.18,34.11,경기 부천시 중동
8830e0aa93fffff,17:40:00,8830e0af6dfffff,29,46.59,23.3,인천 계양구 계산동
8830e0aa93fffff,18:00:00,8830e0af6dfffff,32,57.94,21.39,인천 계양구 계산동
8830e0aa93fffff,18:20:00,8830e0af6dfffff,20,75.95,22.83,인천 계양구 계산동
8830e0aa93fffff,18:40:00,8830e0af6dfffff,10,59.4,28.25,인천 계양구 계산동
8830e0aa93fffff,19:00:00,8830e0af6dfffff,24,68.71,20.72,인천 계양구 계산동
8830e0aa93fffff,19:40:00,8830e0af6dfffff,12,53.42,27.53,인천 계양구 계산동
8830e0aa93fffff,20:00:00,8830e0af6dfffff,15,53.93,24.58,인천 계양구 계산동
8830e0aa93fffff,20:20:00,8830e0af6dfffff,13,68.38,30.63,인천 계양구 계산동
8830e0aa93fffff,20:40:00,8830e0af6dfffff,11,69.0,26.62,인천 계양구 계산동
8830e0aa93fffff,21:00:00,8830e0af6dfffff,14,43.21,21.55,인천 계양구 계산동
8830e0aa93fffff,21:20:00,8830e0af6dfffff,11,48.09,24.03,인천 계양구 계산동
8830e0aa93fffff,21:40:00,8830e0af6dfffff,10,45.0,23.71,인천 계양구 계산동
8830e0aa95fffff,7:20:00,8830e0a1b1fffff,14,49.0,25.08,경기 부천시 오정동
8830e0aa95fffff,8:20:00,8830e0af6dfffff,10,61.1,19.63,인천 계양구 계산동
8830e0aa95fffff,8:40:00,8830e0af6dfffff,13,76.0,18.52,인천 계양구 계산동
8830e0aa95fffff,9:00:00,8830e0af6dfffff,13,60.15,21.11,인천 계양구 계산동
8830e0aa95fffff,9:20:00,8830e0af6dfffff,13,52.92,21.12,인천 계양구 계산동
8830e0aa95fffff,9:40:00,8830e0af6dfffff,20,87.3,25.15,인천 계양구 계산동
8830e0aa95fffff,10:00:00,8830e0af6dfffff,16,57.94,26.46,인천 계양구 계산동
8830e0aa95fffff,10:20:00,8830e0af6dfffff,14,67.36,17.28,인천 계양구 계산동
8830e0aa95fffff,10:40:00,8830e0af6dfffff,13,74.69,28.59,인천 계양구 계산동
8830e0aa95fffff,11:00:00,8830e0af6dfffff,15,49.8,17.7,인천 계양구 계산동
8830e0aa95fffff,11:20:00,8830e0af6dfffff,16,62.75,18.69,인천 계양구 계산동
8830e0aa95fffff,11:40:00,8830e0af6dfffff,11,54.09,21.51,인천 계양구 계산동
8830e0aa95fffff,12:20:00,8830e0af6dfffff,13,58.85,15.67,인천 계양구 계산동
8830e0aa95fffff,12:40:00,8830e0af6dfffff,20,56.15,19.43,인천 계양구 계산동
8830e0aa95fffff,13:00:00,8830e0af6dfffff,16,61.25,17.27,인천 계양구 계산동
8830e0aa95fffff,13:20:00,8830e0af6dfffff,14,56.86,17.38,인천 계양구 계산동
8830e0aa95fffff,13:40:00,8830e0af6dfffff,14,50.79,24.38,인천 계양구 계산동
8830e0aa95fffff,14:00:00,8830e0af6dfffff,18,75.5,22.45,인천 계양구 계산동
8830e0aa95fffff,14:20:00,8830e0af6dfffff,13,90.62,27.44,인천 계양구 계산동
8830e0aa95fffff,15:00:00,8830e0af6dfffff,10,53.5,15.53,인천 계양구 계산동
8830e0aa95fffff,15:20:00,8830e0af6dfffff,13,49.15,15.89,인천 계양구 계산동
8830e0aa95fffff,16:20:00,8830e0af6dfffff,12,44.67,23.34,인천 계양구 계산동
8830e0aa95fffff,16:40:00,8830e0af6dfffff,10,50.4,21.65,인천 계양구 계산동
8830e0aa95fffff,17:40:00,8830e0af6dfffff,16,50.88,16.65,인천 계양구 계산동
8830e0aa95fffff,19:20:00,8830e0af6dfffff,13,63.85,21.95,인천 계양구 계산동
8830e0aa97fffff,0:00:00,8830e0af6dfffff,182,57.39,16.47,인천 계양구 계산동
8830e0aa97fffff,0:20:00,8830e0af6dfffff,14,47.86,12.59,인천 계양구 계산동
8830e0aa97fffff,0:40:00,8830e0af6dfffff,23,50.96,17.18,인천 계양구 계산동
8830e0aa97fffff,1:00:00,8830e0af6dfffff,21,52.71,17.71,인천 계양구 계산동
8830e0aa97fffff,1:20:00,8830e0af6dfffff,20,54.65,23.09,인천 계양구 계산동
8830e0aa97fffff,1:40:00,8830e0af6dfffff,18,63.89,19.63,인천 계양구 계산동
8830e0aa97fffff,2:00:00,8830e0af6dfffff,16,60.81,38.36,인천 계양구 계산동
8830e0aa97fffff,2:20:00,8830e0af6dfffff,14,65.21,23.78,인천 계양구 계산동
8830e0aa97fffff,2:40:00,8830e0af6dfffff,17,65.71,26.34,인천 계양구 계산동
8830e0aa97fffff,3:00:00,8830e0af6dfffff,15,43.73,18.42,인천 계양구 계산동
8830e0aa97fffff,3:20:00,8830e0af6dfffff,13,55.31,18.81,인천 계양구 계산동
8830e0aa97fffff,4:40:00,8830e0af6dfffff,12,93.17,19.95,인천 계양구 계산동
8830e0aa97fffff,6:20:00,8830e0af6dfffff,14,153.07,25.14,인천 계양구 계산동
8830e0aa97fffff,6:40:00,8830e0af6dfffff,13,56.77,16.13,인천 계양구 계산동
8830e0aa97fffff,7:00:00,8830e0af6dfffff,21,97.43,17.67,인천 계양구 계산동
8830e0aa97fffff,7:20:00,8830e0af6dfffff,22,158.64,22.44,인천 계양구 계산동
8830e0aa97fffff,7:40:00,8830e0af6dfffff,18,89.94,30.98,인천 계양구 계산동
8830e0aa97fffff,8:00:00,8830e0af6dfffff,33,62.18,16.8,인천 계양구 계산동
8830e0aa97fffff,8:20:00,8830e0af0bfffff,11,68.45,23.56,경기 부천시 중동
8830e0aa97fffff,8:20:00,8830e0af6dfffff,28,58.82,22.48,인천 계양구 계산동
8830e0aa97fffff,8:40:00,8830e0af0bfffff,14,50.57,20.55,경기 부천시 중동
8830e0aa97fffff,8:40:00,8830e0af6dfffff,23,93.22,22.97,인천 계양구 계산동
8830e0aa97fffff,9:00:00,8830e0af0bfffff,14,56.86,20.46,경기 부천시 중동
8830e0aa97fffff,9:00:00,8830e0af6dfffff,49,96.22,25.05,인천 계양구 계산동
8830e0aa97fffff,9:20:00,8830e0af0bfffff,13,57.31,27.98,경기 부천시 중동
8830e0aa97fffff,9:20:00,8830e0af6dfffff,42,63.57,18.62,인천 계양구 계산동
8830e0aa97fffff,9:40:00,8830e0af0bfffff,14,56.79,23.96,경기 부천시 중동
8830e0aa97fffff,9:40:00,8830e0af6dfffff,62,62.71,21.92,인천 계양구 계산동
8830e0aa97fffff,10:00:00,8830e0af0bfffff,10,65.1,25.98,경기 부천시 중동
8830e0aa97fffff,10:00:00,8830e0af6dfffff,66,71.17,24.79,인천 계양구 계산동
8830e0aa97fffff,10:20:00,8830e0af6dfffff,81,80.65,21.56,인천 계양구 계산동
8830e0aa97fffff,10:40:00,8830e0a1b1fffff,10,93.5,31.54,경기 부천시 오정동
8830e0aa97fffff,10:40:00,8830e0af6dfffff,84,75.77,24.26,인천 계양구 계산동
8830e0aa97fffff,11:00:00,8830e0a1b1fffff,10,47.2,18.24,경기 부천시 오정동
8830e0aa97fffff,11:00:00,8830e0af6dfffff,96,68.76,22.04,인천 계양구 계산동
8830e0aa97fffff,11:20:00,8830e0a1b1fffff,14,60.36,20.24,경기 부천시 오정동
8830e0aa97fffff,11:20:00,8830e0af6dfffff,78,89.47,27.93,인천 계양구 계산동
8830e0aa97fffff,11:40:00,8830e0a1b1fffff,13,61.0,24.41,경기 부천시 오정동
8830e0aa97fffff,11:40:00,8830e0af0bfffff,21,60.52,39.84,경기 부천시 중동
8830e0aa97fffff,11:40:00,8830e0af6dfffff,114,71.14,24.71,인천 계양구 계산동
8830e0aa97fffff,12:00:00,8830e0a1b1fffff,12,53.17,24.11,경기 부천시 오정동
8830e0aa97fffff,12:00:00,8830e0af0bfffff,14,66.93,22.42,경기 부천시 중동
8830e0aa97fffff,12:00:00,8830e0af6dfffff,107,66.54,25.35,인천 계양구 계산동
8830e0aa97fffff,12:20:00,8830e0a1b1fffff,16,57.31,21.98,경기 부천시 오정동
8830e0aa97fffff,12:20:00,8830e0af0bfffff,17,51.47,24.18,경기 부천시 중동
8830e0aa97fffff,12:20:00,8830e0af6dfffff,106,69.49,24.61,인천 계양구 계산동
8830e0aa97fffff,12:40:00,8830e0a1b1fffff,14,127.93,20.78,경기 부천시 오정동
8830e0aa97fffff,12:40:00,8830e0af0bfffff,13,40.0,22.7,경기 부천시 중동
8830e0aa97fffff,12:40:00,8830e0af6dfffff,112,63.7,24.78,인천 계양구 계산동
8830e0aa97fffff,13:00:00,8830e0a1b1fffff,17,77.29,22.14,경기 부천시 오정동
8830e0aa97fffff,13:00:00,8830e0af0bfffff,13,49.08,37.89,경기 부천시 중동
8830e0aa97fffff,13:00:00,8830e0af6dfffff,130,66.86,24.64,인천 계양구 계산동
8830e0aa97fffff,13:20:00,8830e0a1b1fffff,17,62.18,28.16,경기 부천시 오정동
8830e0aa97fffff,13:20:00,8830e0af0bfffff,15,69.0,28.67,경기 부천시 중동
8830e0aa97fffff,13:20:00,8830e0af6dfffff,123,66.72,22.51,인천 계양구 계산동
8830e0aa97fffff,13:40:00,8830e0a1b1fffff,18,67.06,28.59,경기 부천시 오정동
8830e0aa97fffff,13:40:00,8830e0af0bfffff,17,75.18,25.05,경기 부천시 중동
8830e0aa97fffff,13:40:00,8830e0af6dfffff,96,73.96,23.54,인천 계양구 계산동
8830e0aa97fffff,14:00:00,8830e0a1b1fffff,22,77.64,26.67,경기 부천시 오정동
8830e0aa97fffff,14:00:00,8830e0af0bfffff,14,55.5,31.78,경기 부천시 중동
8830e0aa97fffff,14:00:00,8830e0af6dfffff,104,58.47,23.69,인천 계양구 계산동
8830e0aa97fffff,14:20:00,8830e0a1b1fffff,16,65.56,27.45,경기 부천시 오정동
8830e0aa97fffff,14:20:00,8830e0af0bfffff,14,45.64,25.66,경기 부천시 중동
8830e0aa97fffff,14:20:00,8830e0af6dfffff,107,61.81,26.9,인천 계양구 계산동
8830e0aa97fffff,14:40:00,8830e0a1b1fffff,20,59.4,25.93,경기 부천시 오정동
8830e0aa97fffff,14:40:00,8830e0af0bfffff,14,52.29,27.11,경기 부천시 중동
8830e0aa97fffff,14:40:00,8830e0af6dfffff,114,59.61,21.3,인천 계양구 계산동
8830e0aa97fffff,15:00:00,8830e0a1b1fffff,14,53.43,23.56,경기 부천시 오정동
8830e0aa97fffff,15:00:00,8830e0af0bfffff,11,46.55,49.04,경기 부천시 중동
8830e0aa97fffff,15:00:00,8830e0af6dfffff,126,63.3,25.69,인천 계양구 계산동
8830e0aa97fffff,15:20:00,8830e0a1b1fffff,19,56.63,23.46,경기 부천시 오정동
8830e0aa97fffff,15:20:00,8830e0af0bfffff,10,58.9,25.3,경기 부천시 중동
8830e0aa97fffff,15:20:00,8830e0af6dfffff,106,52.7,21.09,인천 계양구 계산동
8830e0aa97fffff,15:40:00,8830e0a1b1fffff,20,109.4,28.67,경기 부천시 오정동
8830e0aa97fffff,15:40:00,8830e0af0bfffff,11,80.36,19.84,경기 부천시 중동
8830e0aa97fffff,15:40:00,8830e0af6dfffff,91,62.87,20.74,인천 계양구 계산동
8830e0aa97fffff,16:00:00,8830e0a1b1fffff,15,67.93,26.72,경기 부천시 오정동
8830e0aa97fffff,16:00:00,8830e0af0bfffff,10,64.8,26.91,경기 부천시 중동
8830e0aa97fffff,16:00:00,8830e0af6dfffff,102,59.17,24.67,인천 계양구 계산동
8830e0aa97fffff,16:20:00,8830e0a1b1fffff,16,47.94,22.21,경기 부천시 오정동
8830e0aa97fffff,16:20:00,8830e0af0bfffff,14,66.93,29.49,경기 부천시 중동
8830e0aa97fffff,16:20:00,8830e0af6dfffff,86,59.4,21.1,인천 계양구 계산동
8830e0aa97fffff,16:40:00,8830e0a1b1fffff,18,74.67,26.6,경기 부천시 오정동
8830e0aa97fffff,16:40:00,8830e0af0bfffff,18,54.11,29.1,경기 부천시 중동
8830e0aa97fffff,16:40:00,8830e0af6dfffff,94,71.5,20.85,인천 계양구 계산동
8830e0aa97fffff,17:00:00,8830e0a1b1fffff,12,61.5,29.93,경기 부천시 오정동
8830e0aa97fffff,17:00:00,8830e0af0bfffff,11,48.64,25.17,경기 부천시 중동
8830e0aa97fffff,17:00:00,8830e0af6dfffff,80,67.5,22.48,인천 계양구 계산동
8830e0aa97fffff,17:20:00,8830e0a1b1fffff,16,53.44,27.04,경기 부천시 오정동
8830e0aa97fffff,17:20:00,8830e0af0bfffff,12,44.17,25.76,경기 부천시 중동
8830e0aa97fffff,17:20:00,8830e0af6dfffff,72,57.35,22.96,인천 계양구 계산동
8830e0aa97fffff,17:40:00,8830e0a1b1fffff,24,50.0,26.78,경기 부천시 오정동
8830e0aa97fffff,17:40:00,8830e0af0bfffff,16,48.13,24.09,경기 부천시 중동
8830e0aa97fffff,17:40:00,8830e0af6dfffff,90,64.5,24.62,인천 계양구 계산동
8830e0aa97fffff,18:00:00,8830e0a1b1fffff,13,101.31,19.82,경기 부천시 오정동
8830e0aa97fffff,18:00:00,8830e0af0bfffff,19,53.47,24.61,경기 부천시 중동
8830e0aa97fffff,18:00:00,8830e0af6dfffff,103,56.5,26.72,인천 계양구 계산동
8830e0aa97fffff,18:20:00,8830e0a1b1fffff,15,56.4,32.92,경기 부천시 오정동
8830e0aa97fffff,18:20:00,8830e0af6dfffff,101,66.51,26.37,인천 계양구 계산동
8830e0aa97fffff,18:40:00,8830e0a1b1fffff,10,54.4,33.9,경기 부천시 오정동
8830e0aa97fffff,18:40:00,8830e0af6dfffff,88,61.33,21.31,인천 계양구 계산동
8830e0aa97fffff,19:00:00,8830e0af6dfffff,98,58.53,24.4,인천 계양구 계산동
8830e0aa97fffff,19:20:00,8830e0af6dfffff,69,57.23,22.81,인천 계양구 계산동
8830e0aa97fffff,19:40:00,8830e0a1b1fffff,11,58.55,18.44,경기 부천시 오정동
8830e0aa97fffff,19:40:00,8830e0af0bfffff,10,59.6,24.31,경기 부천시 중동
8830e0aa97fffff,19:40:00,8830e0af6dfffff,76,63.51,24.59,인천 계양구 계산동
8830e0aa97fffff,20:00:00,8830e0a1b1fffff,12,63.08,22.21,경기 부천시 오정동
8830e0aa97fffff,20:00:00,8830e0af6dfffff,72,76.36,26.36,인천 계양구 계산동
8830e0aa97fffff,20:20:00,8830e0a1b1fffff,15,69.8,25.99,경기 부천시 오정동
8830e0aa97fffff,20:20:00,8830e0af6dfffff,74,55.95,25.58,인천 계양구 계산동
8830e0aa97fffff,20:40:00,8830e0af6dfffff,90,51.72,20.94,인천 계양구 계산동
8830e0aa97fffff,21:00:00,8830e0a1b1fffff,13,54.69,29.21,경기 부천시 오정동
8830e0aa97fffff,21:00:00,8830e0af6dfffff,87,72.17,21.07,인천 계양구 계산동
8830e0aa97fffff,21:20:00,8830e0a1b1fffff,13,151.15,23.86,경기 부천시 오정동
8830e0aa97fffff,21:20:00,8830e0af6dfffff,59,64.27,24.41,인천 계양구 계산동
8830e0aa97fffff,21:40:00,8830e0a1b1fffff,20,58.45,28.32,경기 부천시 오정동
8830e0aa97fffff,21:40:00,8830e0af6dfffff,63,53.25,19.67,인천 계양구 계산동
8830e0aa97fffff,22:00:00,8830e0af6dfffff,53,50.66,19.91,인천 계양구 계산동
8830e0aa97fffff,22:20:00,8830e0af6dfffff,41,52.41,18.91,인천 계양구 계산동
8830e0aa97fffff,22:40:00,8830e0af6dfffff,37,57.11,19.12,인천 계양구 계산동
8830e0aa97fffff,23:00:00,8830e0af6dfffff,60,46.35,14.66,인천 계양구 계산동
8830e0aa97fffff,23:20:00,8830e0af6dfffff,34,35.03,17.68,인천 계양구 계산동
8830e0aa99fffff,9:00:00,8830e0af6dfffff,15,56.47,30.16,인천 계양구 계산동
8830e0aa99fffff,9:20:00,8830e0af0bfffff,10,55.0,21.32,경기 부천시 중동
8830e0aa99fffff,10:00:00,8830e0af6dfffff,12,96.83,17.81,인천 계양구 계산동
8830e0aa99fffff,13:40:00,8830e0af0bfffff,10,55.9,43.52,경기 부천시 중동
8830e0aa99fffff,14:00:00,8830e0af6dfffff,12,145.58,36.12,인천 계양구 계산동
8830e0aa99fffff,15:20:00,8830e0af6dfffff,13,60.69,18.74,인천 계양구 계산동
8830e0aa99fffff,15:40:00,8830e0af6dfffff,10,52.9,25.53,인천 계양구 계산동
8830e0aa99fffff,17:00:00,8830e0af0bfffff,11,49.73,33.38,경기 부천시 중동
8830e0aa99fffff,17:00:00,8830e0af6dfffff,10,48.6,25.07,인천 계양구 계산동
8830e0aa99fffff,17:20:00,8830e0af6dfffff,10,48.8,19.79,인천 계양구 계산동
8830e0aa9bfffff,0:00:00,8830e0af6dfffff,16,78.13,26.51,인천 계양구 계산동
8830e0aa9bfffff,8:40:00,8830e0af0bfffff,13,61.31,26.52,경기 부천시 중동
8830e0aa9bfffff,9:00:00,8830e0af6dfffff,10,54.6,19.85,인천 계양구 계산동
8830e0aa9bfffff,11:20:00,8830e0af6dfffff,17,139.24,23.52,인천 계양구 계산동
8830e0aa9bfffff,11:40:00,8830e0af0bfffff,11,73.36,25.93,경기 부천시 중동
8830e0aa9bfffff,11:40:00,8830e0af6dfffff,10,74.7,28.3,인천 계양구 계산동
8830e0aa9bfffff,12:00:00,8830e0af6dfffff,10,64.3,21.27,인천 계양구 계산동
8830e0aa9bfffff,13:00:00,8830e0af6dfffff,22,66.82,19.98,인천 계양구 계산동
8830e0aa9bfffff,13:20:00,8830e0af6dfffff,13,60.23,21.16,인천 계양구 계산동
8830e0aa9bfffff,13:40:00,8830e0af6dfffff,11,55.09,15.82,인천 계양구 계산동
8830e0aa9bfffff,14:00:00,8830e0af6dfffff,11,43.82,18.04,인천 계양구 계산동
8830e0aa9bfffff,14:20:00,8830e0a1b1fffff,19,62.74,29.37,경기 부천시 오정동
8830e0aa9bfffff,14:40:00,8830e0af0bfffff,10,75.4,59.28,경기 부천시 중동
8830e0aa9bfffff,14:40:00,8830e0af6dfffff,10,54.9,19.92,인천 계양구 계산동
8830e0aa9bfffff,15:00:00,8830e0af6dfffff,12,51.25,26.51,인천 계양구 계산동
8830e0aa9bfffff,15:20:00,8830e0a1b1fffff,10,76.4,30.08,경기 부천시 오정동
8830e0aa9bfffff,16:00:00,8830e0af6dfffff,13,74.08,23.71,인천 계양구 계산동
8830e0aa9bfffff,16:40:00,8830e0af6dfffff,13,56.15,23.66,인천 계양구 계산동
8830e0aa9bfffff,17:00:00,8830e0af6dfffff,13,39.85,22.0,인천 계양구 계산동
8830e0aa9bfffff,17:20:00,8830e0af0bfffff,10,128.0,17.98,경기 부천시 중동
8830e0aa9bfffff,17:20:00,8830e0af6dfffff,16,56.81,18.83,인천 계양구 계산동
8830e0aa9bfffff,17:40:00,8830e0af6dfffff,15,54.13,23.6,인천 계양구 계산동
8830e0aa9bfffff,18:00:00,8830e0af6dfffff,12,49.83,25.71,인천 계양구 계산동
8830e0aa9bfffff,18:20:00,8830e0af6dfffff,10,39.4,23.65,인천 계양구 계산동
8830e0aa9bfffff,19:00:00,8830e0af6dfffff,10,223.5,21.41,인천 계양구 계산동
8830e0aa9dfffff,8:00:00,8830e0a1b1fffff,14,45.29,30.17,경기 부천시 오정동
8830e0aa9dfffff,8:00:00,8830e0af6dfffff,14,62.79,23.9,인천 계양구 계산동
8830e0aa9dfffff,8:20:00,8830e0af6dfffff,14,60.5,19.34,인천 계양구 계산동
8830e0aa9dfffff,8:40:00,8830e0a1b1fffff,10,75.7,20.62,경기 부천시 오정동
8830e0aa9dfffff,8:40:00,8830e0af6dfffff,14,67.07,18.45,인천 계양구 계산동
8830e0aa9dfffff,9:00:00,8830e0af6dfffff,17,42.53,18.26,인천 계양구 계산동
8830e0aa9dfffff,9:20:00,8830e0af6dfffff,20,65.95,20.54,인천 계양구 계산동
8830e0aa9dfffff,9:40:00,8830e0af6dfffff,12,51.33,17.26,인천 계양구 계산동
8830e0aa9dfffff,10:00:00,8830e0af6dfffff,12,52.0,20.84,인천 계양구 계산동
8830e0aa9dfffff,10:20:00,8830e0af6dfffff,12,45.58,17.25,인천 계양구 계산동
8830e0aa9dfffff,10:40:00,8830e0af6dfffff,12,49.67,21.77,인천 계양구 계산동
8830e0aa9dfffff,11:20:00,8830e0af6dfffff,22,69.09,24.71,인천 계양구 계산동
8830e0aa9dfffff,11:40:00,8830e0af6dfffff,20,62.15,20.88,인천 계양구 계산동
8830e0aa9dfffff,12:00:00,8830e0af0bfffff,16,56.5,27.41,경기 부천시 중동
8830e0aa9dfffff,12:00:00,8830e0af6dfffff,13,60.54,16.81,인천 계양구 계산동
8830e0aa9dfffff,12:20:00,8830e0af6dfffff,17,52.76,20.22,인천 계양구 계산동
8830e0aa9dfffff,12:40:00,8830e0af6dfffff,11,51.18,20.14,인천 계양구 계산동
8830e0aa9dfffff,13:00:00,8830e0af0bfffff,10,62.4,27.09,경기 부천시 중동
8830e0aa9dfffff,13:00:00,8830e0af6dfffff,22,51.73,19.43,인천 계양구 계산동
8830e0aa9dfffff,13:20:00,8830e0a1b1fffff,14,46.5,22.56,경기 부천시 오정동
8830e0aa9dfffff,13:20:00,8830e0af6dfffff,18,52.11,20.86,인천 계양구 계산동
8830e0aa9dfffff,13:40:00,8830e0af6dfffff,15,54.93,19.57,인천 계양구 계산동
8830e0aa9dfffff,14:00:00,8830e0af6dfffff,19,64.21,18.39,인천 계양구 계산동
8830e0aa9dfffff,14:20:00,8830e0af6dfffff,21,66.95,21.53,인천 계양구 계산동
8830e0aa9dfffff,14:40:00,8830e0af6dfffff,13,65.85,17.72,인천 계양구 계산동
8830e0aa9dfffff,15:00:00,8830e0af6dfffff,12,126.67,20.36,인천 계양구 계산동
8830e0aa9dfffff,15:20:00,8830e0af6dfffff,15,59.4,18.85,인천 계양구 계산동
8830e0aa9dfffff,15:40:00,8830e0af6dfffff,13,54.0,15.33,인천 계양구 계산동
8830e0aa9dfffff,16:00:00,8830e0af6dfffff,10,45.7,22.03,인천 계양구 계산동
8830e0aa9dfffff,16:20:00,8830e0af6dfffff,18,57.94,18.9,인천 계양구 계산동
8830e0aa9dfffff,16:40:00,8830e0af6dfffff,14,85.07,46.07,인천 계양구 계산동
8830e0aa9dfffff,18:00:00,8830e0af6dfffff,20,59.55,19.94,인천 계양구 계산동
8830e0aa9dfffff,18:20:00,8830e0af6dfffff,18,60.5,19.64,인천 계양구 계산동
8830e0aa9dfffff,18:40:00,8830e0af6dfffff,13,45.08,22.09,인천 계양구 계산동
8830e0aaa1fffff,6:40:00,8830e0a1b1fffff,12,53.08,33.78,경기 부천시 오정동
8830e0aaa1fffff,8:00:00,8830e0af0bfffff,16,110.69,30.28,경기 부천시 중동
8830e0aaa1fffff,8:20:00,8830e0af0bfffff,11,44.18,25.55,경기 부천시 중동
8830e0aaa1fffff,9:20:00,8830e0af6dfffff,11,78.91,25.17,인천 계양구 계산동
8830e0aaa1fffff,9:40:00,8830e0af6dfffff,11,51.18,26.87,인천 계양구 계산동
8830e0aaa1fffff,10:00:00,8830e0af0bfffff,10,55.5,28.99,경기 부천시 중동
8830e0aaa1fffff,10:20:00,8830e0af6dfffff,12,50.83,25.49,인천 계양구 계산동
8830e0aaa1fffff,12:00:00,8830e0af6dfffff,16,54.56,22.81,인천 계양구 계산동
8830e0aaa1fffff,12:40:00,8830e0af6dfffff,10,50.9,24.74,인천 계양구 계산동
8830e0aaa1fffff,13:20:00,8830e0af6dfffff,17,60.12,22.74,인천 계양구 계산동
8830e0aaa1fffff,14:00:00,8830e0af6dfffff,12,73.17,21.09,인천 계양구 계산동
8830e0aaa1fffff,15:40:00,8830e0af6dfffff,10,65.8,24.41,인천 계양구 계산동
8830e0aaa1fffff,16:40:00,8830e0af6dfffff,11,80.27,27.44,인천 계양구 계산동
8830e0aaa3fffff,8:00:00,8830e0af6dfffff,11,44.55,22.7,인천 계양구 계산동
8830e0aaa3fffff,8:20:00,8830e0af6dfffff,16,47.44,40.26,인천 계양구 계산동
8830e0aaa3fffff,11:40:00,8830e0af6dfffff,13,71.62,25.94,인천 계양구 계산동
8830e0aaa5fffff,9:20:00,8830e0af6dfffff,10,68.2,33.08,인천 계양구 계산동
8830e0aaa5fffff,13:00:00,8830e0af6dfffff,12,105.83,29.86,인천 계양구 계산동
8830e0aaa5fffff,18:20:00,8830e0af6dfffff,10,44.6,30.53,인천 계양구 계산동
8830e0aaa7fffff,9:00:00,8830e0af0bfffff,11,56.27,25.22,경기 부천시 중동
8830e0aaa7fffff,10:40:00,8830e0af0bfffff,10,52.8,35.87,경기 부천시 중동
8830e0aaa7fffff,11:40:00,8830e0af6dfffff,12,95.58,19.91,인천 계양구 계산동
8830e0aaa7fffff,12:40:00,8830e0af6dfffff,11,60.0,45.09,인천 계양구 계산동
8830e0aaa7fffff,14:20:00,8830e0af6dfffff,10,71.6,33.24,인천 계양구 계산동
8830e0aaa7fffff,17:00:00,8830e0af6dfffff,11,60.45,31.32,인천 계양구 계산동
8830e0aaa7fffff,20:00:00,8830e0af6dfffff,12,126.08,36.21,인천 계양구 계산동
8830e0aaabfffff,9:20:00,8830e0af6dfffff,10,71.7,21.71,인천 계양구 계산동
8830e0aaabfffff,11:40:00,8830e0af6dfffff,12,46.0,25.43,인천 계양구 계산동
8830e0aaadfffff,17:20:00,8830e0af6dfffff,10,61.4,24.82,인천 계양구 계산동
8830e0aaadfffff,17:40:00,8830e0af6dfffff,11,54.64,28.32,인천 계양구 계산동
8830e0aab1fffff,9:00:00,8830e0af6dfffff,11,78.91,24.85,인천 계양구 계산동
8830e0aab1fffff,9:40:00,8830e0af6dfffff,12,77.17,20.86,인천 계양구 계산동
8830e0aab1fffff,11:00:00,8830e0af6dfffff,10,44.7,25.23,인천 계양구 계산동
8830e0aab1fffff,11:20:00,8830e0af6dfffff,13,52.46,24.19,인천 계양구 계산동
8830e0aab1fffff,13:20:00,8830e0af6dfffff,15,71.0,23.27,인천 계양구 계산동
8830e0aab1fffff,13:40:00,8830e0af6dfffff,18,50.83,17.85,인천 계양구 계산동
8830e0aab1fffff,14:00:00,8830e0af6dfffff,11,60.64,26.75,인천 계양구 계산동
8830e0aab3fffff,0:00:00,8830e0af6dfffff,37,52.14,16.49,인천 계양구 계산동
8830e0aab3fffff,7:00:00,8830e0af6dfffff,10,219.3,19.67,인천 계양구 계산동
8830e0aab3fffff,7:20:00,8830e0af6dfffff,15,61.93,27.54,인천 계양구 계산동
8830e0aab3fffff,7:40:00,8830e0af6dfffff,17,162.53,38.57,인천 계양구 계산동
8830e0aab3fffff,8:00:00,8830e0af6dfffff,17,72.82,16.04,인천 계양구 계산동
8830e0aab3fffff,8:20:00,8830e0af6dfffff,25,103.4,20.71,인천 계양구 계산동
8830e0aab3fffff,8:40:00,8830e0af6dfffff,18,67.28,21.98,인천 계양구 계산동
8830e0aab3fffff,9:00:00,8830e0af6dfffff,24,75.63,28.59,인천 계양구 계산동
8830e0aab3fffff,9:20:00,8830e0af6dfffff,31,71.42,19.68,인천 계양구 계산동
8830e0aab3fffff,9:40:00,8830e0af6dfffff,17,76.12,29.86,인천 계양구 계산동
8830e0aab3fffff,10:00:00,8830e0af6dfffff,29,63.38,17.93,인천 계양구 계산동
8830e0aab3fffff,10:20:00,8830e0af6dfffff,27,130.78,17.42,인천 계양구 계산동
8830e0aab3fffff,10:40:00,8830e0af6dfffff,41,84.73,19.89,인천 계양구 계산동
8830e0aab3fffff,11:00:00,8830e0af6dfffff,23,75.91,21.66,인천 계양구 계산동
8830e0aab3fffff,11:20:00,8830e0af6dfffff,24,66.67,20.94,인천 계양구 계산동
8830e0aab3fffff,11:40:00,8830e0af6dfffff,30,73.57,16.49,인천 계양구 계산동
8830e0aab3fffff,12:00:00,8830e0af6dfffff,37,66.05,17.96,인천 계양구 계산동
8830e0aab3fffff,12:20:00,8830e0af6dfffff,21,47.76,19.98,인천 계양구 계산동
8830e0aab3fffff,12:40:00,8830e0af6dfffff,22,83.73,19.06,인천 계양구 계산동
8830e0aab3fffff,13:00:00,8830e0af6dfffff,21,85.05,27.47,인천 계양구 계산동
8830e0aab3fffff,13:20:00,8830e0af6dfffff,42,74.83,20.16,인천 계양구 계산동
8830e0aab3fffff,13:40:00,8830e0af6dfffff,44,60.61,19.33,인천 계양구 계산동
8830e0aab3fffff,14:00:00,8830e0af6dfffff,36,73.17,23.71,인천 계양구 계산동
8830e0aab3fffff,14:20:00,8830e0af6dfffff,28,63.68,21.44,인천 계양구 계산동
8830e0aab3fffff,14:40:00,8830e0af6dfffff,33,61.03,20.31,인천 계양구 계산동
8830e0aab3fffff,15:00:00,8830e0af6dfffff,30,60.77,23.19,인천 계양구 계산동
8830e0aab3fffff,15:20:00,8830e0af6dfffff,27,59.89,22.36,인천 계양구 계산동
8830e0aab3fffff,15:40:00,8830e0af6dfffff,38,64.63,18.26,인천 계양구 계산동
8830e0aab3fffff,16:00:00,8830e0af6dfffff,35,54.03,19.25,인천 계양구 계산동
8830e0aab3fffff,16:20:00,8830e0af6dfffff,45,54.4,20.6,인천 계양구 계산동
8830e0aab3fffff,16:40:00,8830e0af6dfffff,21,58.57,24.07,인천 계양구 계산동
8830e0aab3fffff,17:00:00,8830e0af6dfffff,40,66.98,23.1,인천 계양구 계산동
8830e0aab3fffff,17:20:00,8830e0af6dfffff,29,67.31,26.44,인천 계양구 계산동
8830e0aab3fffff,17:40:00,8830e0af6dfffff,14,83.29,15.23,인천 계양구 계산동
8830e0aab3fffff,18:00:00,8830e0af6dfffff,19,77.89,18.68,인천 계양구 계산동
8830e0aab3fffff,18:20:00,8830e0af6dfffff,14,46.86,18.3,인천 계양구 계산동
8830e0aab3fffff,18:40:00,8830e0af6dfffff,13,48.31,20.11,인천 계양구 계산동
8830e0aab3fffff,19:00:00,8830e0af6dfffff,19,84.32,12.56,인천 계양구 계산동
8830e0aab3fffff,19:20:00,8830e0af6dfffff,17,80.76,33.98,인천 계양구 계산동
8830e0aab3fffff,19:40:00,8830e0af6dfffff,15,45.8,25.69,인천 계양구 계산동
8830e0aab3fffff,20:00:00,8830e0af6dfffff,11,38.09,15.12,인천 계양구 계산동
8830e0aab3fffff,20:20:00,8830e0af6dfffff,11,68.27,12.74,인천 계양구 계산동
8830e0aab3fffff,20:40:00,8830e0af6dfffff,12,64.0,15.95,인천 계양구 계산동
8830e0aab3fffff,21:00:00,8830e0af6dfffff,11,57.64,13.48,인천 계양구 계산동
8830e0aab5fffff,12:00:00,8830e0af6dfffff,10,50.6,21.25,인천 계양구 계산동
8830e0aab5fffff,17:40:00,8830e0a1b1fffff,13,48.62,19.39,경기 부천시 오정동
8830e0aab5fffff,17:40:00,8830e0af6dfffff,14,107.64,20.23,인천 계양구 계산동
8830e0aab9fffff,8:00:00,8830e0af0bfffff,15,46.8,28.05,경기 부천시 중동
8830e0aab9fffff,8:20:00,8830e0af6dfffff,10,53.2,26.84,인천 계양구 계산동
8830e0aab9fffff,9:40:00,8830e0af6dfffff,11,54.09,16.75,인천 계양구 계산동
8830e0aab9fffff,10:00:00,8830e0af6dfffff,11,70.0,21.41,인천 계양구 계산동
8830e0aab9fffff,10:40:00,8830e0af6dfffff,16,63.0,28.25,인천 계양구 계산동
8830e0aab9fffff,11:00:00,8830e0af6dfffff,23,54.17,18.64,인천 계양구 계산동
8830e0aab9fffff,11:20:00,8830e0af6dfffff,13,74.62,28.21,인천 계양구 계산동
8830e0aab9fffff,11:40:00,8830e0af6dfffff,16,67.38,17.83,인천 계양구 계산동
8830e0aab9fffff,12:00:00,8830e0af6dfffff,14,66.29,19.51,인천 계양구 계산동
8830e0aab9fffff,12:20:00,8830e0af6dfffff,11,68.45,24.32,인천 계양구 계산동
8830e0aab9fffff,12:40:00,8830e0af6dfffff,14,84.64,18.91,인천 계양구 계산동
8830e0aab9fffff,13:00:00,8830e0af6dfffff,17,67.47,15.38,인천 계양구 계산동
8830e0aab9fffff,13:20:00,8830e0af6dfffff,23,58.52,15.88,인천 계양구 계산동
8830e0aab9fffff,13:40:00,8830e0af6dfffff,13,61.08,17.58,인천 계양구 계산동
8830e0aab9fffff,14:00:00,8830e0af6dfffff,15,57.47,22.34,인천 계양구 계산동
8830e0aab9fffff,14:20:00,8830e0af6dfffff,18,58.72,16.52,인천 계양구 계산동
8830e0aab9fffff,14:40:00,8830e0af6dfffff,13,64.23,17.33,인천 계양구 계산동
8830e0aab9fffff,15:00:00,8830e0af6dfffff,16,57.06,23.07,인천 계양구 계산동
8830e0aab9fffff,15:20:00,8830e0af6dfffff,16,61.31,15.67,인천 계양구 계산동
8830e0aab9fffff,15:40:00,8830e0af6dfffff,12,71.5,28.22,인천 계양구 계산동
8830e0aab9fffff,16:00:00,8830e0af6dfffff,18,59.72,22.69,인천 계양구 계산동
8830e0aab9fffff,16:20:00,8830e0af6dfffff,11,60.45,21.55,인천 계양구 계산동
8830e0aab9fffff,16:40:00,8830e0af6dfffff,13,81.85,19.93,인천 계양구 계산동
8830e0aab9fffff,17:00:00,8830e0af6dfffff,18,53.67,18.62,인천 계양구 계산동
8830e0aab9fffff,17:40:00,8830e0af6dfffff,13,52.92,24.64,인천 계양구 계산동
8830e0aab9fffff,18:00:00,8830e0af6dfffff,15,52.13,17.81,인천 계양구 계산동
8830e0aab9fffff,18:20:00,8830e0af6dfffff,12,51.5,26.36,인천 계양구 계산동
8830e0aabbfffff,0:00:00,8830e0af6dfffff,72,49.82,16.67,인천 계양구 계산동
8830e0aabbfffff,0:40:00,8830e0af6dfffff,16,86.13,16.13,인천 계양구 계산동
8830e0aabbfffff,1:00:00,8830e0af6dfffff,11,46.36,22.8,인천 계양구 계산동
8830e0aabbfffff,2:40:00,8830e0af6dfffff,10,39.9,24.37,인천 계양구 계산동
8830e0aabbfffff,3:00:00,8830e0af6dfffff,11,99.82,32.38,인천 계양구 계산동
8830e0aabbfffff,3:20:00,8830e0af6dfffff,15,86.0,24.53,인천 계양구 계산동
8830e0aabbfffff,5:00:00,8830e0af6dfffff,11,75.55,28.48,인천 계양구 계산동
8830e0aabbfffff,5:40:00,8830e0af6dfffff,16,84.19,28.0,인천 계양구 계산동
8830e0aabbfffff,6:00:00,8830e0af6dfffff,19,147.68,28.39,인천 계양구 계산동
8830e0aabbfffff,6:20:00,8830e0af6dfffff,16,91.88,22.52,인천 계양구 계산동
8830e0aabbfffff,7:00:00,8830e0af6dfffff,12,137.0,18.82,인천 계양구 계산동
8830e0aabbfffff,7:20:00,8830e0af6dfffff,26,76.12,21.81,인천 계양구 계산동
8830e0aabbfffff,7:40:00,8830e0af6dfffff,18,253.72,20.27,인천 계양구 계산동
8830e0aabbfffff,8:00:00,8830e0af6dfffff,19,83.84,24.24,인천 계양구 계산동
8830e0aabbfffff,8:20:00,8830e0af6dfffff,31,69.35,23.01,인천 계양구 계산동
8830e0aabbfffff,8:40:00,8830e0af6dfffff,48,81.33,23.97,인천 계양구 계산동
8830e0aabbfffff,9:00:00,8830e0af6dfffff,58,73.26,24.82,인천 계양구 계산동
8830e0aabbfffff,9:20:00,8830e0af6dfffff,59,59.49,22.67,인천 계양구 계산동
8830e0aabbfffff,9:40:00,8830e0af6dfffff,49,99.43,25.79,인천 계양구 계산동
8830e0aabbfffff,10:00:00,8830e0af6dfffff,61,59.74,24.61,인천 계양구 계산동
8830e0aabbfffff,10:20:00,8830e0af6dfffff,53,63.79,28.28,인천 계양구 계산동
8830e0aabbfffff,10:40:00,8830e0af6dfffff,53,71.91,25.74,인천 계양구 계산동
8830e0aabbfffff,11:00:00,8830e0af6dfffff,41,103.76,24.25,인천 계양구 계산동
8830e0aabbfffff,11:20:00,8830e0af6dfffff,55,73.56,23.14,인천 계양구 계산동
8830e0aabbfffff,11:40:00,8830e0af6dfffff,50,64.62,23.13,인천 계양구 계산동
8830e0aabbfffff,12:00:00,8830e0af6dfffff,52,65.88,21.72,인천 계양구 계산동
8830e0aabbfffff,12:20:00,8830e0af6dfffff,65,63.65,22.26,인천 계양구 계산동
8830e0aabbfffff,12:40:00,8830e0af6dfffff,50,61.92,23.71,인천 계양구 계산동
8830e0aabbfffff,13:00:00,8830e0af6dfffff,66,74.23,23.17,인천 계양구 계산동
8830e0aabbfffff,13:20:00,8830e0af6dfffff,58,74.05,22.99,인천 계양구 계산동
8830e0aabbfffff,13:40:00,8830e0af6dfffff,77,69.7,23.0,인천 계양구 계산동
8830e0aabbfffff,14:00:00,8830e0af6dfffff,73,67.52,22.23,인천 계양구 계산동
8830e0aabbfffff,14:20:00,8830e0af6dfffff,71,77.51,20.04,인천 계양구 계산동
8830e0aabbfffff,14:40:00,8830e0af6dfffff,52,59.63,21.03,인천 계양구 계산동
8830e0aabbfffff,15:00:00,8830e0af6dfffff,66,70.76,23.68,인천 계양구 계산동
8830e0aabbfffff,15:20:00,8830e0af6dfffff,57,68.07,22.83,인천 계양구 계산동
8830e0aabbfffff,15:40:00,8830e0af6dfffff,61,58.54,22.7,인천 계양구 계산동
8830e0aabbfffff,16:00:00,8830e0af6dfffff,63,59.86,18.74,인천 계양구 계산동
8830e0aabbfffff,16:20:00,8830e0af6dfffff,51,57.0,23.34,인천 계양구 계산동
8830e0aabbfffff,16:40:00,8830e0a1b1fffff,10,50.3,29.04,경기 부천시 오정동
8830e0aabbfffff,16:40:00,8830e0af6dfffff,47,63.96,22.31,인천 계양구 계산동
8830e0aabbfffff,17:00:00,8830e0af6dfffff,35,56.17,22.43,인천 계양구 계산동
8830e0aabbfffff,17:20:00,8830e0af6dfffff,52,73.6,21.38,인천 계양구 계산동
8830e0aabbfffff,17:40:00,8830e0af6dfffff,34,71.85,20.23,인천 계양구 계산동
8830e0aabbfffff,18:00:00,8830e0af6dfffff,32,59.81,22.39,인천 계양구 계산동
8830e0aabbfffff,18:20:00,8830e0af6dfffff,38,79.47,23.89,인천 계양구 계산동
8830e0aabbfffff,18:40:00,8830e0af6dfffff,44,56.55,21.15,인천 계양구 계산동
8830e0aabbfffff,19:00:00,8830e0af6dfffff,45,61.87,24.56,인천 계양구 계산동
8830e0aabbfffff,19:20:00,8830e0af6dfffff,31,58.58,20.72,인천 계양구 계산동
8830e0aabbfffff,19:40:00,8830e0af6dfffff,38,69.79,23.62,인천 계양구 계산동
8830e0aabbfffff,20:00:00,8830e0af6dfffff,29,52.66,35.35,인천 계양구 계산동
8830e0aabbfffff,20:20:00,8830e0af6dfffff,38,63.79,21.08,인천 계양구 계산동
8830e0aabbfffff,20:40:00,8830e0af6dfffff,43,60.63,26.72,인천 계양구 계산동
8830e0aabbfffff,21:00:00,8830e0af6dfffff,27,68.33,23.7,인천 계양구 계산동
8830e0aabbfffff,21:20:00,8830e0af6dfffff,36,64.44,24.15,인천 계양구 계산동
8830e0aabbfffff,21:40:00,8830e0af6dfffff,16,61.44,16.99,인천 계양구 계산동
8830e0aabbfffff,22:00:00,8830e0af6dfffff,39,49.87,20.28,인천 계양구 계산동
8830e0aabbfffff,22:20:00,8830e0af6dfffff,12,56.25,23.54,인천 계양구 계산동
8830e0aabbfffff,22:40:00,8830e0af6dfffff,13,57.23,23.07,인천 계양구 계산동
8830e0aabbfffff,23:00:00,8830e0af6dfffff,31,49.1,19.68,인천 계양구 계산동
8830e0aabbfffff,23:20:00,8830e0af6dfffff,24,36.21,14.12,인천 계양구 계산동
8830e0aabdfffff,9:00:00,8830e0af6dfffff,10,48.5,20.07,인천 계양구 계산동
8830e0aabdfffff,9:40:00,8830e0af6dfffff,11,47.91,19.56,인천 계양구 계산동
8830e0aabdfffff,12:40:00,8830e0af6dfffff,12,78.83,19.41,인천 계양구 계산동
8830e0aabdfffff,14:40:00,8830e0af6dfffff,13,66.23,26.18,인천 계양구 계산동
8830e0aacdfffff,17:20:00,8830e0af0bfffff,10,131.5,34.47,경기 부천시 중동
8830e0aad1fffff,16:40:00,8830e0af6dfffff,10,48.5,25.61,인천 계양구 계산동
8830e0aad1fffff,17:00:00,8830e0af6dfffff,14,69.79,17.38,인천 계양구 계산동
8830e0aad3fffff,7:20:00,8830e0a1b1fffff,11,40.64,22.42,경기 부천시 오정동
8830e0aad3fffff,8:00:00,8830e0af6dfffff,13,48.54,19.17,인천 계양구 계산동
8830e0aad3fffff,8:40:00,8830e0af6dfffff,10,55.4,28.01,인천 계양구 계산동
8830e0aad3fffff,9:40:00,8830e0af0bfffff,13,56.23,26.97,경기 부천시 중동
8830e0aad3fffff,11:00:00,8830e0af6dfffff,10,76.9,28.59,인천 계양구 계산동
8830e0aad3fffff,11:20:00,8830e0af6dfffff,15,55.8,23.59,인천 계양구 계산동
8830e0aad3fffff,13:00:00,8830e0af6dfffff,13,65.77,31.63,인천 계양구 계산동
8830e0aad3fffff,13:20:00,8830e0af6dfffff,17,55.12,27.09,인천 계양구 계산동
8830e0aad3fffff,13:40:00,8830e0a1b1fffff,10,60.0,28.75,경기 부천시 오정동
8830e0aad3fffff,13:40:00,8830e0af6dfffff,11,62.36,23.29,인천 계양구 계산동
8830e0aad3fffff,14:20:00,8830e0af6dfffff,11,59.18,24.77,인천 계양구 계산동
8830e0aad3fffff,14:40:00,8830e0af6dfffff,10,72.9,26.02,인천 계양구 계산동
8830e0aad3fffff,15:00:00,8830e0af6dfffff,11,115.09,22.55,인천 계양구 계산동
8830e0aad3fffff,15:20:00,8830e0af6dfffff,10,51.6,22.85,인천 계양구 계산동
8830e0aad3fffff,15:40:00,8830e0af6dfffff,12,81.17,23.81,인천 계양구 계산동
8830e0aad3fffff,16:00:00,8830e0a1b1fffff,13,154.38,22.19,경기 부천시 오정동
8830e0aad3fffff,16:20:00,8830e0a1b1fffff,10,76.7,23.79,경기 부천시 오정동
8830e0aad3fffff,16:20:00,8830e0af6dfffff,10,73.0,23.8,인천 계양구 계산동
8830e0aad3fffff,16:40:00,8830e0a1b1fffff,11,59.27,27.54,경기 부천시 오정동
8830e0aad3fffff,16:40:00,8830e0af6dfffff,16,77.69,27.3,인천 계양구 계산동
8830e0aad3fffff,17:00:00,8830e0a1b1fffff,17,64.59,25.33,경기 부천시 오정동
8830e0aad3fffff,17:00:00,8830e0af0bfffff,12,132.0,25.01,경기 부천시 중동
8830e0aad3fffff,17:00:00,8830e0af6dfffff,14,53.07,26.95,인천 계양구 계산동
8830e0aad3fffff,17:20:00,8830e0af6dfffff,25,66.44,31.34,인천 계양구 계산동
8830e0aad3fffff,17:40:00,8830e0af6dfffff,17,61.12,26.08,인천 계양구 계산동
8830e0aad3fffff,18:00:00,8830e0a1b1fffff,20,50.4,20.99,경기 부천시 오정동
8830e0aad3fffff,18:00:00,8830e0af6dfffff,23,50.83,26.12,인천 계양구 계산동
8830e0aad3fffff,20:00:00,8830e0a1b1fffff,11,61.09,18.31,경기 부천시 오정동
8830e0aad5fffff,9:20:00,8830e0af6dfffff,11,49.18,21.95,인천 계양구 계산동
8830e0aad7fffff,7:00:00,8830e0a1b1fffff,20,39.75,26.78,경기 부천시 오정동
8830e0aad7fffff,9:00:00,8830e0af6dfffff,12,42.33,19.69,인천 계양구 계산동
8830e0aad7fffff,9:20:00,8830e0af6dfffff,12,47.92,19.02,인천 계양구 계산동
8830e0aad7fffff,11:00:00,8830e0af6dfffff,10,54.9,18.57,인천 계양구 계산동
8830e0aad7fffff,13:20:00,8830e0af0bfffff,10,49.1,23.49,경기 부천시 중동
8830e0aad7fffff,13:40:00,8830e0af6dfffff,11,63.09,20.8,인천 계양구 계산동
8830e0aad7fffff,14:20:00,8830e0af0bfffff,12,63.08,27.3,경기 부천시 중동
8830e0aad7fffff,19:00:00,8830e0af6dfffff,10,54.5,32.45,인천 계양구 계산동
8830e0aadbfffff,16:40:00,8830e0a1b1fffff,15,64.33,29.68,경기 부천시 오정동
8830e0aadbfffff,17:00:00,8830e0a1b1fffff,10,211.2,24.54,경기 부천시 오정동
8830e0aadbfffff,17:00:00,8830e0af0bfffff,10,51.8,45.45,경기 부천시 중동
8830e0aadbfffff,17:00:00,8830e0af6dfffff,10,41.5,34.73,인천 계양구 계산동
8830e0aadbfffff,17:40:00,8830e0a1b1fffff,18,56.89,23.89,경기 부천시 오정동
8830e0aadbfffff,18:00:00,8830e0a1b1fffff,12,171.33,16.12,경기 부천시 오정동
8830e0aadbfffff,18:00:00,8830e0af6dfffff,18,108.56,13.52,인천 계양구 계산동
8830e0aadbfffff,18:20:00,8830e0a1b1fffff,10,44.1,22.6,경기 부천시 오정동
8830e0aae1fffff,9:00:00,8830e0af6dfffff,12,56.83,25.99,인천 계양구 계산동
8830e0aae1fffff,16:00:00,8830e0af6dfffff,10,53.0,23.98,인천 계양구 계산동
8830e0aae1fffff,17:20:00,8830e0af6dfffff,10,52.7,29.74,인천 계양구 계산동
8830e0aae1fffff,17:40:00,8830e0af6dfffff,10,145.2,24.83,인천 계양구 계산동
8830e0aae1fffff,18:00:00,8830e0af6dfffff,10,41.9,26.88,인천 계양구 계산동
8830e0aae1fffff,18:20:00,8830e0a1b1fffff,10,64.1,32.54,경기 부천시 오정동
8830e0aae3fffff,9:00:00,8830e0af6dfffff,11,38.09,32.93,인천 계양구 계산동
8830e0aae5fffff,17:20:00,8830e0a1b1fffff,10,84.1,28.08,경기 부천시 오정동
8830e0aae5fffff,17:40:00,8830e0a1b1fffff,12,54.58,46.64,경기 부천시 오정동
8830e0aae5fffff,18:00:00,8830e0af6dfffff,11,55.09,26.01,인천 계양구 계산동
8830e0aae5fffff,18:20:00,8830e0a1b1fffff,10,49.5,36.72,경기 부천시 오정동
8830e0aae7fffff,17:20:00,8830e0a1b1fffff,11,70.09,25.26,경기 부천시 오정동
8830e0aae7fffff,17:20:00,8830e0af6dfffff,11,73.45,26.47,인천 계양구 계산동
8830e0aae9fffff,8:40:00,8830e0af0bfffff,10,38.8,42.22,경기 부천시 중동
8830e0aaebfffff,8:00:00,8830e0af6dfffff,12,39.08,27.2,인천 계양구 계산동
8830e0aaebfffff,9:20:00,8830e0af6dfffff,10,48.8,26.52,인천 계양구 계산동
8830e0aaebfffff,9:40:00,8830e0af6dfffff,10,49.0,23.54,인천 계양구 계산동
8830e0aaebfffff,11:00:00,8830e0af6dfffff,14,65.64,27.29,인천 계양구 계산동
8830e0aaebfffff,12:00:00,8830e0af6dfffff,14,43.29,27.14,인천 계양구 계산동
8830e0aaebfffff,13:00:00,8830e0af6dfffff,17,41.65,19.98,인천 계양구 계산동
8830e0aaebfffff,13:20:00,8830e0af6dfffff,12,62.0,28.9,인천 계양구 계산동
8830e0aaebfffff,17:40:00,8830e0af6dfffff,17,113.18,19.48,인천 계양구 계산동
8830e0aaebfffff,18:00:00,8830e0af6dfffff,10,47.4,26.95,인천 계양구 계산동
8830e0aaedfffff,18:20:00,8830e0a1b1fffff,10,48.6,40.16,경기 부천시 오정동
8830e0ab11fffff,8:00:00,8830e0af6dfffff,11,49.45,40.24,인천 계양구 계산동
8830e0ab11fffff,8:20:00,8830e0a1b1fffff,12,49.25,50.76,경기 부천시 오정동
8830e0ab11fffff,8:40:00,8830e0af6dfffff,10,47.1,46.11,인천 계양구 계산동
8830e0ab11fffff,9:00:00,8830e0af0bfffff,20,44.0,58.37,경기 부천시 중동
8830e0ab11fffff,9:00:00,8830e0af6dfffff,11,46.55,42.58,인천 계양구 계산동
8830e0ab19fffff,17:00:00,8830e0af6dfffff,11,60.91,38.26,인천 계양구 계산동
8830e0ab19fffff,17:40:00,8830e0af6dfffff,11,52.27,45.19,인천 계양구 계산동
8830e0ab19fffff,18:00:00,8830e0af6dfffff,11,44.91,44.39,인천 계양구 계산동
8830e0ab1bfffff,10:40:00,8830e0af6dfffff,10,58.7,45.16,인천 계양구 계산동
8830e0ab1bfffff,17:00:00,8830e0af6dfffff,10,94.9,35.55,인천 계양구 계산동
8830e0ab1bfffff,17:40:00,8830e0a1b1fffff,12,67.33,37.6,경기 부천시 오정동
8830e0ab1bfffff,17:40:00,8830e0af6dfffff,13,70.62,41.43,인천 계양구 계산동
8830e0ab1bfffff,18:00:00,8830e0af6dfffff,16,53.38,37.59,인천 계양구 계산동
8830e0ab53fffff,18:00:00,8830e0af6dfffff,10,60.0,41.53,인천 계양구 계산동
8830e0ac0bfffff,12:00:00,8830e0af0bfffff,10,50.7,16.58,경기 부천시 중동
8830e0ac13fffff,0:00:00,8830e0aea7fffff,11,103.27,26.23,서울 양천구 목동
8830e0ac13fffff,8:40:00,8830e0aea7fffff,10,48.4,19.55,서울 양천구 목동
8830e0ac1bfffff,0:00:00,8830e0aea7fffff,11,51.0,25.72,서울 양천구 목동
8830e0ac1bfffff,7:20:00,8830e0aea7fffff,16,131.13,37.27,서울 양천구 목동
8830e0ac1bfffff,7:40:00,8830e0aea7fffff,10,129.9,47.13,서울 양천구 목동
8830e0ac1bfffff,8:00:00,8830e0ae99fffff,11,39.09,33.94,서울 강서구 등촌동
8830e0ac1bfffff,8:00:00,8830e0aea7fffff,16,79.44,27.92,서울 양천구 목동
8830e0ac1bfffff,8:20:00,8830e0ac83fffff,14,46.43,28.54,서울 구로구 구로동
8830e0ac1bfffff,8:20:00,8830e0aea7fffff,16,144.63,32.42,서울 양천구 목동
8830e0ac1bfffff,8:40:00,8830e0aea7fffff,17,66.76,16.91,서울 양천구 목동
8830e0ac1bfffff,9:00:00,8830e0aea7fffff,16,71.75,27.59,서울 양천구 목동
8830e0ac1bfffff,9:20:00,8830e0aea7fffff,21,70.05,26.09,서울 양천구 목동
8830e0ac1bfffff,9:40:00,8830e0aea7fffff,21,66.86,44.64,서울 양천구 목동
8830e0ac1bfffff,10:00:00,8830e0aea7fffff,17,149.35,26.96,서울 양천구 목동
8830e0ac1bfffff,10:20:00,8830e0aea7fffff,28,103.18,30.36,서울 양천구 목동
8830e0ac1bfffff,10:40:00,8830e0aea7fffff,16,120.75,30.46,서울 양천구 목동
8830e0ac1bfffff,11:00:00,8830e0aea7fffff,15,60.2,24.04,서울 양천구 목동
8830e0ac1bfffff,11:20:00,8830e0aea7fffff,23,53.35,22.82,서울 양천구 목동
8830e0ac1bfffff,11:40:00,8830e0aea7fffff,23,106.52,32.94,서울 양천구 목동
8830e0ac1bfffff,12:00:00,8830e0aea7fffff,19,51.68,20.34,서울 양천구 목동
8830e0ac1bfffff,12:20:00,8830e0aea7fffff,13,64.08,29.05,서울 양천구 목동
8830e0ac1bfffff,12:40:00,8830e0aea7fffff,14,68.71,27.76,서울 양천구 목동
8830e0ac1bfffff,13:00:00,8830e0aea7fffff,21,53.33,26.96,서울 양천구 목동
8830e0ac1bfffff,13:20:00,8830e0aea7fffff,20,82.45,19.45,서울 양천구 목동
8830e0ac1bfffff,13:40:00,8830e0aea7fffff,12,54.25,35.2,서울 양천구 목동
8830e0ac1bfffff,14:00:00,8830e0aea7fffff,21,91.76,45.95,서울 양천구 목동
8830e0ac1bfffff,14:20:00,8830e0aea7fffff,18,58.06,17.66,서울 양천구 목동
8830e0ac1bfffff,14:40:00,8830e0aea7fffff,21,72.48,39.13,서울 양천구 목동
8830e0ac1bfffff,15:00:00,8830e0aea7fffff,22,54.5,18.24,서울 양천구 목동
8830e0ac1bfffff,15:20:00,8830e0aea7fffff,24,53.04,22.22,서울 양천구 목동
8830e0ac1bfffff,15:40:00,8830e0aea7fffff,17,48.65,24.37,서울 양천구 목동
8830e0ac1bfffff,16:00:00,8830e0aea7fffff,28,56.93,17.97,서울 양천구 목동
8830e0ac1bfffff,16:20:00,8830e0aea7fffff,24,48.75,22.81,서울 양천구 목동
8830e0ac1bfffff,16:40:00,8830e0aea7fffff,10,65.0,14.8,서울 양천구 목동
8830e0ac1bfffff,17:00:00,8830e0aea7fffff,14,58.93,55.32,서울 양천구 목동
8830e0ac1bfffff,17:20:00,8830e0aea7fffff,11,98.27,25.54,서울 양천구 목동
8830e0ac1bfffff,18:00:00,8830e0aea7fffff,12,54.67,22.09,서울 양천구 목동
8830e0ac1bfffff,20:20:00,8830e0aea7fffff,11,45.09,20.11,서울 양천구 목동
8830e0ac21fffff,7:00:00,8830e0ac83fffff,10,47.8,43.7,서울 구로구 구로동
8830e0ac21fffff,7:40:00,8830e0ac83fffff,13,70.15,35.52,서울 구로구 구로동
8830e0ac21fffff,8:20:00,8830e0ac83fffff,10,153.6,38.94,서울 구로구 구로동
8830e0ac21fffff,8:20:00,8830e0af0bfffff,10,71.6,25.85,경기 부천시 중동
8830e0ac21fffff,15:00:00,8830e0af0bfffff,13,62.92,28.05,경기 부천시 중동
8830e0ac21fffff,16:40:00,8830e0af0bfffff,10,54.1,26.85,경기 부천시 중동
8830e0ac21fffff,18:00:00,8830e0af0bfffff,10,49.8,30.11,경기 부천시 중동
8830e0ac21fffff,18:20:00,8830e0af0bfffff,11,70.73,30.78,경기 부천시 중동
8830e0ac23fffff,10:20:00,8830e0af0bfffff,10,91.8,46.5,경기 부천시 중동
8830e0ac23fffff,13:00:00,8830e0af0bfffff,14,77.86,23.01,경기 부천시 중동
8830e0ac23fffff,15:20:00,8830e0af0bfffff,10,55.0,36.25,경기 부천시 중동
8830e0ac25fffff,7:20:00,8830e0a1b1fffff,21,47.95,33.72,경기 부천시 오정동
8830e0ac25fffff,7:20:00,8830e0ac83fffff,13,88.69,35.05,서울 구로구 구로동
8830e0ac25fffff,7:20:00,8830e0af0bfffff,10,138.4,39.28,경기 부천시 중동
8830e0ac25fffff,8:00:00,8830e0ac83fffff,10,56.5,28.22,서울 구로구 구로동
8830e0ac25fffff,8:00:00,8830e0af0bfffff,11,50.0,28.13,경기 부천시 중동
8830e0ac25fffff,8:20:00,8830e0ac83fffff,20,43.25,37.29,서울 구로구 구로동
8830e0ac25fffff,8:40:00,8830e0af0bfffff,15,55.93,31.02,경기 부천시 중동
8830e0ac25fffff,9:00:00,8830e0af0bfffff,17,62.12,43.37,경기 부천시 중동
8830e0ac25fffff,9:20:00,8830e0af0bfffff,10,62.9,41.39,경기 부천시 중동
8830e0ac25fffff,9:40:00,8830e0af0bfffff,10,58.9,32.86,경기 부천시 중동
8830e0ac25fffff,12:20:00,8830e0af0bfffff,10,52.3,28.47,경기 부천시 중동
8830e0ac25fffff,13:00:00,8830e0af0bfffff,12,58.83,32.48,경기 부천시 중동
8830e0ac25fffff,13:40:00,8830e0af0bfffff,16,47.88,33.44,경기 부천시 중동
8830e0ac25fffff,14:00:00,8830e0af0bfffff,11,64.91,24.11,경기 부천시 중동
8830e0ac25fffff,16:40:00,8830e0af0bfffff,12,78.75,33.61,경기 부천시 중동
8830e0ac27fffff,7:00:00,8830e0a1b1fffff,10,44.1,36.21,경기 부천시 오정동
8830e0ac27fffff,7:40:00,8830e0ac83fffff,10,63.4,42.74,서울 구로구 구로동
8830e0ac27fffff,8:00:00,8830e0ac83fffff,22,44.14,50.58,서울 구로구 구로동
8830e0ac27fffff,8:20:00,8830e0ac83fffff,12,50.75,36.21,서울 구로구 구로동
8830e0ac27fffff,9:00:00,8830e0af0bfffff,12,50.5,31.66,경기 부천시 중동
8830e0ac27fffff,11:00:00,8830e0af0bfffff,11,43.27,27.07,경기 부천시 중동
8830e0ac27fffff,14:20:00,8830e0af0bfffff,13,69.92,30.66,경기 부천시 중동
8830e0ac27fffff,18:00:00,8830e0af0bfffff,10,45.1,29.99,경기 부천시 중동
8830e0ac2bfffff,8:20:00,8830e0a1b1fffff,10,41.7,22.67,경기 부천시 오정동
8830e0ac2bfffff,8:20:00,8830e0ac83fffff,13,42.0,35.96,서울 구로구 구로동
8830e0ac2bfffff,8:40:00,8830e0ac83fffff,11,56.0,27.18,서울 구로구 구로동
8830e0ac2bfffff,8:40:00,8830e0af0bfffff,11,57.09,25.78,경기 부천시 중동
8830e0ac2bfffff,9:20:00,8830e0ac83fffff,11,69.73,40.13,서울 구로구 구로동
8830e0ac2bfffff,11:20:00,8830e0af0bfffff,10,47.6,20.38,경기 부천시 중동
8830e0ac2bfffff,11:40:00,8830e0af0bfffff,14,46.0,27.37,경기 부천시 중동
8830e0ac2bfffff,12:00:00,8830e0af0bfffff,11,58.18,20.23,경기 부천시 중동
8830e0ac2bfffff,12:40:00,8830e0af0bfffff,12,105.83,28.9,경기 부천시 중동
8830e0ac2bfffff,13:00:00,8830e0af0bfffff,21,61.05,24.56,경기 부천시 중동
8830e0ac2bfffff,13:20:00,8830e0af0bfffff,20,49.9,27.61,경기 부천시 중동
8830e0ac2bfffff,13:40:00,8830e0af0bfffff,12,48.0,30.88,경기 부천시 중동
8830e0ac2bfffff,14:00:00,8830e0af0bfffff,10,143.2,21.94,경기 부천시 중동
8830e0ac2bfffff,14:20:00,8830e0af0bfffff,10,72.8,35.91,경기 부천시 중동
8830e0ac2bfffff,17:00:00,8830e0af0bfffff,15,133.07,26.59,경기 부천시 중동
8830e0ac2bfffff,17:40:00,8830e0af0bfffff,15,49.33,20.26,경기 부천시 중동
8830e0ac2bfffff,17:40:00,8830e0af6dfffff,10,48.2,25.96,인천 계양구 계산동
8830e0ac2dfffff,8:00:00,8830e0ac83fffff,12,67.33,53.91,서울 구로구 구로동
8830e0ac2dfffff,8:00:00,8830e0af0bfffff,15,47.67,31.62,경기 부천시 중동
8830e0ac2dfffff,8:20:00,8830e0af0bfffff,10,49.7,28.48,경기 부천시 중동
8830e0ac2dfffff,8:40:00,8830e0af0bfffff,11,51.55,26.39,경기 부천시 중동
8830e0ac2dfffff,9:00:00,8830e0af0bfffff,35,50.34,29.97,경기 부천시 중동
8830e0ac2dfffff,9:20:00,8830e0af0bfffff,21,45.14,27.02,경기 부천시 중동
8830e0ac2dfffff,10:00:00,8830e0af0bfffff,24,68.21,23.6,경기 부천시 중동
8830e0ac2dfffff,10:20:00,8830e0af0bfffff,12,61.17,33.93,경기 부천시 중동
8830e0ac2dfffff,11:00:00,8830e0af0bfffff,14,52.21,31.67,경기 부천시 중동
8830e0ac2dfffff,11:20:00,8830e0af0bfffff,14,52.43,26.72,경기 부천시 중동
8830e0ac2dfffff,11:40:00,8830e0af0bfffff,10,57.7,24.21,경기 부천시 중동
8830e0ac2dfffff,12:00:00,8830e0af6dfffff,10,51.1,37.61,인천 계양구 계산동
8830e0ac2dfffff,12:40:00,8830e0af0bfffff,14,56.36,32.32,경기 부천시 중동
8830e0ac2dfffff,14:00:00,8830e0af0bfffff,10,47.7,23.17,경기 부천시 중동
8830e0ac2dfffff,14:40:00,8830e0af0bfffff,11,71.09,30.41,경기 부천시 중동
8830e0ac2dfffff,15:20:00,8830e0af0bfffff,11,63.55,27.46,경기 부천시 중동
8830e0ac2dfffff,15:40:00,8830e0af0bfffff,10,58.5,21.92,경기 부천시 중동
8830e0ac2dfffff,17:00:00,8830e0af0bfffff,10,51.0,36.98,경기 부천시 중동
8830e0ac2dfffff,17:40:00,8830e0af0bfffff,11,85.0,30.55,경기 부천시 중동
8830e0ac2dfffff,18:00:00,8830e0af0bfffff,20,62.75,31.33,경기 부천시 중동
8830e0ac2dfffff,18:00:00,8830e0af6dfffff,13,46.08,30.98,인천 계양구 계산동
8830e0ac35fffff,8:40:00,8830e0ac83fffff,10,51.6,26.02,서울 구로구 구로동
8830e0ac35fffff,8:40:00,8830e0af0bfffff,10,78.2,40.21,경기 부천시 중동
8830e0ac3bfffff,7:20:00,8830e0ac83fffff,12,52.75,23.13,서울 구로구 구로동
8830e0ac3bfffff,8:00:00,8830e0ac83fffff,16,54.44,25.71,서울 구로구 구로동
8830e0ac3dfffff,8:00:00,8830e0ac83fffff,10,42.6,113.14,서울 구로구 구로동
8830e0ac3dfffff,12:00:00,8830e0af0bfffff,10,52.0,21.81,경기 부천시 중동
8830e0ac3dfffff,17:00:00,8830e0af0bfffff,11,46.91,86.68,경기 부천시 중동
8830e0ac41fffff,18:00:00,8830e0af0bfffff,10,38.7,19.11,경기 부천시 중동
8830e0ac43fffff,9:20:00,8830e0af0bfffff,10,68.0,23.43,경기 부천시 중동
8830e0ac43fffff,14:20:00,8830e0af0bfffff,12,42.67,21.85,경기 부천시 중동
8830e0ac43fffff,14:40:00,8830e0af0bfffff,11,53.18,21.07,경기 부천시 중동
8830e0ac45fffff,8:40:00,8830e0af0bfffff,13,54.0,23.73,경기 부천시 중동
8830e0ac45fffff,9:00:00,8830e0af0bfffff,11,79.0,15.82,경기 부천시 중동
8830e0ac45fffff,10:20:00,8830e0af0bfffff,12,60.5,26.01,경기 부천시 중동
8830e0ac45fffff,12:20:00,8830e0af0bfffff,14,63.57,23.25,경기 부천시 중동
8830e0ac45fffff,13:20:00,8830e0af0bfffff,10,49.3,32.64,경기 부천시 중동
8830e0ac45fffff,13:40:00,8830e0af0bfffff,22,62.73,21.8,경기 부천시 중동
8830e0ac45fffff,15:00:00,8830e0af0bfffff,10,58.7,33.55,경기 부천시 중동
8830e0ac45fffff,16:00:00,8830e0af0bfffff,13,57.54,33.44,경기 부천시 중동
8830e0ac45fffff,16:40:00,8830e0af0bfffff,16,65.06,21.45,경기 부천시 중동
8830e0ac45fffff,17:00:00,8830e0af0bfffff,18,58.56,20.79,경기 부천시 중동
8830e0ac45fffff,17:20:00,8830e0a1b1fffff,13,42.15,35.16,경기 부천시 오정동
8830e0ac45fffff,17:20:00,8830e0af0bfffff,16,46.38,21.95,경기 부천시 중동
8830e0ac45fffff,17:20:00,8830e0af6dfffff,10,97.6,32.06,인천 계양구 계산동
8830e0ac45fffff,17:40:00,8830e0a1b1fffff,13,41.69,36.6,경기 부천시 오정동
8830e0ac45fffff,17:40:00,8830e0af0bfffff,17,50.53,20.67,경기 부천시 중동
8830e0ac45fffff,17:40:00,8830e0af6dfffff,13,44.46,35.52,인천 계양구 계산동
8830e0ac45fffff,18:00:00,8830e0af0bfffff,27,57.44,18.89,경기 부천시 중동
8830e0ac45fffff,18:00:00,8830e0af6dfffff,13,53.77,20.09,인천 계양구 계산동
8830e0ac45fffff,18:20:00,8830e0af0bfffff,10,49.8,25.89,경기 부천시 중동
8830e0ac45fffff,19:00:00,8830e0af0bfffff,12,62.17,28.37,경기 부천시 중동
8830e0ac49fffff,7:40:00,8830e0af0bfffff,14,89.21,24.84,경기 부천시 중동
8830e0ac49fffff,8:00:00,8830e0af0bfffff,10,58.2,32.79,경기 부천시 중동
8830e0ac49fffff,8:20:00,8830e0af0bfffff,12,44.92,23.29,경기 부천시 중동
8830e0ac49fffff,9:00:00,8830e0af0bfffff,17,53.06,27.39,경기 부천시 중동
8830e0ac49fffff,9:20:00,8830e0af0bfffff,11,79.45,22.58,경기 부천시 중동
8830e0ac49fffff,10:00:00,8830e0af0bfffff,20,66.5,24.47,경기 부천시 중동
8830e0ac49fffff,10:20:00,8830e0af0bfffff,15,56.13,21.2,경기 부천시 중동
8830e0ac49fffff,11:00:00,8830e0af0bfffff,27,82.33,27.2,경기 부천시 중동
8830e0ac49fffff,11:20:00,8830e0af0bfffff,20,75.25,34.97,경기 부천시 중동
8830e0ac49fffff,11:40:00,8830e0af0bfffff,16,70.5,40.56,경기 부천시 중동
8830e0ac49fffff,12:00:00,8830e0af0bfffff,14,76.29,16.91,경기 부천시 중동
8830e0ac49fffff,12:20:00,8830e0af0bfffff,10,39.6,24.77,경기 부천시 중동
8830e0ac49fffff,12:40:00,8830e0af0bfffff,16,73.75,20.04,경기 부천시 중동
8830e0ac49fffff,13:00:00,8830e0af0bfffff,16,57.56,35.44,경기 부천시 중동
8830e0ac49fffff,13:20:00,8830e0af0bfffff,13,62.92,22.51,경기 부천시 중동
8830e0ac49fffff,13:40:00,8830e0af0bfffff,17,62.94,37.84,경기 부천시 중동
8830e0ac49fffff,14:00:00,8830e0af0bfffff,21,62.14,21.09,경기 부천시 중동
8830e0ac49fffff,14:40:00,8830e0af0bfffff,14,61.36,46.63,경기 부천시 중동
8830e0ac49fffff,15:00:00,8830e0af0bfffff,12,46.08,21.92,경기 부천시 중동
8830e0ac49fffff,15:20:00,8830e0af0bfffff,12,49.0,19.22,경기 부천시 중동
8830e0ac49fffff,16:00:00,8830e0af0bfffff,13,63.23,30.34,경기 부천시 중동
8830e0ac49fffff,16:20:00,8830e0af0bfffff,13,75.31,25.38,경기 부천시 중동
8830e0ac49fffff,16:40:00,8830e0af0bfffff,14,67.07,21.78,경기 부천시 중동
8830e0ac49fffff,17:00:00,8830e0af0bfffff,24,59.42,25.39,경기 부천시 중동
8830e0ac49fffff,17:20:00,8830e0af0bfffff,26,55.58,22.15,경기 부천시 중동
8830e0ac49fffff,17:40:00,8830e0af0bfffff,10,48.1,25.07,경기 부천시 중동
8830e0ac49fffff,18:00:00,8830e0af0bfffff,19,57.68,25.37,경기 부천시 중동
8830e0ac49fffff,18:20:00,8830e0af0bfffff,13,115.31,27.89,경기 부천시 중동
8830e0ac4bfffff,8:40:00,8830e0af0bfffff,11,54.55,28.17,경기 부천시 중동
8830e0ac4bfffff,9:00:00,8830e0af0bfffff,10,42.6,26.76,경기 부천시 중동
8830e0ac4bfffff,10:00:00,8830e0af0bfffff,11,47.55,27.29,경기 부천시 중동
8830e0ac4bfffff,10:40:00,8830e0af0bfffff,12,65.58,22.85,경기 부천시 중동
8830e0ac4bfffff,11:00:00,8830e0af0bfffff,14,61.36,23.03,경기 부천시 중동
8830e0ac4bfffff,12:00:00,8830e0af0bfffff,10,65.5,33.61,경기 부천시 중동
8830e0ac4bfffff,12:20:00,8830e0af0bfffff,12,49.75,26.55,경기 부천시 중동
8830e0ac4bfffff,12:40:00,8830e0af0bfffff,11,66.27,25.26,경기 부천시 중동
8830e0ac4bfffff,13:20:00,8830e0af0bfffff,10,57.9,60.32,경기 부천시 중동
8830e0ac4bfffff,13:40:00,8830e0af0bfffff,15,57.27,23.9,경기 부천시 중동
8830e0ac4bfffff,14:00:00,8830e0af0bfffff,19,43.84,22.06,경기 부천시 중동
8830e0ac4bfffff,14:20:00,8830e0af0bfffff,14,54.29,18.25,경기 부천시 중동
8830e0ac4bfffff,18:00:00,8830e0af0bfffff,16,52.44,18.84,경기 부천시 중동
8830e0ac4dfffff,13:40:00,8830e0af0bfffff,12,64.75,18.52,경기 부천시 중동
8830e0ac4dfffff,14:00:00,8830e0af0bfffff,10,67.9,24.2,경기 부천시 중동
8830e0ac4dfffff,16:40:00,8830e0af0bfffff,10,57.7,24.17,경기 부천시 중동
8830e0ac4dfffff,17:00:00,8830e0a1b1fffff,14,53.57,35.63,경기 부천시 오정동
8830e0ac4dfffff,17:00:00,8830e0af0bfffff,28,66.93,26.88,경기 부천시 중동
8830e0ac4dfffff,17:20:00,8830e0a1b1fffff,16,44.44,37.65,경기 부천시 오정동
8830e0ac4dfffff,17:20:00,8830e0af0bfffff,41,52.07,24.51,경기 부천시 중동
8830e0ac4dfffff,17:40:00,8830e0aea7fffff,13,45.0,27.82,서울 양천구 목동
8830e0ac4dfffff,17:40:00,8830e0af0bfffff,39,63.0,20.83,경기 부천시 중동
8830e0ac4dfffff,18:00:00,8830e0a1b1fffff,15,49.53,29.02,경기 부천시 오정동
8830e0ac4dfffff,18:00:00,8830e0af0bfffff,38,57.71,23.43,경기 부천시 중동
8830e0ac4dfffff,18:00:00,8830e0af6dfffff,32,58.47,28.33,인천 계양구 계산동
8830e0ac4dfffff,18:20:00,8830e0a1b1fffff,11,42.27,29.76,경기 부천시 오정동
8830e0ac4dfffff,18:20:00,8830e0af0bfffff,24,93.88,20.37,경기 부천시 중동
8830e0ac4dfffff,18:40:00,8830e0af0bfffff,12,42.75,23.08,경기 부천시 중동
8830e0ac51fffff,12:20:00,8830e0af0bfffff,12,77.08,31.9,경기 부천시 중동
8830e0ac51fffff,18:00:00,8830e0aea7fffff,12,75.75,19.91,서울 양천구 목동
8830e0ac53fffff,7:00:00,8830e0aea7fffff,35,272.34,39.43,서울 양천구 목동
8830e0ac53fffff,7:20:00,8830e0ac9dfffff,11,262.82,33.24,서울 양천구 신정동
8830e0ac53fffff,12:00:00,8830e0aea7fffff,11,127.18,30.07,서울 양천구 목동
8830e0ac53fffff,16:00:00,8830e0af0bfffff,12,57.42,21.55,경기 부천시 중동
8830e0ac55fffff,12:40:00,8830e0af0bfffff,10,56.9,19.47,경기 부천시 중동
8830e0ac59fffff,7:40:00,8830e0ae99fffff,15,54.67,62.63,서울 강서구 등촌동
8830e0ac59fffff,8:00:00,8830e0ac83fffff,11,77.55,38.94,서울 구로구 구로동
8830e0ac59fffff,8:00:00,8830e0ae99fffff,13,47.77,82.69,서울 강서구 등촌동
8830e0ac59fffff,8:00:00,8830e0af0bfffff,10,39.3,27.55,경기 부천시 중동
8830e0ac59fffff,8:20:00,8830e0af0bfffff,22,57.45,21.66,경기 부천시 중동
8830e0ac59fffff,9:00:00,8830e0af0bfffff,10,55.5,28.01,경기 부천시 중동
8830e0ac59fffff,9:20:00,8830e0af0bfffff,10,51.1,27.1,경기 부천시 중동
8830e0ac59fffff,9:40:00,8830e0af0bfffff,10,67.9,37.99,경기 부천시 중동
8830e0ac59fffff,12:00:00,8830e0af0bfffff,15,97.93,23.08,경기 부천시 중동
8830e0ac59fffff,12:40:00,8830e0af0bfffff,15,57.73,23.21,경기 부천시 중동
8830e0ac59fffff,13:00:00,8830e0af0bfffff,11,52.73,22.66,경기 부천시 중동
8830e0ac59fffff,15:20:00,8830e0af0bfffff,10,49.6,39.06,경기 부천시 중동
8830e0ac59fffff,15:40:00,8830e0af0bfffff,11,54.36,29.99,경기 부천시 중동
8830e0ac59fffff,16:00:00,8830e0af0bfffff,10,52.8,29.79,경기 부천시 중동
8830e0ac59fffff,17:00:00,8830e0af0bfffff,10,52.6,29.75,경기 부천시 중동
8830e0ac59fffff,17:20:00,8830e0af0bfffff,14,62.57,24.52,경기 부천시 중동
8830e0ac5bfffff,7:40:00,8830e0ae99fffff,12,41.92,53.83,서울 강서구 등촌동
8830e0ac5bfffff,8:00:00,8830e0ae99fffff,10,41.3,92.78,서울 강서구 등촌동
8830e0ac5bfffff,8:20:00,8830e0af0bfffff,10,73.3,28.09,경기 부천시 중동
8830e0ac5bfffff,8:40:00,8830e0af0bfffff,12,53.75,26.23,경기 부천시 중동
8830e0ac5bfffff,9:00:00,8830e0ae99fffff,10,119.8,118.39,서울 강서구 등촌동
8830e0ac5bfffff,9:20:00,8830e0ae99fffff,10,77.0,35.11,서울 강서구 등촌동
8830e0ac5bfffff,11:20:00,8830e0af0bfffff,10,55.9,25.74,경기 부천시 중동
8830e0ac5bfffff,12:40:00,8830e0af0bfffff,17,60.65,26.4,경기 부천시 중동
8830e0ac5bfffff,13:00:00,8830e0af0bfffff,11,69.73,36.17,경기 부천시 중동
8830e0ac5bfffff,14:00:00,8830e0af0bfffff,20,61.8,28.14,경기 부천시 중동
8830e0ac5bfffff,14:20:00,8830e0af0bfffff,11,48.45,27.36,경기 부천시 중동
8830e0ac5bfffff,15:00:00,8830e0af0bfffff,11,43.82,23.78,경기 부천시 중동
8830e0ac5bfffff,15:20:00,8830e0af0bfffff,12,53.58,30.78,경기 부천시 중동
8830e0ac5bfffff,15:40:00,8830e0af0bfffff,15,48.2,30.54,경기 부천시 중동
8830e0ac5bfffff,16:40:00,8830e0af0bfffff,13,54.0,30.96,경기 부천시 중동
8830e0ac5bfffff,17:20:00,8830e0af0bfffff,12,55.75,34.3,경기 부천시 중동
8830e0ac5bfffff,18:00:00,8830e0af0bfffff,10,60.9,37.02,경기 부천시 중동
8830e0ac5bfffff,18:20:00,8830e0af0bfffff,15,55.0,33.82,경기 부천시 중동
8830e0ac5dfffff,7:40:00,8830e0ae99fffff,11,64.82,46.37,서울 강서구 등촌동
8830e0ac5dfffff,8:00:00,8830e0af0bfffff,16,69.06,24.38,경기 부천시 중동
8830e0ac5dfffff,8:20:00,8830e0ae99fffff,12,40.92,40.13,서울 강서구 등촌동
8830e0ac5dfffff,8:20:00,8830e0af0bfffff,16,48.44,24.58,경기 부천시 중동
8830e0ac5dfffff,8:40:00,8830e0af0bfffff,15,72.27,29.71,경기 부천시 중동
8830e0ac5dfffff,9:00:00,8830e0ae99fffff,14,47.0,32.02,서울 강서구 등촌동
8830e0ac5dfffff,9:00:00,8830e0af0bfffff,19,41.89,26.84,경기 부천시 중동
8830e0ac5dfffff,9:20:00,8830e0af0bfffff,12,43.5,29.07,경기 부천시 중동
8830e0ac5dfffff,10:20:00,8830e0af0bfffff,23,81.7,24.64,경기 부천시 중동
8830e0ac5dfffff,10:40:00,8830e0af0bfffff,14,84.0,29.09,경기 부천시 중동
8830e0ac5dfffff,11:00:00,8830e0af0bfffff,20,49.25,23.9,경기 부천시 중동
8830e0ac5dfffff,11:20:00,8830e0af0bfffff,15,72.53,24.48,경기 부천시 중동
8830e0ac5dfffff,11:40:00,8830e0af0bfffff,12,58.67,25.74,경기 부천시 중동
8830e0ac5dfffff,12:00:00,8830e0af0bfffff,13,48.62,23.9,경기 부천시 중동
8830e0ac5dfffff,12:20:00,8830e0af0bfffff,20,48.7,20.9,경기 부천시 중동
8830e0ac5dfffff,12:40:00,8830e0af0bfffff,22,51.59,22.53,경기 부천시 중동
8830e0ac5dfffff,13:00:00,8830e0af0bfffff,14,65.57,25.65,경기 부천시 중동
8830e0ac5dfffff,13:20:00,8830e0af0bfffff,20,51.2,23.56,경기 부천시 중동
8830e0ac5dfffff,14:00:00,8830e0af0bfffff,22,58.27,24.49,경기 부천시 중동
8830e0ac5dfffff,14:20:00,8830e0af0bfffff,26,63.69,23.92,경기 부천시 중동
8830e0ac5dfffff,14:40:00,8830e0af0bfffff,12,58.92,24.77,경기 부천시 중동
8830e0ac5dfffff,15:00:00,8830e0af0bfffff,12,151.5,22.69,경기 부천시 중동
8830e0ac5dfffff,15:20:00,8830e0af0bfffff,22,51.5,22.72,경기 부천시 중동
8830e0ac5dfffff,16:00:00,8830e0af0bfffff,15,68.6,26.84,경기 부천시 중동
8830e0ac5dfffff,16:20:00,8830e0af0bfffff,14,61.36,26.92,경기 부천시 중동
8830e0ac5dfffff,16:40:00,8830e0af0bfffff,12,48.58,25.45,경기 부천시 중동
8830e0ac5dfffff,17:00:00,8830e0af0bfffff,11,47.73,22.37,경기 부천시 중동
8830e0ac5dfffff,17:20:00,8830e0af0bfffff,15,46.2,22.92,경기 부천시 중동
8830e0ac5dfffff,17:40:00,8830e0af0bfffff,27,78.48,25.13,경기 부천시 중동
8830e0ac5dfffff,18:00:00,8830e0af0bfffff,21,48.86,22.0,경기 부천시 중동
8830e0ac5dfffff,18:20:00,8830e0af0bfffff,16,53.56,28.12,경기 부천시 중동
8830e0ac5dfffff,18:40:00,8830e0af0bfffff,10,90.3,31.44,경기 부천시 중동
8830e0ac5dfffff,19:00:00,8830e0af0bfffff,14,81.79,28.72,경기 부천시 중동
8830e0ac61fffff,8:20:00,8830e0af0bfffff,31,64.42,16.25,경기 부천시 중동
8830e0ac61fffff,9:00:00,8830e0af0bfffff,12,67.5,16.58,경기 부천시 중동
8830e0ac61fffff,9:20:00,8830e0af0bfffff,11,41.82,49.7,경기 부천시 중동
8830e0ac61fffff,10:00:00,8830e0af0bfffff,13,54.46,14.86,경기 부천시 중동
8830e0ac61fffff,10:40:00,8830e0af0bfffff,17,58.65,24.64,경기 부천시 중동
8830e0ac61fffff,11:00:00,8830e0af0bfffff,20,59.75,20.51,경기 부천시 중동
8830e0ac61fffff,11:20:00,8830e0af0bfffff,11,57.55,17.08,경기 부천시 중동
8830e0ac61fffff,11:40:00,8830e0af0bfffff,14,65.14,20.8,경기 부천시 중동
8830e0ac61fffff,12:00:00,8830e0af0bfffff,15,56.0,18.45,경기 부천시 중동
8830e0ac61fffff,12:20:00,8830e0af0bfffff,16,54.0,22.72,경기 부천시 중동
8830e0ac61fffff,12:40:00,8830e0af0bfffff,13,48.69,36.65,경기 부천시 중동
8830e0ac61fffff,13:00:00,8830e0af0bfffff,19,63.32,22.55,경기 부천시 중동
8830e0ac61fffff,13:20:00,8830e0af0bfffff,17,69.82,42.25,경기 부천시 중동
8830e0ac61fffff,13:40:00,8830e0af0bfffff,14,70.93,37.07,경기 부천시 중동
8830e0ac61fffff,14:00:00,8830e0af0bfffff,10,52.7,20.68,경기 부천시 중동
8830e0ac61fffff,14:20:00,8830e0af0bfffff,15,62.27,29.08,경기 부천시 중동
8830e0ac61fffff,14:40:00,8830e0af0bfffff,14,56.5,24.14,경기 부천시 중동
8830e0ac61fffff,15:00:00,8830e0af0bfffff,17,59.47,22.24,경기 부천시 중동
8830e0ac61fffff,15:20:00,8830e0af0bfffff,14,55.86,28.29,경기 부천시 중동
8830e0ac61fffff,15:40:00,8830e0af0bfffff,10,50.6,17.94,경기 부천시 중동
8830e0ac61fffff,16:00:00,8830e0af0bfffff,13,60.85,23.05,경기 부천시 중동
8830e0ac61fffff,16:20:00,8830e0af0bfffff,14,61.86,22.23,경기 부천시 중동
8830e0ac61fffff,16:40:00,8830e0af0bfffff,10,62.9,22.76,경기 부천시 중동
8830e0ac61fffff,17:00:00,8830e0af0bfffff,14,84.93,19.9,경기 부천시 중동
8830e0ac61fffff,17:20:00,8830e0af0bfffff,12,146.08,26.49,경기 부천시 중동
8830e0ac61fffff,17:40:00,8830e0af0bfffff,15,50.0,19.74,경기 부천시 중동
8830e0ac61fffff,18:00:00,8830e0af0bfffff,11,57.82,20.16,경기 부천시 중동
8830e0ac61fffff,18:20:00,8830e0af0bfffff,10,45.2,20.7,경기 부천시 중동
8830e0ac65fffff,7:20:00,8830e0ac83fffff,10,51.2,33.29,서울 구로구 구로동
8830e0ac65fffff,8:20:00,8830e0af0bfffff,13,63.69,26.21,경기 부천시 중동
8830e0ac65fffff,8:40:00,8830e0af0bfffff,10,52.6,24.4,경기 부천시 중동
8830e0ac65fffff,9:00:00,8830e0af0bfffff,13,48.08,27.0,경기 부천시 중동
8830e0ac65fffff,9:20:00,8830e0af0bfffff,10,69.9,36.58,경기 부천시 중동
8830e0ac65fffff,9:40:00,8830e0af0bfffff,11,58.55,30.4,경기 부천시 중동
8830e0ac65fffff,10:20:00,8830e0af0bfffff,15,65.73,30.04,경기 부천시 중동
8830e0ac65fffff,11:00:00,8830e0af0bfffff,11,57.45,26.38,경기 부천시 중동
8830e0ac65fffff,11:20:00,8830e0af0bfffff,12,80.67,29.55,경기 부천시 중동
8830e0ac65fffff,11:40:00,8830e0af0bfffff,13,55.85,26.04,경기 부천시 중동
8830e0ac65fffff,12:00:00,8830e0af0bfffff,15,84.0,26.2,경기 부천시 중동
8830e0ac65fffff,12:20:00,8830e0af0bfffff,23,61.83,22.38,경기 부천시 중동
8830e0ac65fffff,12:40:00,8830e0af0bfffff,13,65.0,19.14,경기 부천시 중동
8830e0ac65fffff,13:00:00,8830e0af0bfffff,15,79.07,27.43,경기 부천시 중동
8830e0ac65fffff,13:20:00,8830e0af0bfffff,12,50.33,22.95,경기 부천시 중동
8830e0ac65fffff,13:40:00,8830e0af0bfffff,11,54.55,29.57,경기 부천시 중동
8830e0ac65fffff,14:00:00,8830e0af0bfffff,20,65.05,21.63,경기 부천시 중동
8830e0ac65fffff,14:40:00,8830e0af0bfffff,17,62.59,20.26,경기 부천시 중동
8830e0ac65fffff,15:00:00,8830e0af0bfffff,17,57.18,24.23,경기 부천시 중동
8830e0ac65fffff,15:20:00,8830e0af0bfffff,10,58.4,23.66,경기 부천시 중동
8830e0ac65fffff,15:40:00,8830e0af0bfffff,12,74.0,21.97,경기 부천시 중동
8830e0ac65fffff,16:00:00,8830e0af0bfffff,19,66.37,28.36,경기 부천시 중동
8830e0ac65fffff,16:20:00,8830e0af0bfffff,13,60.0,24.1,경기 부천시 중동
8830e0ac65fffff,16:40:00,8830e0af0bfffff,11,57.82,37.59,경기 부천시 중동
8830e0ac65fffff,17:00:00,8830e0af0bfffff,16,56.25,23.09,경기 부천시 중동
8830e0ac65fffff,17:20:00,8830e0af0bfffff,27,78.15,28.15,경기 부천시 중동
8830e0ac65fffff,17:20:00,8830e0af6dfffff,10,59.3,26.33,인천 계양구 계산동
8830e0ac65fffff,17:40:00,8830e0af6dfffff,11,53.18,22.17,인천 계양구 계산동
8830e0ac65fffff,18:00:00,8830e0af0bfffff,22,56.32,26.88,경기 부천시 중동
8830e0ac65fffff,18:20:00,8830e0af0bfffff,17,44.41,30.19,경기 부천시 중동
8830e0ac65fffff,19:00:00,8830e0af0bfffff,10,117.3,38.2,경기 부천시 중동
8830e0ac67fffff,11:00:00,8830e0af0bfffff,10,64.7,24.37,경기 부천시 중동
8830e0ac67fffff,12:20:00,8830e0af0bfffff,11,44.73,25.0,경기 부천시 중동
8830e0ac67fffff,13:40:00,8830e0af0bfffff,13,49.54,26.84,경기 부천시 중동
8830e0ac67fffff,17:00:00,8830e0af0bfffff,14,57.21,24.06,경기 부천시 중동
8830e0ac67fffff,17:20:00,8830e0af0bfffff,12,56.25,25.1,경기 부천시 중동
8830e0ac67fffff,17:40:00,8830e0af0bfffff,11,51.36,25.61,경기 부천시 중동
8830e0ac69fffff,10:00:00,8830e0af0bfffff,10,82.1,19.13,경기 부천시 중동
8830e0ac69fffff,10:20:00,8830e0af0bfffff,12,63.83,26.47,경기 부천시 중동
8830e0ac69fffff,10:40:00,8830e0af0bfffff,11,101.0,22.1,경기 부천시 중동
8830e0ac69fffff,11:00:00,8830e0af0bfffff,15,57.8,25.18,경기 부천시 중동
8830e0ac69fffff,11:20:00,8830e0af0bfffff,15,80.6,25.38,경기 부천시 중동
8830e0ac69fffff,11:40:00,8830e0af0bfffff,12,61.25,16.53,경기 부천시 중동
8830e0ac69fffff,12:00:00,8830e0af0bfffff,12,64.17,17.48,경기 부천시 중동
8830e0ac69fffff,12:20:00,8830e0af0bfffff,19,65.0,20.2,경기 부천시 중동
8830e0ac69fffff,12:40:00,8830e0af0bfffff,10,58.8,24.5,경기 부천시 중동
8830e0ac69fffff,13:00:00,8830e0af0bfffff,19,66.42,28.16,경기 부천시 중동
8830e0ac69fffff,13:20:00,8830e0af0bfffff,16,68.94,28.82,경기 부천시 중동
8830e0ac69fffff,13:40:00,8830e0af0bfffff,18,46.22,20.79,경기 부천시 중동
8830e0ac69fffff,14:00:00,8830e0af0bfffff,11,79.09,35.09,경기 부천시 중동
8830e0ac69fffff,14:20:00,8830e0af0bfffff,16,72.69,19.9,경기 부천시 중동
8830e0ac69fffff,15:00:00,8830e0af0bfffff,15,71.07,24.48,경기 부천시 중동
8830e0ac69fffff,15:20:00,8830e0af0bfffff,18,54.22,23.69,경기 부천시 중동
8830e0ac69fffff,15:40:00,8830e0af0bfffff,13,51.54,21.87,경기 부천시 중동
8830e0ac69fffff,16:20:00,8830e0af0bfffff,17,56.24,18.34,경기 부천시 중동
8830e0ac69fffff,16:40:00,8830e0af0bfffff,15,55.6,18.22,경기 부천시 중동
8830e0ac69fffff,17:00:00,8830e0af0bfffff,20,52.2,19.89,경기 부천시 중동
8830e0ac69fffff,17:20:00,8830e0af0bfffff,11,60.73,23.18,경기 부천시 중동
8830e0ac69fffff,17:40:00,8830e0af0bfffff,17,74.94,20.85,경기 부천시 중동
8830e0ac69fffff,18:00:00,8830e0a1b1fffff,10,57.0,35.65,경기 부천시 오정동
8830e0ac69fffff,18:00:00,8830e0af0bfffff,33,66.88,24.33,경기 부천시 중동
8830e0ac69fffff,18:20:00,8830e0a1b1fffff,10,64.3,33.57,경기 부천시 오정동
8830e0ac69fffff,18:20:00,8830e0af0bfffff,11,50.09,22.03,경기 부천시 중동
8830e0ac6bfffff,11:40:00,8830e0af0bfffff,13,54.0,19.29,경기 부천시 중동
8830e0ac6bfffff,13:00:00,8830e0af0bfffff,11,97.09,26.3,경기 부천시 중동
8830e0ac6bfffff,13:20:00,8830e0af0bfffff,10,103.0,15.56,경기 부천시 중동
8830e0ac6bfffff,13:40:00,8830e0af0bfffff,12,66.17,17.92,경기 부천시 중동
8830e0ac6bfffff,14:20:00,8830e0af0bfffff,11,68.73,13.58,경기 부천시 중동
8830e0ac6bfffff,14:40:00,8830e0af0bfffff,13,68.77,45.76,경기 부천시 중동
8830e0ac6bfffff,15:00:00,8830e0af0bfffff,10,87.3,26.38,경기 부천시 중동
8830e0ac6bfffff,15:20:00,8830e0af0bfffff,12,78.08,24.17,경기 부천시 중동
8830e0ac6bfffff,16:00:00,8830e0af0bfffff,16,49.5,24.27,경기 부천시 중동
8830e0ac6bfffff,16:20:00,8830e0af0bfffff,11,95.09,29.04,경기 부천시 중동
8830e0ac6bfffff,16:40:00,8830e0af0bfffff,10,70.2,26.34,경기 부천시 중동
8830e0ac6bfffff,17:00:00,8830e0af0bfffff,18,66.17,32.78,경기 부천시 중동
8830e0ac6bfffff,17:20:00,8830e0af0bfffff,27,65.07,28.11,경기 부천시 중동
8830e0ac6bfffff,17:40:00,8830e0a1b1fffff,16,41.38,29.33,경기 부천시 오정동
8830e0ac6bfffff,17:40:00,8830e0af0bfffff,28,69.89,22.03,경기 부천시 중동
8830e0ac6bfffff,18:00:00,8830e0a1b1fffff,15,71.93,27.87,경기 부천시 오정동
8830e0ac6bfffff,18:00:00,8830e0af0bfffff,45,75.33,24.27,경기 부천시 중동
8830e0ac6bfffff,18:20:00,8830e0aea7fffff,10,448.2,13.51,서울 양천구 목동
8830e0ac6bfffff,18:20:00,8830e0af0bfffff,11,48.09,20.73,경기 부천시 중동
8830e0ac6bfffff,18:40:00,8830e0af0bfffff,12,74.92,24.82,경기 부천시 중동
8830e0ac6bfffff,19:00:00,8830e0af0bfffff,19,86.53,24.78,경기 부천시 중동
8830e0ac6dfffff,0:00:00,8830e0af0bfffff,10,63.9,30.21,경기 부천시 중동
8830e0ac6dfffff,7:20:00,8830e0af0bfffff,12,54.17,20.17,경기 부천시 중동
8830e0ac6dfffff,8:20:00,8830e0af0bfffff,11,56.36,19.75,경기 부천시 중동
8830e0ac6dfffff,8:40:00,8830e0af0bfffff,13,57.77,18.82,경기 부천시 중동
8830e0ac6dfffff,9:00:00,8830e0af0bfffff,19,70.05,24.01,경기 부천시 중동
8830e0ac6dfffff,9:20:00,8830e0af0bfffff,16,66.25,28.5,경기 부천시 중동
8830e0ac6dfffff,9:40:00,8830e0af0bfffff,10,75.8,21.58,경기 부천시 중동
8830e0ac6dfffff,10:00:00,8830e0af0bfffff,13,67.23,15.04,경기 부천시 중동
8830e0ac6dfffff,10:20:00,8830e0af0bfffff,13,80.15,30.28,경기 부천시 중동
8830e0ac6dfffff,10:40:00,8830e0af0bfffff,12,63.5,17.87,경기 부천시 중동
8830e0ac6dfffff,11:00:00,8830e0af0bfffff,20,71.3,21.44,경기 부천시 중동
8830e0ac6dfffff,11:20:00,8830e0af0bfffff,16,55.38,25.56,경기 부천시 중동
8830e0ac6dfffff,11:40:00,8830e0af0bfffff,20,73.5,20.66,경기 부천시 중동
8830e0ac6dfffff,12:00:00,8830e0af0bfffff,25,64.04,21.6,경기 부천시 중동
8830e0ac6dfffff,12:20:00,8830e0af0bfffff,13,73.31,20.69,경기 부천시 중동
8830e0ac6dfffff,12:40:00,8830e0af0bfffff,17,61.18,25.42,경기 부천시 중동
8830e0ac6dfffff,13:00:00,8830e0af0bfffff,21,62.76,24.85,경기 부천시 중동
8830e0ac6dfffff,13:20:00,8830e0af0bfffff,19,58.84,19.18,경기 부천시 중동
8830e0ac6dfffff,13:40:00,8830e0af0bfffff,21,78.57,24.72,경기 부천시 중동
8830e0ac6dfffff,14:00:00,8830e0af0bfffff,15,49.67,19.21,경기 부천시 중동
8830e0ac6dfffff,14:20:00,8830e0af0bfffff,16,70.06,23.23,경기 부천시 중동
8830e0ac6dfffff,14:40:00,8830e0af0bfffff,18,47.0,19.54,경기 부천시 중동
8830e0ac6dfffff,15:00:00,8830e0af0bfffff,18,61.39,19.74,경기 부천시 중동
8830e0ac6dfffff,15:20:00,8830e0af0bfffff,19,75.79,28.33,경기 부천시 중동
8830e0ac6dfffff,15:40:00,8830e0af0bfffff,15,73.07,22.24,경기 부천시 중동
8830e0ac6dfffff,16:20:00,8830e0af0bfffff,12,67.92,22.34,경기 부천시 중동
8830e0ac6dfffff,16:40:00,8830e0af0bfffff,15,54.6,21.52,경기 부천시 중동
8830e0ac6dfffff,17:00:00,8830e0a1b1fffff,10,56.7,30.78,경기 부천시 오정동
8830e0ac6dfffff,17:00:00,8830e0af0bfffff,17,54.76,17.31,경기 부천시 중동
8830e0ac6dfffff,17:20:00,8830e0af0bfffff,11,42.82,21.6,경기 부천시 중동
8830e0ac6dfffff,17:40:00,8830e0af0bfffff,18,47.11,19.24,경기 부천시 중동
8830e0ac6dfffff,18:00:00,8830e0af0bfffff,29,61.38,21.63,경기 부천시 중동
8830e0ac6dfffff,18:00:00,8830e0af6dfffff,11,129.73,26.86,인천 계양구 계산동
8830e0ac6dfffff,18:20:00,8830e0af0bfffff,12,43.83,30.28,경기 부천시 중동
8830e0ac81fffff,0:00:00,8830e0ac83fffff,23,50.09,8.34,서울 구로구 구로동
8830e0ac81fffff,0:00:00,8830e0ac87fffff,34,55.68,19.46,서울 강서구 화곡동
8830e0ac81fffff,6:20:00,8830e0ac87fffff,12,76.58,19.74,서울 강서구 화곡동
8830e0ac81fffff,6:40:00,8830e0ac83fffff,13,80.69,20.2,서울 구로구 구로동
8830e0ac81fffff,6:40:00,8830e0ac87fffff,15,181.8,20.98,서울 강서구 화곡동
8830e0ac81fffff,7:00:00,8830e0ac87fffff,28,91.0,24.86,서울 강서구 화곡동
8830e0ac81fffff,7:20:00,8830e0ac83fffff,11,79.82,15.03,서울 구로구 구로동
8830e0ac81fffff,7:20:00,8830e0ac87fffff,25,82.96,20.41,서울 강서구 화곡동
8830e0ac81fffff,7:40:00,8830e0ac83fffff,21,89.29,28.64,서울 구로구 구로동
8830e0ac81fffff,7:40:00,8830e0ac87fffff,51,101.82,23.03,서울 강서구 화곡동
8830e0ac81fffff,8:00:00,8830e0ac83fffff,19,83.42,32.66,서울 구로구 구로동
8830e0ac81fffff,8:00:00,8830e0ac87fffff,37,57.73,18.75,서울 강서구 화곡동
8830e0ac81fffff,8:00:00,8830e0ae99fffff,13,52.54,25.43,서울 강서구 등촌동
8830e0ac81fffff,8:20:00,8830e0ac83fffff,34,59.91,22.71,서울 구로구 구로동
8830e0ac81fffff,8:20:00,8830e0ac87fffff,82,63.48,23.05,서울 강서구 화곡동
8830e0ac81fffff,8:40:00,8830e0ac83fffff,23,62.17,20.8,서울 구로구 구로동
8830e0ac81fffff,8:40:00,8830e0ac87fffff,48,72.83,23.31,서울 강서구 화곡동
8830e0ac81fffff,9:00:00,8830e0ac83fffff,25,69.48,25.5,서울 구로구 구로동
8830e0ac81fffff,9:00:00,8830e0ac87fffff,47,98.55,23.53,서울 강서구 화곡동
8830e0ac81fffff,9:20:00,8830e0ac83fffff,32,56.94,23.52,서울 구로구 구로동
8830e0ac81fffff,9:20:00,8830e0ac87fffff,59,70.58,19.91,서울 강서구 화곡동
8830e0ac81fffff,9:40:00,8830e0ac83fffff,25,78.4,21.39,서울 구로구 구로동
8830e0ac81fffff,9:40:00,8830e0ac87fffff,55,95.07,23.2,서울 강서구 화곡동
8830e0ac81fffff,10:00:00,8830e0ac83fffff,31,62.48,22.27,서울 구로구 구로동
8830e0ac81fffff,10:00:00,8830e0ac87fffff,47,59.17,23.89,서울 강서구 화곡동
8830e0ac81fffff,10:20:00,8830e0ac83fffff,36,98.5,24.11,서울 구로구 구로동
8830e0ac81fffff,10:20:00,8830e0ac87fffff,48,72.79,22.06,서울 강서구 화곡동
8830e0ac81fffff,10:40:00,8830e0ac83fffff,26,88.69,21.7,서울 구로구 구로동
8830e0ac81fffff,10:40:00,8830e0ac87fffff,55,65.55,24.33,서울 강서구 화곡동
8830e0ac81fffff,11:00:00,8830e0ac83fffff,15,129.87,35.72,서울 구로구 구로동
8830e0ac81fffff,11:00:00,8830e0ac87fffff,45,70.73,25.14,서울 강서구 화곡동
8830e0ac81fffff,11:20:00,8830e0ac83fffff,26,68.12,18.99,서울 구로구 구로동
8830e0ac81fffff,11:20:00,8830e0ac87fffff,47,78.66,29.66,서울 강서구 화곡동
8830e0ac81fffff,11:40:00,8830e0ac83fffff,40,84.7,22.3,서울 구로구 구로동
8830e0ac81fffff,11:40:00,8830e0ac87fffff,51,68.04,30.51,서울 강서구 화곡동
8830e0ac81fffff,12:00:00,8830e0ac83fffff,19,62.95,20.45,서울 구로구 구로동
8830e0ac81fffff,12:00:00,8830e0ac87fffff,56,65.3,24.08,서울 강서구 화곡동
8830e0ac81fffff,12:20:00,8830e0ac83fffff,32,74.16,21.21,서울 구로구 구로동
8830e0ac81fffff,12:20:00,8830e0ac87fffff,61,101.75,21.52,서울 강서구 화곡동
8830e0ac81fffff,12:40:00,8830e0ac83fffff,30,83.27,21.1,서울 구로구 구로동
8830e0ac81fffff,12:40:00,8830e0ac87fffff,64,78.61,25.99,서울 강서구 화곡동
8830e0ac81fffff,13:00:00,8830e0ac83fffff,31,81.39,20.73,서울 구로구 구로동
8830e0ac81fffff,13:00:00,8830e0ac87fffff,55,102.93,26.72,서울 강서구 화곡동
8830e0ac81fffff,13:20:00,8830e0ac83fffff,22,83.14,15.11,서울 구로구 구로동
8830e0ac81fffff,13:20:00,8830e0ac87fffff,60,60.7,23.04,서울 강서구 화곡동
8830e0ac81fffff,13:40:00,8830e0ac83fffff,32,94.84,24.84,서울 구로구 구로동
8830e0ac81fffff,13:40:00,8830e0ac87fffff,51,79.63,24.51,서울 강서구 화곡동
8830e0ac81fffff,14:00:00,8830e0ac83fffff,33,66.48,26.22,서울 구로구 구로동
8830e0ac81fffff,14:00:00,8830e0ac87fffff,51,61.9,26.58,서울 강서구 화곡동
8830e0ac81fffff,14:20:00,8830e0ac83fffff,36,73.39,22.83,서울 구로구 구로동
8830e0ac81fffff,14:20:00,8830e0ac87fffff,64,63.67,21.56,서울 강서구 화곡동
8830e0ac81fffff,14:40:00,8830e0ac83fffff,17,68.12,21.67,서울 구로구 구로동
8830e0ac81fffff,14:40:00,8830e0ac87fffff,46,86.85,24.46,서울 강서구 화곡동
8830e0ac81fffff,15:00:00,8830e0ac83fffff,17,87.41,29.58,서울 구로구 구로동
8830e0ac81fffff,15:00:00,8830e0ac87fffff,50,94.74,28.04,서울 강서구 화곡동
8830e0ac81fffff,15:20:00,8830e0ac83fffff,18,64.72,22.59,서울 구로구 구로동
8830e0ac81fffff,15:20:00,8830e0ac87fffff,48,61.1,20.66,서울 강서구 화곡동
8830e0ac81fffff,15:40:00,8830e0ac83fffff,18,47.06,19.14,서울 구로구 구로동
8830e0ac81fffff,15:40:00,8830e0ac87fffff,59,66.71,21.89,서울 강서구 화곡동
8830e0ac81fffff,16:00:00,8830e0ac83fffff,24,47.33,21.58,서울 구로구 구로동
8830e0ac81fffff,16:00:00,8830e0ac87fffff,57,56.82,22.46,서울 강서구 화곡동
8830e0ac81fffff,16:20:00,8830e0ac83fffff,18,53.44,17.75,서울 구로구 구로동
8830e0ac81fffff,16:20:00,8830e0ac87fffff,46,75.59,21.15,서울 강서구 화곡동
8830e0ac81fffff,16:40:00,8830e0ac83fffff,17,67.59,15.08,서울 구로구 구로동
8830e0ac81fffff,16:40:00,8830e0ac87fffff,38,63.26,20.17,서울 강서구 화곡동
8830e0ac81fffff,17:00:00,8830e0ac83fffff,25,81.92,21.67,서울 구로구 구로동
8830e0ac81fffff,17:00:00,8830e0ac87fffff,43,64.93,18.55,서울 강서구 화곡동
8830e0ac81fffff,17:20:00,8830e0ac83fffff,18,58.33,17.16,서울 구로구 구로동
8830e0ac81fffff,17:20:00,8830e0ac87fffff,43,61.09,22.33,서울 강서구 화곡동
8830e0ac81fffff,17:40:00,8830e0ac83fffff,15,168.07,20.97,서울 구로구 구로동
8830e0ac81fffff,17:40:00,8830e0ac87fffff,35,55.63,17.41,서울 강서구 화곡동
8830e0ac81fffff,18:00:00,8830e0ac83fffff,11,64.64,17.59,서울 구로구 구로동
8830e0ac81fffff,18:00:00,8830e0ac87fffff,41,54.2,19.97,서울 강서구 화곡동
8830e0ac81fffff,18:20:00,8830e0ac83fffff,14,44.79,20.04,서울 구로구 구로동
8830e0ac81fffff,18:20:00,8830e0ac87fffff,32,68.13,22.12,서울 강서구 화곡동
8830e0ac81fffff,18:40:00,8830e0ac83fffff,17,67.41,24.23,서울 구로구 구로동
8830e0ac81fffff,18:40:00,8830e0ac87fffff,27,56.22,36.0,서울 강서구 화곡동
8830e0ac81fffff,19:00:00,8830e0ac83fffff,23,66.13,26.68,서울 구로구 구로동
8830e0ac81fffff,19:00:00,8830e0ac87fffff,43,65.05,24.52,서울 강서구 화곡동
8830e0ac81fffff,19:20:00,8830e0ac83fffff,15,76.27,29.69,서울 구로구 구로동
8830e0ac81fffff,19:20:00,8830e0ac87fffff,45,68.84,26.18,서울 강서구 화곡동
8830e0ac81fffff,19:40:00,8830e0ac83fffff,13,57.77,23.36,서울 구로구 구로동
8830e0ac81fffff,19:40:00,8830e0ac87fffff,38,81.29,21.73,서울 강서구 화곡동
8830e0ac81fffff,20:00:00,8830e0ac83fffff,13,70.0,18.34,서울 구로구 구로동
8830e0ac81fffff,20:00:00,8830e0ac87fffff,19,41.26,17.68,서울 강서구 화곡동
8830e0ac81fffff,20:20:00,8830e0ac83fffff,13,61.0,30.81,서울 구로구 구로동
8830e0ac81fffff,20:20:00,8830e0ac87fffff,31,54.06,32.37,서울 강서구 화곡동
8830e0ac81fffff,20:40:00,8830e0ac83fffff,11,67.0,34.87,서울 구로구 구로동
8830e0ac81fffff,20:40:00,8830e0ac87fffff,27,53.59,15.88,서울 강서구 화곡동
8830e0ac81fffff,21:00:00,8830e0ac83fffff,12,53.5,25.09,서울 구로구 구로동
8830e0ac81fffff,21:00:00,8830e0ac87fffff,25,55.92,15.95,서울 강서구 화곡동
8830e0ac81fffff,21:20:00,8830e0ac83fffff,10,59.7,19.41,서울 구로구 구로동
8830e0ac81fffff,21:20:00,8830e0ac87fffff,21,49.38,29.88,서울 강서구 화곡동
8830e0ac81fffff,21:40:00,8830e0ac83fffff,12,55.67,16.81,서울 구로구 구로동
8830e0ac81fffff,21:40:00,8830e0ac87fffff,24,56.04,19.34,서울 강서구 화곡동
8830e0ac81fffff,22:00:00,8830e0ac87fffff,14,63.93,15.72,서울 강서구 화곡동
8830e0ac81fffff,22:20:00,8830e0ac87fffff,18,53.44,17.85,서울 강서구 화곡동
8830e0ac81fffff,23:00:00,8830e0ac87fffff,12,46.42,9.85,서울 강서구 화곡동
8830e0ac81fffff,23:20:00,8830e0ac87fffff,10,36.4,15.43,서울 강서구 화곡동
8830e0ac83fffff,0:00:00,8830e0ac83fffff,80,50.23,28.67,서울 구로구 구로동
8830e0ac83fffff,0:00:00,8830e0ac87fffff,10,47.2,11.81,서울 강서구 화곡동
8830e0ac83fffff,0:00:00,8830e0ac99fffff,10,75.0,30.39,Kintex
8830e0ac83fffff,0:00:00,8830e0ac9dfffff,43,82.74,38.84,서울 양천구 신정동
8830e0ac83fffff,0:00:00,8830e1db25fffff,12,66.58,28.02,서울 양천구 목동
8830e0ac83fffff,5:20:00,8830e0ac83fffff,12,221.58,35.78,서울 구로구 구로동
8830e0ac83fffff,6:00:00,8830e0ac83fffff,12,90.67,24.99,서울 구로구 구로동
8830e0ac83fffff,6:00:00,8830e0ac9dfffff,13,65.31,40.61,서울 양천구 신정동
8830e0ac83fffff,6:20:00,8830e0ac83fffff,12,208.08,21.92,서울 구로구 구로동
8830e0ac83fffff,6:20:00,8830e0ac9dfffff,13,81.69,27.58,서울 양천구 신정동
8830e0ac83fffff,6:40:00,8830e0ac9dfffff,12,110.75,24.47,서울 양천구 신정동
8830e0ac83fffff,7:00:00,8830e0ac83fffff,37,107.08,20.36,서울 구로구 구로동
8830e0ac83fffff,7:00:00,8830e0ac9dfffff,21,84.52,20.41,서울 양천구 신정동
8830e0ac83fffff,7:20:00,8830e0ac83fffff,31,70.39,21.51,서울 구로구 구로동
8830e0ac83fffff,7:20:00,8830e0ac9dfffff,10,63.4,27.72,서울 양천구 신정동
8830e0ac83fffff,7:40:00,8830e0ac83fffff,43,89.93,20.51,서울 구로구 구로동
8830e0ac83fffff,7:40:00,8830e0ac9dfffff,10,110.9,23.15,서울 양천구 신정동
8830e0ac83fffff,8:00:00,8830e0ac83fffff,57,82.05,25.12,서울 구로구 구로동
8830e0ac83fffff,8:00:00,8830e0ac9dfffff,16,79.75,19.59,서울 양천구 신정동
8830e0ac83fffff,8:20:00,8830e0ac83fffff,74,102.84,29.12,서울 구로구 구로동
8830e0ac83fffff,8:20:00,8830e0ac87fffff,11,98.45,25.29,서울 강서구 화곡동
8830e0ac83fffff,8:20:00,8830e0ac9dfffff,17,98.59,38.45,서울 양천구 신정동
8830e0ac83fffff,8:40:00,8830e0ac83fffff,73,97.71,28.04,서울 구로구 구로동
8830e0ac83fffff,8:40:00,8830e0ac87fffff,15,81.33,24.49,서울 강서구 화곡동
8830e0ac83fffff,8:40:00,8830e0ac9dfffff,22,92.14,31.2,서울 양천구 신정동
8830e0ac83fffff,9:00:00,8830e0ac83fffff,133,109.67,33.19,서울 구로구 구로동
8830e0ac83fffff,9:00:00,8830e0ac87fffff,16,76.19,18.77,서울 강서구 화곡동
8830e0ac83fffff,9:00:00,8830e0ac9dfffff,15,80.93,26.45,서울 양천구 신정동
8830e0ac83fffff,9:20:00,8830e0ac83fffff,146,94.71,29.54,서울 구로구 구로동
8830e0ac83fffff,9:20:00,8830e0ac87fffff,16,74.88,27.07,서울 강서구 화곡동
8830e0ac83fffff,9:20:00,8830e0ac9dfffff,15,52.47,17.13,서울 양천구 신정동
8830e0ac83fffff,9:40:00,8830e0ac83fffff,139,83.93,29.35,서울 구로구 구로동
8830e0ac83fffff,9:40:00,8830e0ac87fffff,17,72.82,23.88,서울 강서구 화곡동
8830e0ac83fffff,9:40:00,8830e0ac9dfffff,17,108.59,27.39,서울 양천구 신정동
8830e0ac83fffff,10:00:00,8830e0ac83fffff,167,76.35,26.86,서울 구로구 구로동
8830e0ac83fffff,10:00:00,8830e0ac87fffff,24,70.25,26.33,서울 강서구 화곡동
8830e0ac83fffff,10:00:00,8830e0ac9dfffff,18,71.67,30.57,서울 양천구 신정동
8830e0ac83fffff,10:20:00,8830e0ac83fffff,156,70.34,23.76,서울 구로구 구로동
8830e0ac83fffff,10:20:00,8830e0ac87fffff,19,73.74,29.88,서울 강서구 화곡동
8830e0ac83fffff,10:20:00,8830e0ac9dfffff,24,95.83,23.75,서울 양천구 신정동
8830e0ac83fffff,10:40:00,8830e0ac83fffff,142,80.48,25.25,서울 구로구 구로동
8830e0ac83fffff,10:40:00,8830e0ac87fffff,22,68.73,28.92,서울 강서구 화곡동
8830e0ac83fffff,10:40:00,8830e0ac9dfffff,21,100.38,26.96,서울 양천구 신정동
8830e0ac83fffff,11:00:00,8830e0ac83fffff,164,68.56,24.39,서울 구로구 구로동
8830e0ac83fffff,11:00:00,8830e0ac87fffff,26,68.08,25.52,서울 강서구 화곡동
8830e0ac83fffff,11:00:00,8830e0ac9dfffff,19,77.32,22.97,서울 양천구 신정동
8830e0ac83fffff,11:20:00,8830e0ac83fffff,164,76.16,23.89,서울 구로구 구로동
8830e0ac83fffff,11:20:00,8830e0ac87fffff,19,51.42,22.72,서울 강서구 화곡동
8830e0ac83fffff,11:20:00,8830e0ac9dfffff,26,81.19,30.1,서울 양천구 신정동
8830e0ac83fffff,11:40:00,8830e0ac83fffff,200,65.89,22.07,서울 구로구 구로동
8830e0ac83fffff,11:40:00,8830e0ac87fffff,24,59.33,26.73,서울 강서구 화곡동
8830e0ac83fffff,11:40:00,8830e0ac9dfffff,32,110.03,25.24,서울 양천구 신정동
8830e0ac83fffff,12:00:00,8830e0ac83fffff,176,69.57,25.46,서울 구로구 구로동
8830e0ac83fffff,12:00:00,8830e0ac87fffff,25,62.52,23.87,서울 강서구 화곡동
8830e0ac83fffff,12:00:00,8830e0ac9dfffff,37,90.97,31.03,서울 양천구 신정동
8830e0ac83fffff,12:20:00,8830e0ac83fffff,191,78.3,25.95,서울 구로구 구로동
8830e0ac83fffff,12:20:00,8830e0ac87fffff,17,66.24,28.41,서울 강서구 화곡동
8830e0ac83fffff,12:20:00,8830e0ac9dfffff,21,93.62,31.12,서울 양천구 신정동
8830e0ac83fffff,12:40:00,8830e0ac83fffff,174,82.39,24.98,서울 구로구 구로동
8830e0ac83fffff,12:40:00,8830e0ac87fffff,19,86.32,26.53,서울 강서구 화곡동
8830e0ac83fffff,12:40:00,8830e0ac9dfffff,19,86.68,24.81,서울 양천구 신정동
8830e0ac83fffff,13:00:00,8830e0ac83fffff,241,83.54,27.89,서울 구로구 구로동
8830e0ac83fffff,13:00:00,8830e0ac87fffff,22,70.91,24.07,서울 강서구 화곡동
8830e0ac83fffff,13:00:00,8830e0ac9dfffff,58,155.0,33.99,서울 양천구 신정동
8830e0ac83fffff,13:20:00,8830e0ac83fffff,189,83.03,29.01,서울 구로구 구로동
8830e0ac83fffff,13:20:00,8830e0ac87fffff,17,68.29,21.78,서울 강서구 화곡동
8830e0ac83fffff,13:20:00,8830e0ac9dfffff,41,128.32,30.48,서울 양천구 신정동
8830e0ac83fffff,13:40:00,8830e0ac83fffff,162,75.54,24.97,서울 구로구 구로동
8830e0ac83fffff,13:40:00,8830e0ac87fffff,21,82.71,25.53,서울 강서구 화곡동
8830e0ac83fffff,13:40:00,8830e0ac9dfffff,25,94.16,27.36,서울 양천구 신정동
8830e0ac83fffff,14:00:00,8830e0ac83fffff,175,76.89,24.76,서울 구로구 구로동
8830e0ac83fffff,14:00:00,8830e0ac87fffff,27,64.78,22.98,서울 강서구 화곡동
8830e0ac83fffff,14:00:00,8830e0ac9dfffff,39,114.46,32.32,서울 양천구 신정동
8830e0ac83fffff,14:20:00,8830e0ac83fffff,154,70.27,26.74,서울 구로구 구로동
8830e0ac83fffff,14:20:00,8830e0ac87fffff,17,77.06,22.52,서울 강서구 화곡동
8830e0ac83fffff,14:20:00,8830e0ac9dfffff,32,112.38,29.93,서울 양천구 신정동
8830e0ac83fffff,14:40:00,8830e0ac83fffff,148,66.07,24.22,서울 구로구 구로동
8830e0ac83fffff,14:40:00,8830e0ac87fffff,14,60.79,24.56,서울 강서구 화곡동
8830e0ac83fffff,14:40:00,8830e0ac9dfffff,28,127.79,27.43,서울 양천구 신정동
8830e0ac83fffff,15:00:00,8830e0ac83fffff,144,68.92,24.71,서울 구로구 구로동
8830e0ac83fffff,15:00:00,8830e0ac87fffff,18,60.11,25.52,서울 강서구 화곡동
8830e0ac83fffff,15:00:00,8830e0ac9dfffff,27,128.37,28.1,서울 양천구 신정동
8830e0ac83fffff,15:20:00,8830e0ac83fffff,135,63.8,25.05,서울 구로구 구로동
8830e0ac83fffff,15:20:00,8830e0ac87fffff,15,118.67,25.2,서울 강서구 화곡동
8830e0ac83fffff,15:20:00,8830e0ac9dfffff,29,90.45,28.18,서울 양천구 신정동
8830e0ac83fffff,15:40:00,8830e0ac83fffff,128,56.09,20.92,서울 구로구 구로동
8830e0ac83fffff,15:40:00,8830e0ac87fffff,19,75.26,17.62,서울 강서구 화곡동
8830e0ac83fffff,15:40:00,8830e0ac9dfffff,23,135.35,37.59,서울 양천구 신정동
8830e0ac83fffff,16:00:00,8830e0ac83fffff,106,57.28,23.8,서울 구로구 구로동
8830e0ac83fffff,16:00:00,8830e0ac87fffff,13,48.0,20.16,서울 강서구 화곡동
8830e0ac83fffff,16:00:00,8830e0ac9dfffff,19,146.58,27.75,서울 양천구 신정동
8830e0ac83fffff,16:20:00,8830e0ac83fffff,82,58.66,21.81,서울 구로구 구로동
8830e0ac83fffff,16:20:00,8830e0ac87fffff,13,83.15,19.86,서울 강서구 화곡동
8830e0ac83fffff,16:20:00,8830e0ac9dfffff,19,104.05,24.91,서울 양천구 신정동
8830e0ac83fffff,16:40:00,8830e0ac83fffff,61,52.93,21.53,서울 구로구 구로동
8830e0ac83fffff,16:40:00,8830e0ac87fffff,13,115.69,17.51,서울 강서구 화곡동
8830e0ac83fffff,17:00:00,8830e0ac83fffff,72,55.97,23.25,서울 구로구 구로동
8830e0ac83fffff,17:00:00,8830e0ac87fffff,13,83.77,17.43,서울 강서구 화곡동
8830e0ac83fffff,17:00:00,8830e0ac9dfffff,22,102.77,28.05,서울 양천구 신정동
8830e0ac83fffff,17:20:00,8830e0ac83fffff,63,100.95,22.33,서울 구로구 구로동
8830e0ac83fffff,17:20:00,8830e0ac87fffff,18,73.94,20.91,서울 강서구 화곡동
8830e0ac83fffff,17:20:00,8830e0ac9dfffff,22,101.36,33.32,서울 양천구 신정동
8830e0ac83fffff,17:40:00,8830e0ac83fffff,46,72.46,18.83,서울 구로구 구로동
8830e0ac83fffff,17:40:00,8830e0ac87fffff,16,60.19,22.12,서울 강서구 화곡동
8830e0ac83fffff,17:40:00,8830e0ac9dfffff,26,84.62,24.13,서울 양천구 신정동
8830e0ac83fffff,18:00:00,8830e0ac83fffff,36,53.97,28.26,서울 구로구 구로동
8830e0ac83fffff,18:00:00,8830e0ac87fffff,15,43.93,21.68,서울 강서구 화곡동
8830e0ac83fffff,18:00:00,8830e0ac9dfffff,14,88.0,27.09,서울 양천구 신정동
8830e0ac83fffff,18:00:00,8830e1db25fffff,11,78.0,20.68,서울 양천구 목동
8830e0ac83fffff,18:20:00,8830e0ac83fffff,44,48.27,18.1,서울 구로구 구로동
8830e0ac83fffff,18:20:00,8830e0ac87fffff,16,55.56,26.53,서울 강서구 화곡동
8830e0ac83fffff,18:20:00,8830e0ac9dfffff,26,92.62,36.19,서울 양천구 신정동
8830e0ac83fffff,18:40:00,8830e0ac83fffff,32,47.94,21.61,서울 구로구 구로동
8830e0ac83fffff,18:40:00,8830e0ac87fffff,11,49.27,23.12,서울 강서구 화곡동
8830e0ac83fffff,18:40:00,8830e0ac9dfffff,13,104.92,21.34,서울 양천구 신정동
8830e0ac83fffff,19:00:00,8830e0ac83fffff,34,75.68,28.17,서울 구로구 구로동
8830e0ac83fffff,19:00:00,8830e0ac87fffff,12,135.5,37.84,서울 강서구 화곡동
8830e0ac83fffff,19:00:00,8830e0ac9dfffff,26,92.42,30.8,서울 양천구 신정동
8830e0ac83fffff,19:20:00,8830e0ac83fffff,34,61.59,21.45,서울 구로구 구로동
8830e0ac83fffff,19:20:00,8830e0ac87fffff,12,77.5,34.93,서울 강서구 화곡동
8830e0ac83fffff,19:20:00,8830e0ac9dfffff,15,81.73,20.99,서울 양천구 신정동
8830e0ac83fffff,19:40:00,8830e0ac83fffff,24,55.79,43.43,서울 구로구 구로동
8830e0ac83fffff,19:40:00,8830e0ac9dfffff,23,75.39,22.8,서울 양천구 신정동
8830e0ac83fffff,20:00:00,8830e0ac83fffff,29,87.52,28.91,서울 구로구 구로동
8830e0ac83fffff,20:00:00,8830e0ac9dfffff,13,136.85,23.45,서울 양천구 신정동
8830e0ac83fffff,20:20:00,8830e0ac83fffff,25,65.96,30.11,서울 구로구 구로동
8830e0ac83fffff,20:20:00,8830e0ac87fffff,10,51.9,21.82,서울 강서구 화곡동
8830e0ac83fffff,20:20:00,8830e0ac9dfffff,19,77.11,32.73,서울 양천구 신정동
8830e0ac83fffff,20:40:00,8830e0ac83fffff,36,67.53,33.35,서울 구로구 구로동
8830e0ac83fffff,20:40:00,8830e0ac9dfffff,20,61.5,61.51,서울 양천구 신정동
8830e0ac83fffff,21:00:00,8830e0ac83fffff,29,54.97,26.0,서울 구로구 구로동
8830e0ac83fffff,21:00:00,8830e0ac87fffff,12,57.83,26.9,서울 강서구 화곡동
8830e0ac83fffff,21:00:00,8830e0ac9dfffff,16,73.75,24.74,서울 양천구 신정동
8830e0ac83fffff,21:20:00,8830e0ac83fffff,34,63.26,19.97,서울 구로구 구로동
8830e0ac83fffff,21:20:00,8830e0ac9dfffff,22,69.73,29.94,서울 양천구 신정동
8830e0ac83fffff,21:40:00,8830e0ac83fffff,28,58.39,20.27,서울 구로구 구로동
8830e0ac83fffff,21:40:00,8830e0ac9dfffff,20,49.25,26.96,서울 양천구 신정동
8830e0ac83fffff,22:00:00,8830e0ac83fffff,31,65.74,22.34,서울 구로구 구로동
8830e0ac83fffff,22:00:00,8830e0ac9dfffff,12,52.67,33.48,서울 양천구 신정동
8830e0ac83fffff,22:20:00,8830e0ac83fffff,20,45.7,97.94,서울 구로구 구로동
8830e0ac83fffff,22:20:00,8830e0ac9dfffff,21,78.57,22.61,서울 양천구 신정동
8830e0ac83fffff,22:20:00,8830e1db25fffff,10,62.5,33.91,서울 양천구 목동
8830e0ac83fffff,22:40:00,8830e0ac83fffff,25,59.56,44.47,서울 구로구 구로동
8830e0ac83fffff,22:40:00,8830e0ac9dfffff,14,49.79,43.17,서울 양천구 신정동
8830e0ac83fffff,23:00:00,8830e0ac83fffff,32,50.28,42.54,서울 구로구 구로동
8830e0ac83fffff,23:20:00,8830e0ac83fffff,23,34.65,16.01,서울 구로구 구로동
8830e0ac85fffff,0:00:00,8830e0ac87fffff,64,52.72,18.38,서울 강서구 화곡동
8830e0ac85fffff,3:00:00,8830e0ac87fffff,10,154.7,20.03,서울 강서구 화곡동
8830e0ac85fffff,3:40:00,8830e0ac87fffff,11,82.27,21.1,서울 강서구 화곡동
8830e0ac85fffff,4:20:00,8830e0ac87fffff,10,72.1,11.82,서울 강서구 화곡동
8830e0ac85fffff,4:40:00,8830e0ac87fffff,11,178.45,26.01,서울 강서구 화곡동
8830e0ac85fffff,5:20:00,8830e0ac83fffff,10,81.0,27.92,서울 구로구 구로동
8830e0ac85fffff,5:40:00,8830e0ac87fffff,11,98.55,25.29,서울 강서구 화곡동
8830e0ac85fffff,6:00:00,8830e0ac87fffff,18,80.72,24.68,서울 강서구 화곡동
8830e0ac85fffff,6:20:00,8830e0ac87fffff,31,164.32,27.47,서울 강서구 화곡동
8830e0ac85fffff,6:40:00,8830e0ac87fffff,20,91.95,20.86,서울 강서구 화곡동
8830e0ac85fffff,7:00:00,8830e0ac87fffff,29,129.1,25.5,서울 강서구 화곡동
8830e0ac85fffff,7:20:00,8830e0ac87fffff,22,56.64,22.34,서울 강서구 화곡동
8830e0ac85fffff,7:40:00,8830e0ac83fffff,14,59.5,25.9,서울 구로구 구로동
8830e0ac85fffff,7:40:00,8830e0ac87fffff,27,65.19,24.55,서울 강서구 화곡동
8830e0ac85fffff,7:40:00,8830e0ae99fffff,12,48.0,34.94,서울 강서구 등촌동
8830e0ac85fffff,7:40:00,8830e1db25fffff,10,48.0,26.5,서울 양천구 목동
8830e0ac85fffff,8:00:00,8830e0ac83fffff,19,65.32,22.91,서울 구로구 구로동
8830e0ac85fffff,8:00:00,8830e0ac87fffff,31,58.1,29.02,서울 강서구 화곡동
8830e0ac85fffff,8:00:00,8830e0ac9dfffff,10,108.7,19.13,서울 양천구 신정동
8830e0ac85fffff,8:00:00,8830e0ae99fffff,13,47.08,27.56,서울 강서구 등촌동
8830e0ac85fffff,8:20:00,8830e0ac83fffff,20,70.75,26.33,서울 구로구 구로동
8830e0ac85fffff,8:20:00,8830e0ac87fffff,47,53.83,26.28,서울 강서구 화곡동
8830e0ac85fffff,8:40:00,8830e0ac83fffff,15,74.87,25.31,서울 구로구 구로동
8830e0ac85fffff,8:40:00,8830e0ac87fffff,45,76.91,30.62,서울 강서구 화곡동
8830e0ac85fffff,9:00:00,8830e0ac83fffff,25,75.96,26.44,서울 구로구 구로동
8830e0ac85fffff,9:00:00,8830e0ac87fffff,60,71.27,25.61,서울 강서구 화곡동
8830e0ac85fffff,9:20:00,8830e0ac83fffff,12,68.75,35.31,서울 구로구 구로동
8830e0ac85fffff,9:20:00,8830e0ac87fffff,63,61.73,22.88,서울 강서구 화곡동
8830e0ac85fffff,9:40:00,8830e0ac87fffff,56,59.21,22.15,서울 강서구 화곡동
8830e0ac85fffff,10:00:00,8830e0ac87fffff,85,86.33,29.11,서울 강서구 화곡동
8830e0ac85fffff,10:20:00,8830e0ac87fffff,75,62.41,25.81,서울 강서구 화곡동
8830e0ac85fffff,10:40:00,8830e0ac87fffff,79,72.71,28.29,서울 강서구 화곡동
8830e0ac85fffff,11:00:00,8830e0ac87fffff,82,66.01,24.33,서울 강서구 화곡동
8830e0ac85fffff,11:20:00,8830e0ac87fffff,68,66.72,21.18,서울 강서구 화곡동
8830e0ac85fffff,11:40:00,8830e0ac87fffff,77,64.12,22.95,서울 강서구 화곡동
8830e0ac85fffff,12:00:00,8830e0ac87fffff,73,64.75,21.78,서울 강서구 화곡동
8830e0ac85fffff,12:20:00,8830e0ac83fffff,11,62.64,20.26,서울 구로구 구로동
8830e0ac85fffff,12:20:00,8830e0ac87fffff,79,63.77,22.22,서울 강서구 화곡동
8830e0ac85fffff,12:40:00,8830e0ac83fffff,11,62.91,28.27,서울 구로구 구로동
8830e0ac85fffff,12:40:00,8830e0ac87fffff,65,70.54,23.67,서울 강서구 화곡동
8830e0ac85fffff,13:00:00,8830e0ac83fffff,10,79.3,22.19,서울 구로구 구로동
8830e0ac85fffff,13:00:00,8830e0ac87fffff,83,73.1,25.4,서울 강서구 화곡동
8830e0ac85fffff,13:20:00,8830e0ac83fffff,14,65.36,28.41,서울 구로구 구로동
8830e0ac85fffff,13:20:00,8830e0ac87fffff,72,72.15,23.71,서울 강서구 화곡동
8830e0ac85fffff,13:20:00,8830e0ac99fffff,10,64.8,32.11,Kintex
8830e0ac85fffff,13:40:00,8830e0ac83fffff,10,55.2,16.97,서울 구로구 구로동
8830e0ac85fffff,13:40:00,8830e0ac87fffff,66,68.92,25.83,서울 강서구 화곡동
8830e0ac85fffff,14:00:00,8830e0ac83fffff,14,79.29,17.0,서울 구로구 구로동
8830e0ac85fffff,14:00:00,8830e0ac87fffff,80,68.63,21.88,서울 강서구 화곡동
8830e0ac85fffff,14:20:00,8830e0ac87fffff,86,60.57,22.57,서울 강서구 화곡동
8830e0ac85fffff,14:40:00,8830e0ac87fffff,72,77.25,25.17,서울 강서구 화곡동
8830e0ac85fffff,15:00:00,8830e0ac83fffff,13,62.38,29.23,서울 구로구 구로동
8830e0ac85fffff,15:00:00,8830e0ac87fffff,88,55.58,23.52,서울 강서구 화곡동
8830e0ac85fffff,15:20:00,8830e0ac83fffff,13,53.08,23.1,서울 구로구 구로동
8830e0ac85fffff,15:20:00,8830e0ac87fffff,85,66.48,26.77,서울 강서구 화곡동
8830e0ac85fffff,15:40:00,8830e0ac83fffff,17,47.76,36.11,서울 구로구 구로동
8830e0ac85fffff,15:40:00,8830e0ac87fffff,62,61.69,23.68,서울 강서구 화곡동
8830e0ac85fffff,16:00:00,8830e0ac87fffff,57,56.32,24.33,서울 강서구 화곡동
8830e0ac85fffff,16:20:00,8830e0ac87fffff,76,54.66,22.6,서울 강서구 화곡동
8830e0ac85fffff,16:40:00,8830e0ac87fffff,71,58.42,24.34,서울 강서구 화곡동
8830e0ac85fffff,17:00:00,8830e0ac87fffff,75,56.21,20.9,서울 강서구 화곡동
8830e0ac85fffff,17:20:00,8830e0ac87fffff,43,52.58,22.99,서울 강서구 화곡동
8830e0ac85fffff,17:20:00,8830e0aea7fffff,11,43.36,20.87,서울 양천구 목동
8830e0ac85fffff,17:40:00,8830e0ac87fffff,52,54.48,21.09,서울 강서구 화곡동
8830e0ac85fffff,18:00:00,8830e0ac83fffff,11,50.64,26.49,서울 구로구 구로동
8830e0ac85fffff,18:00:00,8830e0ac87fffff,49,59.55,22.52,서울 강서구 화곡동
8830e0ac85fffff,18:20:00,8830e0ac87fffff,47,61.06,23.03,서울 강서구 화곡동
8830e0ac85fffff,18:40:00,8830e0ac87fffff,53,58.92,25.68,서울 강서구 화곡동
8830e0ac85fffff,19:00:00,8830e0ac87fffff,48,51.88,23.6,서울 강서구 화곡동
8830e0ac85fffff,19:20:00,8830e0ac87fffff,44,61.66,25.91,서울 강서구 화곡동
8830e0ac85fffff,19:40:00,8830e0ac87fffff,61,61.07,22.95,서울 강서구 화곡동
8830e0ac85fffff,20:00:00,8830e0ac87fffff,31,58.23,25.26,서울 강서구 화곡동
8830e0ac85fffff,20:20:00,8830e0ac83fffff,10,51.3,23.44,서울 구로구 구로동
8830e0ac85fffff,20:20:00,8830e0ac87fffff,42,81.33,27.05,서울 강서구 화곡동
8830e0ac85fffff,20:40:00,8830e0ac87fffff,49,63.0,22.45,서울 강서구 화곡동
8830e0ac85fffff,21:00:00,8830e0ac87fffff,54,61.15,31.15,서울 강서구 화곡동
8830e0ac85fffff,21:20:00,8830e0ac87fffff,37,56.73,23.14,서울 강서구 화곡동
8830e0ac85fffff,21:40:00,8830e0ac87fffff,29,88.0,21.97,서울 강서구 화곡동
8830e0ac85fffff,22:00:00,8830e0ac87fffff,25,55.52,24.44,서울 강서구 화곡동
8830e0ac85fffff,22:20:00,8830e0ac87fffff,17,52.94,28.02,서울 강서구 화곡동
8830e0ac85fffff,22:40:00,8830e0ac87fffff,20,51.8,19.5,서울 강서구 화곡동
8830e0ac85fffff,23:00:00,8830e0ac87fffff,14,48.71,18.77,서울 강서구 화곡동
8830e0ac85fffff,23:20:00,8830e0ac87fffff,15,35.67,21.21,서울 강서구 화곡동
8830e0ac87fffff,0:00:00,8830e0ac83fffff,19,76.53,10.58,서울 구로구 구로동
8830e0ac87fffff,0:00:00,8830e0ac87fffff,255,48.33,13.71,서울 강서구 화곡동
8830e0ac87fffff,0:20:00,8830e0ac87fffff,12,54.25,14.0,서울 강서구 화곡동
8830e0ac87fffff,0:40:00,8830e0ac87fffff,23,52.83,21.04,서울 강서구 화곡동
8830e0ac87fffff,1:00:00,8830e0ac87fffff,36,53.53,16.9,서울 강서구 화곡동
8830e0ac87fffff,1:20:00,8830e0ac87fffff,20,46.2,23.96,서울 강서구 화곡동
8830e0ac87fffff,1:40:00,8830e0ac87fffff,20,50.35,24.21,서울 강서구 화곡동
8830e0ac87fffff,2:00:00,8830e0ac87fffff,18,49.28,17.08,서울 강서구 화곡동
8830e0ac87fffff,2:40:00,8830e0ac87fffff,13,71.31,15.11,서울 강서구 화곡동
8830e0ac87fffff,3:00:00,8830e0ac87fffff,19,66.79,27.46,서울 강서구 화곡동
8830e0ac87fffff,3:20:00,8830e0ac87fffff,17,177.29,19.84,서울 강서구 화곡동
8830e0ac87fffff,3:40:00,8830e0ac87fffff,15,76.33,13.67,서울 강서구 화곡동
8830e0ac87fffff,4:00:00,8830e0ac87fffff,17,46.76,14.23,서울 강서구 화곡동
8830e0ac87fffff,4:20:00,8830e0ac87fffff,18,50.94,14.47,서울 강서구 화곡동
8830e0ac87fffff,4:40:00,8830e0ac87fffff,19,88.53,18.95,서울 강서구 화곡동
8830e0ac87fffff,5:00:00,8830e0ac87fffff,38,68.97,16.61,서울 강서구 화곡동
8830e0ac87fffff,5:20:00,8830e0ac87fffff,21,152.38,20.65,서울 강서구 화곡동
8830e0ac87fffff,5:40:00,8830e0ac87fffff,36,215.67,28.06,서울 강서구 화곡동
8830e0ac87fffff,6:00:00,8830e0ac87fffff,38,113.68,20.3,서울 강서구 화곡동
8830e0ac87fffff,6:20:00,8830e0ac87fffff,55,103.51,23.25,서울 강서구 화곡동
8830e0ac87fffff,6:40:00,8830e0ac87fffff,56,130.29,22.55,서울 강서구 화곡동
8830e0ac87fffff,7:00:00,8830e0ac87fffff,115,97.9,21.51,서울 강서구 화곡동
8830e0ac87fffff,7:20:00,8830e0ac87fffff,84,103.63,20.54,서울 강서구 화곡동
8830e0ac87fffff,7:40:00,8830e0ac87fffff,103,75.7,20.16,서울 강서구 화곡동
8830e0ac87fffff,8:00:00,8830e0ac83fffff,12,60.5,31.34,서울 구로구 구로동
8830e0ac87fffff,8:00:00,8830e0ac87fffff,114,75.63,20.18,서울 강서구 화곡동
8830e0ac87fffff,8:20:00,8830e0ac83fffff,20,79.65,26.44,서울 구로구 구로동
8830e0ac87fffff,8:20:00,8830e0ac87fffff,117,76.97,22.73,서울 강서구 화곡동
8830e0ac87fffff,8:40:00,8830e0ac83fffff,25,88.44,30.66,서울 구로구 구로동
8830e0ac87fffff,8:40:00,8830e0ac87fffff,167,86.28,23.49,서울 강서구 화곡동
8830e0ac87fffff,9:00:00,8830e0ac83fffff,13,93.38,21.96,서울 구로구 구로동
8830e0ac87fffff,9:00:00,8830e0ac87fffff,161,69.28,19.68,서울 강서구 화곡동
8830e0ac87fffff,9:20:00,8830e0ac83fffff,21,79.52,28.6,서울 구로구 구로동
8830e0ac87fffff,9:20:00,8830e0ac87fffff,170,74.3,22.69,서울 강서구 화곡동
8830e0ac87fffff,9:40:00,8830e0ac83fffff,13,74.54,24.0,서울 구로구 구로동
8830e0ac87fffff,9:40:00,8830e0ac87fffff,188,66.06,20.75,서울 강서구 화곡동
8830e0ac87fffff,10:00:00,8830e0ac83fffff,22,74.64,28.02,서울 구로구 구로동
8830e0ac87fffff,10:00:00,8830e0ac87fffff,211,64.09,20.94,서울 강서구 화곡동
8830e0ac87fffff,10:20:00,8830e0ac83fffff,23,69.04,24.17,서울 구로구 구로동
8830e0ac87fffff,10:20:00,8830e0ac87fffff,192,64.77,26.38,서울 강서구 화곡동
8830e0ac87fffff,10:40:00,8830e0ac83fffff,25,81.16,28.49,서울 구로구 구로동
8830e0ac87fffff,10:40:00,8830e0ac87fffff,205,80.74,21.14,서울 강서구 화곡동
8830e0ac87fffff,11:00:00,8830e0ac83fffff,15,96.6,35.9,서울 구로구 구로동
8830e0ac87fffff,11:00:00,8830e0ac87fffff,209,61.8,21.53,서울 강서구 화곡동
8830e0ac87fffff,11:20:00,8830e0ac83fffff,15,81.8,28.95,서울 구로구 구로동
8830e0ac87fffff,11:20:00,8830e0ac87fffff,222,63.66,22.86,서울 강서구 화곡동
8830e0ac87fffff,11:40:00,8830e0ac83fffff,19,71.63,24.98,서울 구로구 구로동
8830e0ac87fffff,11:40:00,8830e0ac87fffff,222,58.52,21.36,서울 강서구 화곡동
8830e0ac87fffff,12:00:00,8830e0ac83fffff,26,81.0,37.31,서울 구로구 구로동
8830e0ac87fffff,12:00:00,8830e0ac87fffff,214,57.37,22.46,서울 강서구 화곡동
8830e0ac87fffff,12:20:00,8830e0ac83fffff,20,79.1,23.67,서울 구로구 구로동
8830e0ac87fffff,12:20:00,8830e0ac87fffff,212,75.17,20.67,서울 강서구 화곡동
8830e0ac87fffff,12:40:00,8830e0ac83fffff,29,62.72,26.92,서울 구로구 구로동
8830e0ac87fffff,12:40:00,8830e0ac87fffff,182,69.87,23.34,서울 강서구 화곡동
8830e0ac87fffff,13:00:00,8830e0ac83fffff,39,86.0,29.83,서울 구로구 구로동
8830e0ac87fffff,13:00:00,8830e0ac87fffff,213,71.11,23.77,서울 강서구 화곡동
8830e0ac87fffff,13:20:00,8830e0ac83fffff,23,69.61,30.6,서울 구로구 구로동
8830e0ac87fffff,13:20:00,8830e0ac87fffff,200,71.21,22.8,서울 강서구 화곡동
8830e0ac87fffff,13:40:00,8830e0ac83fffff,18,75.06,21.87,서울 구로구 구로동
8830e0ac87fffff,13:40:00,8830e0ac87fffff,183,66.7,24.14,서울 강서구 화곡동
8830e0ac87fffff,14:00:00,8830e0ac83fffff,26,69.96,26.22,서울 구로구 구로동
8830e0ac87fffff,14:00:00,8830e0ac87fffff,193,61.31,26.07,서울 강서구 화곡동
8830e0ac87fffff,14:20:00,8830e0ac83fffff,29,107.24,22.5,서울 구로구 구로동
8830e0ac87fffff,14:20:00,8830e0ac87fffff,158,66.87,25.73,서울 강서구 화곡동
8830e0ac87fffff,14:40:00,8830e0ac83fffff,28,62.0,24.0,서울 구로구 구로동
8830e0ac87fffff,14:40:00,8830e0ac87fffff,207,73.24,23.45,서울 강서구 화곡동
8830e0ac87fffff,15:00:00,8830e0ac83fffff,22,74.23,25.43,서울 구로구 구로동
8830e0ac87fffff,15:00:00,8830e0ac87fffff,160,61.6,21.78,서울 강서구 화곡동
8830e0ac87fffff,15:20:00,8830e0ac83fffff,26,73.15,28.51,서울 구로구 구로동
8830e0ac87fffff,15:20:00,8830e0ac87fffff,179,65.18,23.74,서울 강서구 화곡동
8830e0ac87fffff,15:40:00,8830e0ac83fffff,14,60.93,17.86,서울 구로구 구로동
8830e0ac87fffff,15:40:00,8830e0ac87fffff,142,59.92,21.43,서울 강서구 화곡동
8830e0ac87fffff,16:00:00,8830e0ac83fffff,20,83.15,18.32,서울 구로구 구로동
8830e0ac87fffff,16:00:00,8830e0ac87fffff,147,61.37,21.03,서울 강서구 화곡동
8830e0ac87fffff,16:20:00,8830e0ac83fffff,18,53.06,18.25,서울 구로구 구로동
8830e0ac87fffff,16:20:00,8830e0ac87fffff,145,64.01,21.27,서울 강서구 화곡동
8830e0ac87fffff,16:40:00,8830e0ac87fffff,112,76.96,21.07,서울 강서구 화곡동
8830e0ac87fffff,17:00:00,8830e0ac83fffff,19,61.89,19.87,서울 구로구 구로동
8830e0ac87fffff,17:00:00,8830e0ac87fffff,143,70.27,21.24,서울 강서구 화곡동
8830e0ac87fffff,17:20:00,8830e0ac87fffff,113,84.27,21.94,서울 강서구 화곡동
8830e0ac87fffff,17:40:00,8830e0ac83fffff,11,74.91,24.61,서울 구로구 구로동
8830e0ac87fffff,17:40:00,8830e0ac87fffff,121,56.86,23.14,서울 강서구 화곡동
8830e0ac87fffff,18:00:00,8830e0ac87fffff,114,59.05,18.32,서울 강서구 화곡동
8830e0ac87fffff,18:20:00,8830e0ac83fffff,16,45.44,14.92,서울 구로구 구로동
8830e0ac87fffff,18:20:00,8830e0ac87fffff,100,63.22,19.99,서울 강서구 화곡동
8830e0ac87fffff,18:40:00,8830e0ac87fffff,89,56.61,19.16,서울 강서구 화곡동
8830e0ac87fffff,19:00:00,8830e0ac83fffff,13,51.92,22.23,서울 구로구 구로동
8830e0ac87fffff,19:00:00,8830e0ac87fffff,140,56.24,22.66,서울 강서구 화곡동
8830e0ac87fffff,19:20:00,8830e0ac83fffff,12,57.25,18.24,서울 구로구 구로동
8830e0ac87fffff,19:20:00,8830e0ac87fffff,81,61.48,23.85,서울 강서구 화곡동
8830e0ac87fffff,19:40:00,8830e0ac87fffff,103,66.98,26.76,서울 강서구 화곡동
8830e0ac87fffff,20:00:00,8830e0ac87fffff,102,56.75,19.7,서울 강서구 화곡동
8830e0ac87fffff,20:20:00,8830e0ac87fffff,110,68.88,18.51,서울 강서구 화곡동
8830e0ac87fffff,20:40:00,8830e0ac87fffff,84,50.71,23.55,서울 강서구 화곡동
8830e0ac87fffff,21:00:00,8830e0ac87fffff,98,56.62,20.74,서울 강서구 화곡동
8830e0ac87fffff,21:20:00,8830e0ac83fffff,11,67.91,17.86,서울 구로구 구로동
8830e0ac87fffff,21:20:00,8830e0ac87fffff,83,57.73,21.86,서울 강서구 화곡동
8830e0ac87fffff,21:40:00,8830e0ac87fffff,72,58.85,21.76,서울 강서구 화곡동
8830e0ac87fffff,22:00:00,8830e0ac87fffff,65,53.17,20.38,서울 강서구 화곡동
8830e0ac87fffff,22:20:00,8830e0ac87fffff,63,55.37,18.05,서울 강서구 화곡동
8830e0ac87fffff,22:40:00,8830e0ac87fffff,51,53.25,18.4,서울 강서구 화곡동
8830e0ac87fffff,23:00:00,8830e0ac87fffff,67,48.0,15.02,서울 강서구 화곡동
8830e0ac87fffff,23:20:00,8830e0ac87fffff,52,33.98,13.09,서울 강서구 화곡동
8830e0ac89fffff,0:00:00,8830e0ac83fffff,10,34.2,11.81,서울 구로구 구로동
8830e0ac89fffff,0:00:00,8830e0ac9dfffff,18,75.61,22.34,서울 양천구 신정동
8830e0ac89fffff,7:40:00,8830e1db25fffff,13,44.62,27.65,서울 양천구 목동
8830e0ac89fffff,8:20:00,8830e0ac83fffff,10,42.2,18.91,서울 구로구 구로동
8830e0ac89fffff,8:20:00,8830e0ac87fffff,11,78.0,20.75,서울 강서구 화곡동
8830e0ac89fffff,8:40:00,8830e0ac83fffff,10,112.1,24.65,서울 구로구 구로동
8830e0ac89fffff,9:20:00,8830e0ac83fffff,14,78.0,22.61,서울 구로구 구로동
8830e0ac89fffff,10:00:00,8830e0ac83fffff,15,151.0,28.52,서울 구로구 구로동
8830e0ac89fffff,10:20:00,8830e0ac9dfffff,11,213.09,39.51,서울 양천구 신정동
8830e0ac89fffff,11:00:00,8830e0ac83fffff,11,62.64,20.89,서울 구로구 구로동
8830e0ac89fffff,11:40:00,8830e0ac83fffff,13,56.92,17.89,서울 구로구 구로동
8830e0ac89fffff,12:20:00,8830e0ac83fffff,10,92.9,19.22,서울 구로구 구로동
8830e0ac89fffff,12:20:00,8830e0ac9dfffff,10,51.2,24.12,서울 양천구 신정동
8830e0ac89fffff,12:40:00,8830e0ac83fffff,15,71.13,18.63,서울 구로구 구로동
8830e0ac89fffff,13:00:00,8830e0ac83fffff,10,54.3,25.18,서울 구로구 구로동
8830e0ac89fffff,13:20:00,8830e0ac83fffff,13,52.54,22.65,서울 구로구 구로동
8830e0ac89fffff,13:40:00,8830e0ac83fffff,11,79.27,24.12,서울 구로구 구로동
8830e0ac89fffff,14:00:00,8830e0ac83fffff,15,55.93,20.59,서울 구로구 구로동
8830e0ac89fffff,14:20:00,8830e0ac9dfffff,10,98.7,25.32,서울 양천구 신정동
8830e0ac89fffff,14:40:00,8830e0ac83fffff,12,75.0,24.97,서울 구로구 구로동
8830e0ac89fffff,15:20:00,8830e0ac83fffff,12,65.58,20.21,서울 구로구 구로동
8830e0ac89fffff,16:20:00,8830e0ac9dfffff,13,115.62,23.95,서울 양천구 신정동
8830e0ac89fffff,16:40:00,8830e0ac83fffff,10,145.0,25.51,서울 구로구 구로동
8830e0ac89fffff,18:00:00,8830e0ac83fffff,11,52.64,19.83,서울 구로구 구로동
8830e0ac89fffff,21:20:00,8830e0ac9dfffff,10,68.2,24.88,서울 양천구 신정동
8830e0ac89fffff,23:00:00,8830e0ac83fffff,14,45.29,11.05,서울 구로구 구로동
8830e0ac8bfffff,0:00:00,8830e0ac83fffff,34,39.5,18.84,서울 구로구 구로동
8830e0ac8bfffff,0:00:00,8830e0ac9dfffff,36,53.42,22.88,서울 양천구 신정동
8830e0ac8bfffff,7:00:00,8830e0ac9dfffff,15,160.13,25.09,서울 양천구 신정동
8830e0ac8bfffff,7:20:00,8830e0ac9dfffff,16,113.94,28.41,서울 양천구 신정동
8830e0ac8bfffff,7:40:00,8830e0ac9dfffff,15,200.93,29.64,서울 양천구 신정동
8830e0ac8bfffff,8:00:00,8830e0ac9dfffff,17,67.65,24.66,서울 양천구 신정동
8830e0ac8bfffff,8:20:00,8830e0ac83fffff,10,44.2,24.11,서울 구로구 구로동
8830e0ac8bfffff,8:20:00,8830e0ac9dfffff,20,73.0,22.17,서울 양천구 신정동
8830e0ac8bfffff,8:40:00,8830e0ac83fffff,19,76.74,20.2,서울 구로구 구로동
8830e0ac8bfffff,8:40:00,8830e0ac9dfffff,23,60.43,25.26,서울 양천구 신정동
8830e0ac8bfffff,9:00:00,8830e0ac83fffff,12,58.25,17.59,서울 구로구 구로동
8830e0ac8bfffff,9:00:00,8830e0ac9dfffff,33,74.67,23.17,서울 양천구 신정동
8830e0ac8bfffff,9:20:00,8830e0ac83fffff,21,108.9,21.74,서울 구로구 구로동
8830e0ac8bfffff,9:20:00,8830e0ac9dfffff,30,64.6,20.45,서울 양천구 신정동
8830e0ac8bfffff,9:40:00,8830e0ac83fffff,17,65.76,24.1,서울 구로구 구로동
8830e0ac8bfffff,9:40:00,8830e0ac9dfffff,30,52.07,24.27,서울 양천구 신정동
8830e0ac8bfffff,10:00:00,8830e0ac83fffff,17,100.06,31.7,서울 구로구 구로동
8830e0ac8bfffff,10:00:00,8830e0ac9dfffff,20,78.9,24.34,서울 양천구 신정동
8830e0ac8bfffff,10:20:00,8830e0ac83fffff,16,106.63,28.27,서울 구로구 구로동
8830e0ac8bfffff,10:20:00,8830e0ac9dfffff,23,84.52,24.41,서울 양천구 신정동
8830e0ac8bfffff,10:40:00,8830e0ac83fffff,27,88.0,27.39,서울 구로구 구로동
8830e0ac8bfffff,10:40:00,8830e0ac9dfffff,32,83.5,23.02,서울 양천구 신정동
8830e0ac8bfffff,11:00:00,8830e0ac83fffff,15,59.8,18.22,서울 구로구 구로동
8830e0ac8bfffff,11:00:00,8830e0ac9dfffff,25,59.24,19.69,서울 양천구 신정동
8830e0ac8bfffff,11:20:00,8830e0ac83fffff,10,102.4,20.53,서울 구로구 구로동
8830e0ac8bfffff,11:20:00,8830e0ac9dfffff,19,65.11,26.66,서울 양천구 신정동
8830e0ac8bfffff,11:40:00,8830e0ac83fffff,17,64.88,21.99,서울 구로구 구로동
8830e0ac8bfffff,11:40:00,8830e0ac9dfffff,30,53.67,24.1,서울 양천구 신정동
8830e0ac8bfffff,12:00:00,8830e0ac83fffff,20,65.45,17.79,서울 구로구 구로동
8830e0ac8bfffff,12:00:00,8830e0ac9dfffff,34,72.97,21.55,서울 양천구 신정동
8830e0ac8bfffff,12:20:00,8830e0ac83fffff,14,106.64,21.7,서울 구로구 구로동
8830e0ac8bfffff,12:20:00,8830e0ac9dfffff,26,72.96,22.52,서울 양천구 신정동
8830e0ac8bfffff,12:40:00,8830e0ac83fffff,15,60.8,19.97,서울 구로구 구로동
8830e0ac8bfffff,12:40:00,8830e0ac9dfffff,29,59.76,21.31,서울 양천구 신정동
8830e0ac8bfffff,13:00:00,8830e0ac83fffff,19,91.26,28.61,서울 구로구 구로동
8830e0ac8bfffff,13:00:00,8830e0ac99fffff,12,59.5,23.1,Kintex
8830e0ac8bfffff,13:00:00,8830e0ac9dfffff,19,77.37,18.18,서울 양천구 신정동
8830e0ac8bfffff,13:20:00,8830e0ac83fffff,17,57.47,24.21,서울 구로구 구로동
8830e0ac8bfffff,13:20:00,8830e0ac9dfffff,25,115.92,24.85,서울 양천구 신정동
8830e0ac8bfffff,13:40:00,8830e0ac83fffff,21,61.57,23.95,서울 구로구 구로동
8830e0ac8bfffff,13:40:00,8830e0ac9dfffff,41,63.98,22.02,서울 양천구 신정동
8830e0ac8bfffff,14:00:00,8830e0ac83fffff,19,100.11,22.64,서울 구로구 구로동
8830e0ac8bfffff,14:00:00,8830e0ac9dfffff,29,92.34,24.72,서울 양천구 신정동
8830e0ac8bfffff,14:20:00,8830e0ac83fffff,13,65.54,26.69,서울 구로구 구로동
8830e0ac8bfffff,14:20:00,8830e0ac9dfffff,31,59.74,28.79,서울 양천구 신정동
8830e0ac8bfffff,14:40:00,8830e0ac83fffff,22,60.91,21.78,서울 구로구 구로동
8830e0ac8bfffff,14:40:00,8830e0ac9dfffff,24,65.42,23.54,서울 양천구 신정동
8830e0ac8bfffff,15:00:00,8830e0ac83fffff,13,57.85,21.05,서울 구로구 구로동
8830e0ac8bfffff,15:00:00,8830e0ac9dfffff,17,64.12,20.95,서울 양천구 신정동
8830e0ac8bfffff,15:20:00,8830e0ac83fffff,19,58.0,32.29,서울 구로구 구로동
8830e0ac8bfffff,15:20:00,8830e0ac99fffff,15,67.93,16.98,Kintex
8830e0ac8bfffff,15:20:00,8830e0ac9dfffff,18,74.94,29.72,서울 양천구 신정동
8830e0ac8bfffff,15:40:00,8830e0ac83fffff,18,64.33,26.03,서울 구로구 구로동
8830e0ac8bfffff,15:40:00,8830e0ac9dfffff,24,75.33,24.29,서울 양천구 신정동
8830e0ac8bfffff,16:00:00,8830e0ac83fffff,22,67.18,21.86,서울 구로구 구로동
8830e0ac8bfffff,16:00:00,8830e0ac9dfffff,17,96.76,25.22,서울 양천구 신정동
8830e0ac8bfffff,16:20:00,8830e0ac83fffff,12,71.0,17.65,서울 구로구 구로동
8830e0ac8bfffff,16:20:00,8830e0ac9dfffff,20,85.05,20.89,서울 양천구 신정동
8830e0ac8bfffff,16:40:00,8830e0ac83fffff,16,60.31,15.65,서울 구로구 구로동
8830e0ac8bfffff,16:40:00,8830e0ac9dfffff,20,46.35,20.75,서울 양천구 신정동
8830e0ac8bfffff,17:00:00,8830e0ac83fffff,16,86.69,18.92,서울 구로구 구로동
8830e0ac8bfffff,17:00:00,8830e0ac9dfffff,11,57.0,20.9,서울 양천구 신정동
8830e0ac8bfffff,17:20:00,8830e0ac83fffff,19,83.58,25.48,서울 구로구 구로동
8830e0ac8bfffff,17:20:00,8830e0ac9dfffff,19,52.53,16.27,서울 양천구 신정동
8830e0ac8bfffff,17:40:00,8830e0ac83fffff,11,65.45,20.8,서울 구로구 구로동
8830e0ac8bfffff,17:40:00,8830e0ac9dfffff,29,64.38,22.24,서울 양천구 신정동
8830e0ac8bfffff,18:00:00,8830e0ac83fffff,15,94.53,19.38,서울 구로구 구로동
8830e0ac8bfffff,18:00:00,8830e0ac9dfffff,15,58.8,20.44,서울 양천구 신정동
8830e0ac8bfffff,18:20:00,8830e0ac83fffff,15,85.53,29.18,서울 구로구 구로동
8830e0ac8bfffff,18:20:00,8830e0ac9dfffff,19,62.53,31.4,서울 양천구 신정동
8830e0ac8bfffff,18:20:00,8830e1db25fffff,12,41.33,28.76,서울 양천구 목동
8830e0ac8bfffff,18:40:00,8830e0ac83fffff,13,46.54,17.95,서울 구로구 구로동
8830e0ac8bfffff,18:40:00,8830e0ac9dfffff,14,80.07,27.32,서울 양천구 신정동
8830e0ac8bfffff,19:00:00,8830e0ac83fffff,18,64.94,28.32,서울 구로구 구로동
8830e0ac8bfffff,19:00:00,8830e0ac9dfffff,21,60.86,24.05,서울 양천구 신정동
8830e0ac8bfffff,19:20:00,8830e0ac83fffff,11,56.18,23.66,서울 구로구 구로동
8830e0ac8bfffff,19:20:00,8830e0ac9dfffff,13,76.38,29.65,서울 양천구 신정동
8830e0ac8bfffff,19:40:00,8830e0ac83fffff,13,50.23,21.92,서울 구로구 구로동
8830e0ac8bfffff,19:40:00,8830e0ac9dfffff,24,57.5,26.83,서울 양천구 신정동
8830e0ac8bfffff,20:00:00,8830e0ac83fffff,12,48.92,19.69,서울 구로구 구로동
8830e0ac8bfffff,20:00:00,8830e0ac9dfffff,18,44.44,19.06,서울 양천구 신정동
8830e0ac8bfffff,20:20:00,8830e0ac83fffff,13,51.77,34.6,서울 구로구 구로동
8830e0ac8bfffff,20:20:00,8830e0ac9dfffff,20,54.4,25.45,서울 양천구 신정동
8830e0ac8bfffff,20:40:00,8830e0ac83fffff,13,63.85,18.7,서울 구로구 구로동
8830e0ac8bfffff,20:40:00,8830e0ac9dfffff,23,66.87,23.36,서울 양천구 신정동
8830e0ac8bfffff,21:00:00,8830e0ac83fffff,14,63.93,23.35,서울 구로구 구로동
8830e0ac8bfffff,21:00:00,8830e0ac9dfffff,14,48.29,17.76,서울 양천구 신정동
8830e0ac8bfffff,21:20:00,8830e0ac83fffff,11,50.18,23.29,서울 구로구 구로동
8830e0ac8bfffff,21:20:00,8830e0ac9dfffff,17,59.12,18.77,서울 양천구 신정동
8830e0ac8bfffff,21:40:00,8830e0ac83fffff,14,56.86,23.62,서울 구로구 구로동
8830e0ac8bfffff,21:40:00,8830e0ac9dfffff,21,66.14,22.84,서울 양천구 신정동
8830e0ac8bfffff,22:00:00,8830e0ac9dfffff,27,59.74,29.73,서울 양천구 신정동
8830e0ac8bfffff,22:20:00,8830e0ac9dfffff,15,61.6,26.58,서울 양천구 신정동
8830e0ac8bfffff,22:40:00,8830e0ac83fffff,16,56.0,23.89,서울 구로구 구로동
8830e0ac8bfffff,22:40:00,8830e0ac9dfffff,11,38.18,23.5,서울 양천구 신정동
8830e0ac8bfffff,23:00:00,8830e0ac83fffff,15,51.67,18.7,서울 구로구 구로동
8830e0ac8bfffff,23:00:00,8830e0ac9dfffff,23,45.61,36.4,서울 양천구 신정동
8830e0ac8bfffff,23:20:00,8830e0ac83fffff,17,35.24,12.59,서울 구로구 구로동
8830e0ac8bfffff,23:20:00,8830e0ac9dfffff,12,35.33,14.5,서울 양천구 신정동
8830e0ac8dfffff,7:00:00,8830e0ac87fffff,11,146.82,36.39,서울 강서구 화곡동
8830e0ac8dfffff,7:20:00,8830e0ae99fffff,10,38.1,30.1,서울 강서구 등촌동
8830e0ac8dfffff,8:00:00,8830e0ac83fffff,14,83.5,24.13,서울 구로구 구로동
8830e0ac8dfffff,8:20:00,8830e0ac83fffff,23,72.13,26.48,서울 구로구 구로동
8830e0ac8dfffff,8:20:00,8830e0ac87fffff,19,90.74,16.8,서울 강서구 화곡동
8830e0ac8dfffff,8:40:00,8830e0ac83fffff,14,50.79,28.72,서울 구로구 구로동
8830e0ac8dfffff,8:40:00,8830e0ac87fffff,11,64.36,21.19,서울 강서구 화곡동
8830e0ac8dfffff,9:00:00,8830e0ac83fffff,10,53.9,21.59,서울 구로구 구로동
8830e0ac8dfffff,9:00:00,8830e0ac87fffff,19,61.05,24.81,서울 강서구 화곡동
8830e0ac8dfffff,9:20:00,8830e0ac87fffff,14,59.64,25.21,서울 강서구 화곡동
8830e0ac8dfffff,9:40:00,8830e0ac87fffff,18,82.67,30.03,서울 강서구 화곡동
8830e0ac8dfffff,10:00:00,8830e0ac87fffff,12,77.92,19.11,서울 강서구 화곡동
8830e0ac8dfffff,10:40:00,8830e0ac87fffff,10,69.1,25.49,서울 강서구 화곡동
8830e0ac8dfffff,11:00:00,8830e0ac87fffff,17,61.47,21.57,서울 강서구 화곡동
8830e0ac8dfffff,11:20:00,8830e0ac87fffff,11,73.36,32.24,서울 강서구 화곡동
8830e0ac8dfffff,11:40:00,8830e0ac87fffff,17,67.59,26.75,서울 강서구 화곡동
8830e0ac8dfffff,12:00:00,8830e0ac87fffff,11,63.91,20.97,서울 강서구 화곡동
8830e0ac8dfffff,12:20:00,8830e0ac87fffff,17,67.59,20.5,서울 강서구 화곡동
8830e0ac8dfffff,12:40:00,8830e0ac87fffff,14,53.57,25.19,서울 강서구 화곡동
8830e0ac8dfffff,13:00:00,8830e0ac83fffff,11,55.27,20.54,서울 구로구 구로동
8830e0ac8dfffff,13:00:00,8830e0ac87fffff,17,53.59,23.71,서울 강서구 화곡동
8830e0ac8dfffff,13:20:00,8830e0ac87fffff,17,110.47,26.3,서울 강서구 화곡동
8830e0ac8dfffff,13:40:00,8830e0ac87fffff,15,59.6,33.44,서울 강서구 화곡동
8830e0ac8dfffff,14:00:00,8830e0ac87fffff,19,54.74,22.57,서울 강서구 화곡동
8830e0ac8dfffff,14:20:00,8830e0ac87fffff,17,54.65,22.9,서울 강서구 화곡동
8830e0ac8dfffff,14:40:00,8830e0ac87fffff,23,56.3,18.08,서울 강서구 화곡동
8830e0ac8dfffff,15:00:00,8830e0ac87fffff,13,67.15,27.88,서울 강서구 화곡동
8830e0ac8dfffff,15:20:00,8830e0ac87fffff,19,53.42,22.04,서울 강서구 화곡동
8830e0ac8dfffff,15:40:00,8830e0ac87fffff,15,49.73,24.16,서울 강서구 화곡동
8830e0ac8dfffff,16:00:00,8830e0ac87fffff,15,69.2,16.63,서울 강서구 화곡동
8830e0ac8dfffff,16:40:00,8830e0ac87fffff,19,72.74,21.01,서울 강서구 화곡동
8830e0ac8dfffff,17:00:00,8830e0ac87fffff,12,48.75,24.19,서울 강서구 화곡동
8830e0ac8dfffff,17:20:00,8830e0ac87fffff,15,109.6,22.1,서울 강서구 화곡동
8830e0ac8dfffff,18:00:00,8830e0ac87fffff,12,130.83,21.27,서울 강서구 화곡동
8830e0ac8dfffff,18:40:00,8830e0ac87fffff,10,54.9,76.17,서울 강서구 화곡동
8830e0ac91fffff,0:00:00,8830e0ac99fffff,56,55.43,40.67,Kintex
8830e0ac91fffff,0:00:00,8830e0ac9dfffff,37,61.46,25.13,서울 양천구 신정동
8830e0ac91fffff,0:00:00,8830e1db25fffff,10,75.2,25.49,서울 양천구 목동
8830e0ac91fffff,0:40:00,8830e0ac9dfffff,12,41.42,20.36,서울 양천구 신정동
8830e0ac91fffff,6:00:00,8830e0ac99fffff,11,137.73,34.59,Kintex
8830e0ac91fffff,6:00:00,8830e0ac9dfffff,12,154.42,39.26,서울 양천구 신정동
8830e0ac91fffff,6:20:00,8830e0ac9dfffff,15,208.2,27.8,서울 양천구 신정동
8830e0ac91fffff,6:40:00,8830e0ac99fffff,11,76.0,19.43,Kintex
8830e0ac91fffff,6:40:00,8830e0ac9dfffff,10,73.5,29.83,서울 양천구 신정동
8830e0ac91fffff,7:00:00,8830e0ac99fffff,25,91.32,39.56,Kintex
8830e0ac91fffff,7:00:00,8830e0ac9dfffff,13,101.69,27.54,서울 양천구 신정동
8830e0ac91fffff,7:20:00,8830e0ac99fffff,10,82.6,32.61,Kintex
8830e0ac91fffff,7:20:00,8830e0ac9dfffff,12,57.92,30.15,서울 양천구 신정동
8830e0ac91fffff,7:40:00,8830e0ac99fffff,20,56.2,32.87,Kintex
8830e0ac91fffff,7:40:00,8830e0ac9dfffff,11,81.09,24.46,서울 양천구 신정동
8830e0ac91fffff,8:00:00,8830e0ac83fffff,15,65.73,18.13,서울 구로구 구로동
8830e0ac91fffff,8:00:00,8830e0ac99fffff,30,54.4,31.16,Kintex
8830e0ac91fffff,8:00:00,8830e0ac9dfffff,14,125.0,27.39,서울 양천구 신정동
8830e0ac91fffff,8:20:00,8830e0ac83fffff,15,85.67,23.9,서울 구로구 구로동
8830e0ac91fffff,8:20:00,8830e0ac99fffff,27,75.15,27.47,Kintex
8830e0ac91fffff,8:20:00,8830e0ac9dfffff,22,86.86,36.02,서울 양천구 신정동
8830e0ac91fffff,8:20:00,8830e1db25fffff,10,60.1,27.16,서울 양천구 목동
8830e0ac91fffff,8:40:00,8830e0ac99fffff,39,86.72,24.7,Kintex
8830e0ac91fffff,8:40:00,8830e0ac9dfffff,21,86.9,27.89,서울 양천구 신정동
8830e0ac91fffff,9:00:00,8830e0ac83fffff,20,91.3,21.41,서울 구로구 구로동
8830e0ac91fffff,9:00:00,8830e0ac99fffff,27,67.41,30.15,Kintex
8830e0ac91fffff,9:00:00,8830e0ac9dfffff,25,98.8,25.75,서울 양천구 신정동
8830e0ac91fffff,9:00:00,8830e1db25fffff,13,52.31,28.15,서울 양천구 목동
8830e0ac91fffff,9:20:00,8830e0ac83fffff,11,129.27,26.35,서울 구로구 구로동
8830e0ac91fffff,9:20:00,8830e0ac99fffff,32,68.75,30.57,Kintex
8830e0ac91fffff,9:20:00,8830e0ac9dfffff,22,93.91,24.49,서울 양천구 신정동
8830e0ac91fffff,9:20:00,8830e1db25fffff,11,51.0,24.75,서울 양천구 목동
8830e0ac91fffff,9:40:00,8830e0ac83fffff,17,88.06,20.12,서울 구로구 구로동
8830e0ac91fffff,9:40:00,8830e0ac99fffff,28,65.93,28.76,Kintex
8830e0ac91fffff,9:40:00,8830e0ac9dfffff,29,77.07,21.03,서울 양천구 신정동
8830e0ac91fffff,10:00:00,8830e0ac83fffff,23,97.0,28.31,서울 구로구 구로동
8830e0ac91fffff,10:00:00,8830e0ac99fffff,24,73.33,30.35,Kintex
8830e0ac91fffff,10:00:00,8830e0ac9dfffff,28,104.75,29.17,서울 양천구 신정동
8830e0ac91fffff,10:20:00,8830e0ac83fffff,15,81.47,29.67,서울 구로구 구로동
8830e0ac91fffff,10:20:00,8830e0ac99fffff,35,65.89,24.72,Kintex
8830e0ac91fffff,10:20:00,8830e0ac9dfffff,22,65.0,27.63,서울 양천구 신정동
8830e0ac91fffff,10:40:00,8830e0ac83fffff,16,74.63,21.64,서울 구로구 구로동
8830e0ac91fffff,10:40:00,8830e0ac99fffff,33,53.58,30.6,Kintex
8830e0ac91fffff,10:40:00,8830e0ac9dfffff,32,65.69,22.02,서울 양천구 신정동
8830e0ac91fffff,11:00:00,8830e0ac83fffff,12,57.08,21.14,서울 구로구 구로동
8830e0ac91fffff,11:00:00,8830e0ac99fffff,26,69.23,32.51,Kintex
8830e0ac91fffff,11:00:00,8830e0ac9dfffff,29,73.86,23.45,서울 양천구 신정동
8830e0ac91fffff,11:20:00,8830e0ac83fffff,23,68.96,19.01,서울 구로구 구로동
8830e0ac91fffff,11:20:00,8830e0ac99fffff,37,86.51,28.61,Kintex
8830e0ac91fffff,11:20:00,8830e0ac9dfffff,26,64.15,22.13,서울 양천구 신정동
8830e0ac91fffff,11:40:00,8830e0ac83fffff,22,60.91,19.04,서울 구로구 구로동
8830e0ac91fffff,11:40:00,8830e0ac99fffff,23,67.22,22.7,Kintex
8830e0ac91fffff,11:40:00,8830e0ac9dfffff,21,115.29,32.18,서울 양천구 신정동
8830e0ac91fffff,12:00:00,8830e0ac83fffff,21,54.29,20.18,서울 구로구 구로동
8830e0ac91fffff,12:00:00,8830e0ac99fffff,32,70.0,31.65,Kintex
8830e0ac91fffff,12:00:00,8830e0ac9dfffff,29,59.55,24.35,서울 양천구 신정동
8830e0ac91fffff,12:20:00,8830e0ac83fffff,22,54.09,21.28,서울 구로구 구로동
8830e0ac91fffff,12:20:00,8830e0ac99fffff,29,60.03,25.13,Kintex
8830e0ac91fffff,12:20:00,8830e0ac9dfffff,22,75.5,21.29,서울 양천구 신정동
8830e0ac91fffff,12:20:00,8830e1db25fffff,11,52.73,28.78,서울 양천구 목동
8830e0ac91fffff,12:40:00,8830e0ac83fffff,27,64.11,22.07,서울 구로구 구로동
8830e0ac91fffff,12:40:00,8830e0ac99fffff,25,69.4,27.66,Kintex
8830e0ac91fffff,12:40:00,8830e0ac9dfffff,19,60.58,24.65,서울 양천구 신정동
8830e0ac91fffff,13:00:00,8830e0ac83fffff,20,70.95,22.75,서울 구로구 구로동
8830e0ac91fffff,13:00:00,8830e0ac99fffff,32,85.75,29.55,Kintex
8830e0ac91fffff,13:00:00,8830e0ac9dfffff,32,84.69,26.38,서울 양천구 신정동
8830e0ac91fffff,13:20:00,8830e0ac83fffff,11,118.36,25.91,서울 구로구 구로동
8830e0ac91fffff,13:20:00,8830e0ac99fffff,35,80.09,27.61,Kintex
8830e0ac91fffff,13:20:00,8830e0ac9dfffff,32,88.19,24.19,서울 양천구 신정동
8830e0ac91fffff,13:40:00,8830e0ac83fffff,16,56.75,20.42,서울 구로구 구로동
8830e0ac91fffff,13:40:00,8830e0ac99fffff,30,82.33,28.09,Kintex
8830e0ac91fffff,13:40:00,8830e0ac9dfffff,37,88.76,28.18,서울 양천구 신정동
8830e0ac91fffff,14:00:00,8830e0ac83fffff,12,112.67,18.8,서울 구로구 구로동
8830e0ac91fffff,14:00:00,8830e0ac99fffff,29,82.24,28.8,Kintex
8830e0ac91fffff,14:00:00,8830e0ac9dfffff,36,86.28,27.86,서울 양천구 신정동
8830e0ac91fffff,14:20:00,8830e0ac83fffff,23,96.0,26.48,서울 구로구 구로동
8830e0ac91fffff,14:20:00,8830e0ac99fffff,39,68.03,26.98,Kintex
8830e0ac91fffff,14:20:00,8830e0ac9dfffff,26,73.42,25.86,서울 양천구 신정동
8830e0ac91fffff,14:40:00,8830e0ac83fffff,11,47.27,24.75,서울 구로구 구로동
8830e0ac91fffff,14:40:00,8830e0ac99fffff,35,68.0,27.44,Kintex
8830e0ac91fffff,14:40:00,8830e0ac9dfffff,24,86.25,24.46,서울 양천구 신정동
8830e0ac91fffff,15:00:00,8830e0ac83fffff,14,68.07,25.08,서울 구로구 구로동
8830e0ac91fffff,15:00:00,8830e0ac99fffff,35,73.4,25.21,Kintex
8830e0ac91fffff,15:00:00,8830e0ac9dfffff,29,67.38,25.92,서울 양천구 신정동
8830e0ac91fffff,15:00:00,8830e1db25fffff,10,63.9,22.51,서울 양천구 목동
8830e0ac91fffff,15:20:00,8830e0ac83fffff,16,50.69,31.32,서울 구로구 구로동
8830e0ac91fffff,15:20:00,8830e0ac99fffff,28,76.79,28.59,Kintex
8830e0ac91fffff,15:20:00,8830e0ac9dfffff,30,75.63,23.73,서울 양천구 신정동
8830e0ac91fffff,15:40:00,8830e0ac99fffff,26,67.85,29.02,Kintex
8830e0ac91fffff,15:40:00,8830e0ac9dfffff,14,92.0,28.98,서울 양천구 신정동
8830e0ac91fffff,16:00:00,8830e0ac83fffff,18,116.89,22.41,서울 구로구 구로동
8830e0ac91fffff,16:00:00,8830e0ac99fffff,31,61.32,27.15,Kintex
8830e0ac91fffff,16:00:00,8830e0ac9dfffff,30,63.63,23.99,서울 양천구 신정동
8830e0ac91fffff,16:20:00,8830e0ac83fffff,15,64.4,20.81,서울 구로구 구로동
8830e0ac91fffff,16:20:00,8830e0ac99fffff,26,75.58,31.95,Kintex
8830e0ac91fffff,16:20:00,8830e0ac9dfffff,26,64.62,24.68,서울 양천구 신정동
8830e0ac91fffff,16:40:00,8830e0ac83fffff,12,69.17,21.91,서울 구로구 구로동
8830e0ac91fffff,16:40:00,8830e0ac99fffff,28,80.07,27.61,Kintex
8830e0ac91fffff,16:40:00,8830e0ac9dfffff,20,61.9,21.5,서울 양천구 신정동
8830e0ac91fffff,17:00:00,8830e0ac99fffff,27,57.74,22.97,Kintex
8830e0ac91fffff,17:00:00,8830e0ac9dfffff,27,59.74,21.51,서울 양천구 신정동
8830e0ac91fffff,17:20:00,8830e0ac83fffff,10,68.2,25.99,서울 구로구 구로동
8830e0ac91fffff,17:20:00,8830e0ac99fffff,17,57.12,24.73,Kintex
8830e0ac91fffff,17:20:00,8830e0ac9dfffff,29,122.55,21.49,서울 양천구 신정동
8830e0ac91fffff,17:40:00,8830e0ac99fffff,25,56.4,21.49,Kintex
8830e0ac91fffff,17:40:00,8830e0ac9dfffff,17,57.41,26.39,서울 양천구 신정동
8830e0ac91fffff,18:00:00,8830e0ac83fffff,10,97.6,24.65,서울 구로구 구로동
8830e0ac91fffff,18:00:00,8830e0ac99fffff,19,94.53,26.67,Kintex
8830e0ac91fffff,18:00:00,8830e0ac9dfffff,15,80.33,29.7,서울 양천구 신정동
8830e0ac91fffff,18:20:00,8830e0ac99fffff,23,55.26,19.11,Kintex
8830e0ac91fffff,18:20:00,8830e0ac9dfffff,20,91.4,23.17,서울 양천구 신정동
8830e0ac91fffff,18:40:00,8830e0ac99fffff,26,50.12,35.98,Kintex
8830e0ac91fffff,18:40:00,8830e0ac9dfffff,22,107.32,22.69,서울 양천구 신정동
8830e0ac91fffff,19:00:00,8830e0ac83fffff,12,73.0,28.77,서울 구로구 구로동
8830e0ac91fffff,19:00:00,8830e0ac99fffff,22,58.73,46.1,Kintex
8830e0ac91fffff,19:00:00,8830e0ac9dfffff,16,69.31,22.48,서울 양천구 신정동
8830e0ac91fffff,19:20:00,8830e0ac99fffff,23,70.0,29.37,Kintex
8830e0ac91fffff,19:20:00,8830e0ac9dfffff,13,122.31,28.5,서울 양천구 신정동
8830e0ac91fffff,19:40:00,8830e0ac99fffff,16,50.69,30.71,Kintex
8830e0ac91fffff,19:40:00,8830e0ac9dfffff,27,66.22,31.85,서울 양천구 신정동
8830e0ac91fffff,20:00:00,8830e0ac99fffff,24,60.71,56.29,Kintex
8830e0ac91fffff,20:00:00,8830e0ac9dfffff,29,63.48,37.93,서울 양천구 신정동
8830e0ac91fffff,20:20:00,8830e0ac99fffff,19,58.0,31.59,Kintex
8830e0ac91fffff,20:20:00,8830e0ac9dfffff,28,60.57,24.66,서울 양천구 신정동
8830e0ac91fffff,20:40:00,8830e0ac99fffff,34,66.76,69.34,Kintex
8830e0ac91fffff,20:40:00,8830e0ac9dfffff,24,84.92,20.98,서울 양천구 신정동
8830e0ac91fffff,21:00:00,8830e0ac99fffff,31,57.48,64.37,Kintex
8830e0ac91fffff,21:00:00,8830e0ac9dfffff,25,71.12,29.75,서울 양천구 신정동
8830e0ac91fffff,21:20:00,8830e0ac99fffff,21,57.9,29.74,Kintex
8830e0ac91fffff,21:20:00,8830e0ac9dfffff,22,105.05,19.73,서울 양천구 신정동
8830e0ac91fffff,21:40:00,8830e0ac99fffff,31,50.87,44.81,Kintex
8830e0ac91fffff,21:40:00,8830e0ac9dfffff,22,73.55,16.74,서울 양천구 신정동
8830e0ac91fffff,22:00:00,8830e0ac99fffff,28,48.21,33.76,Kintex
8830e0ac91fffff,22:00:00,8830e0ac9dfffff,22,51.45,27.3,서울 양천구 신정동
8830e0ac91fffff,22:20:00,8830e0ac99fffff,25,58.12,48.73,Kintex
8830e0ac91fffff,22:20:00,8830e0ac9dfffff,11,52.09,16.17,서울 양천구 신정동
8830e0ac91fffff,22:40:00,8830e0ac99fffff,18,54.83,27.96,Kintex
8830e0ac91fffff,23:00:00,8830e0ac99fffff,25,48.56,55.86,Kintex
8830e0ac91fffff,23:00:00,8830e0ac9dfffff,13,48.54,19.91,서울 양천구 신정동
8830e0ac91fffff,23:20:00,8830e0ac99fffff,21,38.0,39.94,Kintex
8830e0ac91fffff,23:20:00,8830e0ac9dfffff,10,34.1,32.12,서울 양천구 신정동
8830e0ac93fffff,0:00:00,8830e0ac99fffff,10,308.4,45.81,Kintex
8830e0ac93fffff,0:00:00,8830e0ac9dfffff,27,70.0,33.56,서울 양천구 신정동
8830e0ac93fffff,14:20:00,8830e0ac9dfffff,14,47.29,23.46,서울 양천구 신정동
8830e0ac93fffff,16:20:00,8830e0ac87fffff,10,46.4,23.15,서울 강서구 화곡동
8830e0ac93fffff,16:20:00,8830e1db25fffff,12,52.08,24.23,서울 양천구 목동
8830e0ac93fffff,18:00:00,8830e0ac87fffff,14,163.43,31.85,서울 강서구 화곡동
8830e0ac93fffff,18:00:00,8830e0ac99fffff,11,146.64,19.57,Kintex
8830e0ac93fffff,18:00:00,8830e0ad9bfffff,11,59.0,29.39,Gwang_Myeong
8830e0ac93fffff,18:00:00,8830e0aea7fffff,11,47.18,22.89,서울 양천구 목동
8830e0ac93fffff,18:00:00,8830e1db25fffff,13,102.38,15.7,서울 양천구 목동
8830e0ac93fffff,18:40:00,8830e0ac87fffff,11,53.0,30.23,서울 강서구 화곡동
8830e0ac93fffff,18:40:00,8830e1db25fffff,10,61.8,18.47,서울 양천구 목동
8830e0ac93fffff,19:20:00,8830e0ac99fffff,10,67.6,32.58,Kintex
8830e0ac93fffff,19:20:00,8830e0ac9dfffff,13,74.38,20.38,서울 양천구 신정동
8830e0ac93fffff,20:00:00,8830e0ac87fffff,12,56.5,25.69,서울 강서구 화곡동
8830e0ac95fffff,0:00:00,8830e0ac83fffff,28,52.75,20.05,서울 구로구 구로동
8830e0ac95fffff,0:00:00,8830e0ac99fffff,19,55.58,51.69,Kintex
8830e0ac95fffff,0:00:00,8830e0ac9dfffff,99,67.46,21.47,서울 양천구 신정동
8830e0ac95fffff,1:20:00,8830e0ac9dfffff,10,35.2,16.08,서울 양천구 신정동
8830e0ac95fffff,1:40:00,8830e0ac9dfffff,10,41.6,13.02,서울 양천구 신정동
8830e0ac95fffff,2:20:00,8830e0ac9dfffff,12,48.42,17.21,서울 양천구 신정동
8830e0ac95fffff,2:40:00,8830e0ac9dfffff,13,66.38,18.14,서울 양천구 신정동
8830e0ac95fffff,3:00:00,8830e0ac9dfffff,12,47.08,15.7,서울 양천구 신정동
8830e0ac95fffff,3:20:00,8830e0ac9dfffff,11,43.09,15.39,서울 양천구 신정동
8830e0ac95fffff,4:00:00,8830e0ac9dfffff,15,54.13,10.41,서울 양천구 신정동
8830e0ac95fffff,4:20:00,8830e0ac9dfffff,12,110.83,21.51,서울 양천구 신정동
8830e0ac95fffff,5:20:00,8830e0ac83fffff,13,251.23,28.06,서울 구로구 구로동
8830e0ac95fffff,5:20:00,8830e0ac9dfffff,21,96.43,21.0,서울 양천구 신정동
8830e0ac95fffff,5:40:00,8830e0ac83fffff,11,99.36,47.86,서울 구로구 구로동
8830e0ac95fffff,6:00:00,8830e0ac83fffff,10,77.3,24.43,서울 구로구 구로동
8830e0ac95fffff,6:00:00,8830e0ac9dfffff,12,152.83,29.73,서울 양천구 신정동
8830e0ac95fffff,6:20:00,8830e0ac83fffff,12,70.83,26.22,서울 구로구 구로동
8830e0ac95fffff,6:20:00,8830e0ac9dfffff,20,144.75,31.99,서울 양천구 신정동
8830e0ac95fffff,6:40:00,8830e0ac83fffff,14,64.0,20.0,서울 구로구 구로동
8830e0ac95fffff,6:40:00,8830e0ac9dfffff,12,72.42,23.92,서울 양천구 신정동
8830e0ac95fffff,7:00:00,8830e0ac83fffff,24,67.25,20.61,서울 구로구 구로동
8830e0ac95fffff,7:00:00,8830e0ac9dfffff,10,141.0,14.55,서울 양천구 신정동
8830e0ac95fffff,7:20:00,8830e0ac83fffff,15,98.47,19.32,서울 구로구 구로동
8830e0ac95fffff,7:20:00,8830e0ac9dfffff,32,111.31,23.28,서울 양천구 신정동
8830e0ac95fffff,7:40:00,8830e0ac83fffff,36,77.33,19.57,서울 구로구 구로동
8830e0ac95fffff,7:40:00,8830e0ac9dfffff,18,92.94,22.22,서울 양천구 신정동
8830e0ac95fffff,8:00:00,8830e0ac83fffff,46,65.65,24.61,서울 구로구 구로동
8830e0ac95fffff,8:00:00,8830e0ac87fffff,10,111.2,31.96,서울 강서구 화곡동
8830e0ac95fffff,8:00:00,8830e0ac9dfffff,31,110.74,31.2,서울 양천구 신정동
8830e0ac95fffff,8:20:00,8830e0ac83fffff,62,102.23,25.63,서울 구로구 구로동
8830e0ac95fffff,8:20:00,8830e0ac87fffff,11,72.91,23.93,서울 강서구 화곡동
8830e0ac95fffff,8:20:00,8830e0ac9dfffff,39,92.36,25.41,서울 양천구 신정동
8830e0ac95fffff,8:40:00,8830e0ac83fffff,59,109.68,32.61,서울 구로구 구로동
8830e0ac95fffff,8:40:00,8830e0ac9dfffff,32,103.09,26.59,서울 양천구 신정동
8830e0ac95fffff,9:00:00,8830e0ac83fffff,63,108.76,30.09,서울 구로구 구로동
8830e0ac95fffff,9:00:00,8830e0ac9dfffff,39,102.72,22.0,서울 양천구 신정동
8830e0ac95fffff,9:20:00,8830e0ac83fffff,80,98.18,30.71,서울 구로구 구로동
8830e0ac95fffff,9:20:00,8830e0ac9dfffff,31,119.45,25.94,서울 양천구 신정동
8830e0ac95fffff,9:40:00,8830e0ac83fffff,80,107.29,27.86,서울 구로구 구로동
8830e0ac95fffff,9:40:00,8830e0ac9dfffff,45,82.51,23.96,서울 양천구 신정동
8830e0ac95fffff,10:00:00,8830e0ac83fffff,88,88.67,27.97,서울 구로구 구로동
8830e0ac95fffff,10:00:00,8830e0ac9dfffff,45,81.98,26.68,서울 양천구 신정동
8830e0ac95fffff,10:20:00,8830e0ac83fffff,93,92.59,30.73,서울 구로구 구로동
8830e0ac95fffff,10:20:00,8830e0ac9dfffff,39,95.46,25.91,서울 양천구 신정동
8830e0ac95fffff,10:40:00,8830e0ac83fffff,87,80.44,21.79,서울 구로구 구로동
8830e0ac95fffff,10:40:00,8830e0ac87fffff,11,84.82,24.77,서울 강서구 화곡동
8830e0ac95fffff,10:40:00,8830e0ac9dfffff,51,74.43,24.7,서울 양천구 신정동
8830e0ac95fffff,11:00:00,8830e0ac83fffff,88,85.56,24.9,서울 구로구 구로동
8830e0ac95fffff,11:00:00,8830e0ac9dfffff,48,96.9,27.95,서울 양천구 신정동
8830e0ac95fffff,11:20:00,8830e0ac83fffff,101,77.92,26.72,서울 구로구 구로동
8830e0ac95fffff,11:20:00,8830e0ac9dfffff,47,87.51,26.26,서울 양천구 신정동
8830e0ac95fffff,11:40:00,8830e0ac83fffff,105,68.78,23.91,서울 구로구 구로동
8830e0ac95fffff,11:40:00,8830e0ac9dfffff,50,63.06,20.23,서울 양천구 신정동
8830e0ac95fffff,12:00:00,8830e0ac83fffff,108,73.29,24.93,서울 구로구 구로동
8830e0ac95fffff,12:00:00,8830e0ac9dfffff,56,74.04,23.62,서울 양천구 신정동
8830e0ac95fffff,12:20:00,8830e0ac83fffff,124,69.85,27.59,서울 구로구 구로동
8830e0ac95fffff,12:20:00,8830e0ac9dfffff,58,65.98,21.28,서울 양천구 신정동
8830e0ac95fffff,12:40:00,8830e0ac83fffff,112,76.21,28.21,서울 구로구 구로동
8830e0ac95fffff,12:40:00,8830e0ac87fffff,12,58.67,24.71,서울 강서구 화곡동
8830e0ac95fffff,12:40:00,8830e0ac9dfffff,57,94.7,32.43,서울 양천구 신정동
8830e0ac95fffff,13:00:00,8830e0ac83fffff,115,81.3,30.9,서울 구로구 구로동
8830e0ac95fffff,13:00:00,8830e0ac87fffff,13,84.31,30.35,서울 강서구 화곡동
8830e0ac95fffff,13:00:00,8830e0ac9dfffff,55,148.71,23.79,서울 양천구 신정동
8830e0ac95fffff,13:20:00,8830e0ac83fffff,103,80.8,28.83,서울 구로구 구로동
8830e0ac95fffff,13:20:00,8830e0ac87fffff,11,80.45,31.66,서울 강서구 화곡동
8830e0ac95fffff,13:20:00,8830e0ac9dfffff,52,132.44,30.23,서울 양천구 신정동
8830e0ac95fffff,13:40:00,8830e0ac83fffff,75,81.88,27.17,서울 구로구 구로동
8830e0ac95fffff,13:40:00,8830e0ac87fffff,13,79.69,26.78,서울 강서구 화곡동
8830e0ac95fffff,13:40:00,8830e0ac9dfffff,67,115.79,25.12,서울 양천구 신정동
8830e0ac95fffff,14:00:00,8830e0ac83fffff,82,88.6,25.32,서울 구로구 구로동
8830e0ac95fffff,14:00:00,8830e0ac9dfffff,54,97.76,33.62,서울 양천구 신정동
8830e0ac95fffff,14:20:00,8830e0ac83fffff,77,68.81,23.67,서울 구로구 구로동
8830e0ac95fffff,14:20:00,8830e0ac9dfffff,44,103.98,31.95,서울 양천구 신정동
8830e0ac95fffff,14:40:00,8830e0ac83fffff,89,72.19,23.47,서울 구로구 구로동
8830e0ac95fffff,14:40:00,8830e0ac9dfffff,52,95.19,30.71,서울 양천구 신정동
8830e0ac95fffff,15:00:00,8830e0ac83fffff,82,64.6,26.88,서울 구로구 구로동
8830e0ac95fffff,15:00:00,8830e0ac9dfffff,56,73.05,27.9,서울 양천구 신정동
8830e0ac95fffff,15:20:00,8830e0ac83fffff,70,62.34,27.14,서울 구로구 구로동
8830e0ac95fffff,15:20:00,8830e0ac9dfffff,55,113.6,25.34,서울 양천구 신정동
8830e0ac95fffff,15:40:00,8830e0ac83fffff,66,58.62,23.06,서울 구로구 구로동
8830e0ac95fffff,15:40:00,8830e0ac9dfffff,55,86.36,26.53,서울 양천구 신정동
8830e0ac95fffff,16:00:00,8830e0ac83fffff,68,72.65,23.71,서울 구로구 구로동
8830e0ac95fffff,16:00:00,8830e0ac9dfffff,44,69.41,25.87,서울 양천구 신정동
8830e0ac95fffff,16:20:00,8830e0ac83fffff,44,82.68,20.63,서울 구로구 구로동
8830e0ac95fffff,16:20:00,8830e0ac87fffff,13,62.85,31.5,서울 강서구 화곡동
8830e0ac95fffff,16:20:00,8830e0ac9dfffff,59,101.34,25.2,서울 양천구 신정동
8830e0ac95fffff,16:40:00,8830e0ac83fffff,37,100.32,32.37,서울 구로구 구로동
8830e0ac95fffff,16:40:00,8830e0ac87fffff,15,121.93,22.79,서울 강서구 화곡동
8830e0ac95fffff,16:40:00,8830e0ac99fffff,10,51.3,21.05,Kintex
8830e0ac95fffff,16:40:00,8830e0ac9dfffff,44,72.3,29.65,서울 양천구 신정동
8830e0ac95fffff,17:00:00,8830e0ac83fffff,34,53.18,16.76,서울 구로구 구로동
8830e0ac95fffff,17:00:00,8830e0ac9dfffff,40,66.55,23.9,서울 양천구 신정동
8830e0ac95fffff,17:20:00,8830e0ac83fffff,28,52.89,21.77,서울 구로구 구로동
8830e0ac95fffff,17:20:00,8830e0ac87fffff,10,137.7,16.78,서울 강서구 화곡동
8830e0ac95fffff,17:20:00,8830e0ac9dfffff,42,68.1,21.7,서울 양천구 신정동
8830e0ac95fffff,17:40:00,8830e0ac83fffff,28,59.93,17.58,서울 구로구 구로동
8830e0ac95fffff,17:40:00,8830e0ac87fffff,15,70.4,31.35,서울 강서구 화곡동
8830e0ac95fffff,17:40:00,8830e0ac99fffff,10,55.2,23.66,Kintex
8830e0ac95fffff,17:40:00,8830e0ac9dfffff,44,74.41,22.99,서울 양천구 신정동
8830e0ac95fffff,18:00:00,8830e0ac83fffff,29,55.83,21.26,서울 구로구 구로동
8830e0ac95fffff,18:00:00,8830e0ac87fffff,14,160.0,23.99,서울 강서구 화곡동
8830e0ac95fffff,18:00:00,8830e0ac9dfffff,25,71.32,25.24,서울 양천구 신정동
8830e0ac95fffff,18:00:00,8830e1db25fffff,10,52.7,23.77,서울 양천구 목동
8830e0ac95fffff,18:20:00,8830e0ac83fffff,17,54.41,20.74,서울 구로구 구로동
8830e0ac95fffff,18:20:00,8830e0ac87fffff,10,50.8,25.63,서울 강서구 화곡동
8830e0ac95fffff,18:20:00,8830e0ac9dfffff,52,103.75,20.57,서울 양천구 신정동
8830e0ac95fffff,18:40:00,8830e0ac83fffff,22,57.64,28.59,서울 구로구 구로동
8830e0ac95fffff,18:40:00,8830e0ac87fffff,11,65.18,19.68,서울 강서구 화곡동
8830e0ac95fffff,18:40:00,8830e0ac9dfffff,51,60.25,21.22,서울 양천구 신정동
8830e0ac95fffff,19:00:00,8830e0ac83fffff,29,59.45,23.85,서울 구로구 구로동
8830e0ac95fffff,19:00:00,8830e0ac9dfffff,46,77.96,22.48,서울 양천구 신정동
8830e0ac95fffff,19:20:00,8830e0ac83fffff,34,68.53,27.37,서울 구로구 구로동
8830e0ac95fffff,19:20:00,8830e0ac9dfffff,47,67.02,22.5,서울 양천구 신정동
8830e0ac95fffff,19:40:00,8830e0ac83fffff,32,73.31,23.81,서울 구로구 구로동
8830e0ac95fffff,19:40:00,8830e0ac9dfffff,42,75.31,23.21,서울 양천구 신정동
8830e0ac95fffff,20:00:00,8830e0ac83fffff,20,74.3,34.85,서울 구로구 구로동
8830e0ac95fffff,20:00:00,8830e0ac9dfffff,35,76.71,26.74,서울 양천구 신정동
8830e0ac95fffff,20:20:00,8830e0ac83fffff,15,62.53,40.4,서울 구로구 구로동
8830e0ac95fffff,20:20:00,8830e0ac9dfffff,45,67.8,27.85,서울 양천구 신정동
8830e0ac95fffff,20:40:00,8830e0ac83fffff,21,55.76,49.34,서울 구로구 구로동
8830e0ac95fffff,20:40:00,8830e0ac99fffff,10,79.3,28.75,Kintex
8830e0ac95fffff,20:40:00,8830e0ac9dfffff,42,80.4,26.01,서울 양천구 신정동
8830e0ac95fffff,21:00:00,8830e0ac83fffff,15,69.27,26.85,서울 구로구 구로동
8830e0ac95fffff,21:00:00,8830e0ac9dfffff,32,68.5,18.53,서울 양천구 신정동
8830e0ac95fffff,21:20:00,8830e0ac83fffff,19,55.84,52.55,서울 구로구 구로동
8830e0ac95fffff,21:20:00,8830e0ac9dfffff,31,65.32,26.33,서울 양천구 신정동
8830e0ac95fffff,21:40:00,8830e0ac83fffff,11,58.36,22.7,서울 구로구 구로동
8830e0ac95fffff,21:40:00,8830e0ac9dfffff,42,60.29,20.02,서울 양천구 신정동
8830e0ac95fffff,22:00:00,8830e0ac83fffff,17,53.76,46.08,서울 구로구 구로동
8830e0ac95fffff,22:00:00,8830e0ac9dfffff,38,58.11,21.86,서울 양천구 신정동
8830e0ac95fffff,22:20:00,8830e0ac83fffff,17,58.88,21.22,서울 구로구 구로동
8830e0ac95fffff,22:20:00,8830e0ac9dfffff,23,51.22,19.39,서울 양천구 신정동
8830e0ac95fffff,22:40:00,8830e0ac9dfffff,16,45.19,17.38,서울 양천구 신정동
8830e0ac95fffff,23:00:00,8830e0ac83fffff,12,43.67,17.58,서울 구로구 구로동
8830e0ac95fffff,23:00:00,8830e0ac9dfffff,20,48.7,15.63,서울 양천구 신정동
8830e0ac95fffff,23:20:00,8830e0ac9dfffff,19,34.05,13.83,서울 양천구 신정동
8830e0ac97fffff,0:00:00,8830e0ac9dfffff,13,82.0,37.12,서울 양천구 신정동
8830e0ac97fffff,9:00:00,8830e0ac9dfffff,10,265.7,45.13,서울 양천구 신정동
8830e0ac97fffff,9:20:00,8830e0ac83fffff,12,112.58,37.87,서울 구로구 구로동
8830e0ac97fffff,10:00:00,8830e0ac9dfffff,10,138.3,29.47,서울 양천구 신정동
8830e0ac97fffff,10:20:00,8830e0ac83fffff,12,61.83,25.25,서울 구로구 구로동
8830e0ac97fffff,11:20:00,8830e0ac83fffff,11,107.27,38.02,서울 구로구 구로동
8830e0ac97fffff,11:40:00,8830e0ac83fffff,11,90.45,29.9,서울 구로구 구로동
8830e0ac97fffff,12:00:00,8830e0ac83fffff,14,79.71,37.8,서울 구로구 구로동
8830e0ac97fffff,12:20:00,8830e0ac83fffff,11,75.0,21.23,서울 구로구 구로동
8830e0ac97fffff,13:40:00,8830e0ac83fffff,12,60.08,17.41,서울 구로구 구로동
8830e0ac97fffff,14:00:00,8830e0ac9dfffff,10,74.9,20.21,서울 양천구 신정동
8830e0ac97fffff,16:40:00,8830e0ac83fffff,12,70.0,27.92,서울 구로구 구로동
8830e0ac97fffff,16:40:00,8830e0ac9dfffff,10,78.0,32.38,서울 양천구 신정동
8830e0ac97fffff,17:00:00,8830e0ac9dfffff,13,95.62,28.72,서울 양천구 신정동
8830e0ac97fffff,17:40:00,8830e0ac87fffff,10,43.1,24.84,서울 강서구 화곡동
8830e0ac97fffff,18:00:00,8830e0ac87fffff,18,52.78,34.03,서울 강서구 화곡동
8830e0ac99fffff,0:00:00,8830e0ac99fffff,264,50.64,19.5,Kintex
8830e0ac99fffff,0:00:00,8830e0ac9dfffff,46,64.09,17.69,서울 양천구 신정동
8830e0ac99fffff,0:00:00,8830e1db25fffff,22,56.36,21.25,서울 양천구 목동
8830e0ac99fffff,0:20:00,8830e0ac99fffff,17,45.76,33.09,Kintex
8830e0ac99fffff,0:40:00,8830e0ac99fffff,26,73.27,28.02,Kintex
8830e0ac99fffff,1:00:00,8830e0ac99fffff,21,48.05,50.46,Kintex
8830e0ac99fffff,1:20:00,8830e0ac99fffff,24,62.29,26.69,Kintex
8830e0ac99fffff,1:20:00,8830e0ac9dfffff,10,66.9,20.75,서울 양천구 신정동
8830e0ac99fffff,1:40:00,8830e0ac99fffff,23,51.39,18.57,Kintex
8830e0ac99fffff,2:00:00,8830e0ac99fffff,30,56.33,27.89,Kintex
8830e0ac99fffff,2:20:00,8830e0ac99fffff,26,65.08,44.98,Kintex
8830e0ac99fffff,2:20:00,8830e0ac9dfffff,10,54.2,16.11,서울 양천구 신정동
8830e0ac99fffff,2:40:00,8830e0ac99fffff,22,85.5,24.62,Kintex
8830e0ac99fffff,3:00:00,8830e0ac99fffff,19,103.53,25.74,Kintex
8830e0ac99fffff,3:20:00,8830e0ac99fffff,25,54.0,25.71,Kintex
8830e0ac99fffff,3:40:00,8830e0ac99fffff,23,140.65,22.24,Kintex
8830e0ac99fffff,4:00:00,8830e0ac99fffff,24,248.75,22.97,Kintex
8830e0ac99fffff,4:20:00,8830e0ac99fffff,23,205.78,29.15,Kintex
8830e0ac99fffff,4:40:00,8830e0ac99fffff,29,104.59,59.72,Kintex
8830e0ac99fffff,5:00:00,8830e0ac99fffff,31,233.26,34.38,Kintex
8830e0ac99fffff,5:20:00,8830e0ac99fffff,30,76.9,27.52,Kintex
8830e0ac99fffff,5:20:00,8830e0ac9dfffff,10,51.6,21.26,서울 양천구 신정동
8830e0ac99fffff,5:40:00,8830e0ac99fffff,40,119.48,42.14,Kintex
8830e0ac99fffff,6:00:00,8830e0ac99fffff,46,159.13,46.68,Kintex
8830e0ac99fffff,6:20:00,8830e0ac99fffff,47,111.36,31.01,Kintex
8830e0ac99fffff,6:20:00,8830e0ac9dfffff,12,111.17,29.24,서울 양천구 신정동
8830e0ac99fffff,6:20:00,8830e1db25fffff,10,146.0,29.62,서울 양천구 목동
8830e0ac99fffff,6:40:00,8830e0ac99fffff,73,149.88,29.31,Kintex
8830e0ac99fffff,6:40:00,8830e0ac9dfffff,14,148.14,27.99,서울 양천구 신정동
8830e0ac99fffff,6:40:00,8830e1db25fffff,18,154.89,27.48,서울 양천구 목동
8830e0ac99fffff,7:00:00,8830e0ac99fffff,93,90.73,23.8,Kintex
8830e0ac99fffff,7:00:00,8830e0ac9dfffff,19,185.89,25.9,서울 양천구 신정동
8830e0ac99fffff,7:00:00,8830e1db25fffff,11,93.18,25.58,서울 양천구 목동
8830e0ac99fffff,7:20:00,8830e0ac99fffff,97,74.1,30.97,Kintex
8830e0ac99fffff,7:20:00,8830e0ac9dfffff,10,80.0,18.09,서울 양천구 신정동
8830e0ac99fffff,7:20:00,8830e1db25fffff,13,82.54,20.09,서울 양천구 목동
8830e0ac99fffff,7:40:00,8830e0ac99fffff,98,75.0,32.02,Kintex
8830e0ac99fffff,7:40:00,8830e0ac9dfffff,22,83.45,26.43,서울 양천구 신정동
8830e0ac99fffff,7:40:00,8830e1db25fffff,16,54.25,30.33,서울 양천구 목동
8830e0ac99fffff,8:00:00,8830e0ac99fffff,144,88.39,28.63,Kintex
8830e0ac99fffff,8:00:00,8830e0ac9dfffff,16,142.06,29.36,서울 양천구 신정동
8830e0ac99fffff,8:00:00,8830e1db25fffff,14,74.71,27.26,서울 양천구 목동
8830e0ac99fffff,8:20:00,8830e0ac99fffff,126,72.87,27.0,Kintex
8830e0ac99fffff,8:20:00,8830e0ac9dfffff,31,85.68,22.21,서울 양천구 신정동
8830e0ac99fffff,8:20:00,8830e1db25fffff,21,87.29,38.55,서울 양천구 목동
8830e0ac99fffff,8:40:00,8830e0ac99fffff,148,100.55,26.83,Kintex
8830e0ac99fffff,8:40:00,8830e0ac9dfffff,26,75.88,27.04,서울 양천구 신정동
8830e0ac99fffff,8:40:00,8830e1db25fffff,28,72.5,26.34,서울 양천구 목동
8830e0ac99fffff,9:00:00,8830e0ac99fffff,180,78.48,36.94,Kintex
8830e0ac99fffff,9:00:00,8830e0ac9dfffff,30,59.7,24.26,서울 양천구 신정동
8830e0ac99fffff,9:00:00,8830e0af0bfffff,11,43.91,35.36,경기 부천시 중동
8830e0ac99fffff,9:00:00,8830e1db25fffff,23,59.96,25.14,서울 양천구 목동
8830e0ac99fffff,9:20:00,8830e0ac99fffff,177,102.76,28.73,Kintex
8830e0ac99fffff,9:20:00,8830e0ac9dfffff,31,77.65,26.68,서울 양천구 신정동
8830e0ac99fffff,9:20:00,8830e1db25fffff,25,78.52,34.29,서울 양천구 목동
8830e0ac99fffff,9:40:00,8830e0ac99fffff,183,96.55,28.54,Kintex
8830e0ac99fffff,9:40:00,8830e0ac9dfffff,31,67.35,21.36,서울 양천구 신정동
8830e0ac99fffff,9:40:00,8830e1db25fffff,29,83.0,27.23,서울 양천구 목동
8830e0ac99fffff,10:00:00,8830e0ac99fffff,202,79.43,27.56,Kintex
8830e0ac99fffff,10:00:00,8830e0ac9dfffff,29,66.86,21.14,서울 양천구 신정동
8830e0ac99fffff,10:00:00,8830e1db25fffff,33,75.3,33.13,서울 양천구 목동
8830e0ac99fffff,10:20:00,8830e0ac99fffff,181,73.57,22.72,Kintex
8830e0ac99fffff,10:20:00,8830e0ac9dfffff,37,78.11,36.23,서울 양천구 신정동
8830e0ac99fffff,10:20:00,8830e1db25fffff,20,77.3,21.51,서울 양천구 목동
8830e0ac99fffff,10:40:00,8830e0ac99fffff,176,80.58,25.33,Kintex
8830e0ac99fffff,10:40:00,8830e0ac9dfffff,40,62.5,17.46,서울 양천구 신정동
8830e0ac99fffff,10:40:00,8830e1db25fffff,28,69.93,26.38,서울 양천구 목동
8830e0ac99fffff,11:00:00,8830e0ac99fffff,157,81.17,23.17,Kintex
8830e0ac99fffff,11:00:00,8830e0ac9dfffff,27,84.15,22.42,서울 양천구 신정동
8830e0ac99fffff,11:00:00,8830e1db25fffff,41,78.95,24.81,서울 양천구 목동
8830e0ac99fffff,11:20:00,8830e0ac99fffff,182,69.96,22.91,Kintex
8830e0ac99fffff,11:20:00,8830e0ac9dfffff,29,81.69,22.33,서울 양천구 신정동
8830e0ac99fffff,11:20:00,8830e1db25fffff,18,59.28,23.7,서울 양천구 목동
8830e0ac99fffff,11:40:00,8830e0ac99fffff,168,70.83,23.33,Kintex
8830e0ac99fffff,11:40:00,8830e0ac9dfffff,31,51.74,19.17,서울 양천구 신정동
8830e0ac99fffff,11:40:00,8830e1db25fffff,36,62.58,21.56,서울 양천구 목동
8830e0ac99fffff,12:00:00,8830e0ac99fffff,137,68.32,22.28,Kintex
8830e0ac99fffff,12:00:00,8830e0ac9dfffff,24,88.13,28.41,서울 양천구 신정동
8830e0ac99fffff,12:00:00,8830e1db25fffff,27,59.59,22.34,서울 양천구 목동
8830e0ac99fffff,12:20:00,8830e0ac99fffff,160,77.75,25.25,Kintex
8830e0ac99fffff,12:20:00,8830e0ac9dfffff,20,46.3,38.46,서울 양천구 신정동
8830e0ac99fffff,12:20:00,8830e1db25fffff,30,68.1,24.46,서울 양천구 목동
8830e0ac99fffff,12:40:00,8830e0ac99fffff,172,80.43,22.05,Kintex
8830e0ac99fffff,12:40:00,8830e0ac9dfffff,33,77.67,24.49,서울 양천구 신정동
8830e0ac99fffff,12:40:00,8830e1db25fffff,20,65.45,20.98,서울 양천구 목동
8830e0ac99fffff,13:00:00,8830e0ac99fffff,195,84.88,23.87,Kintex
8830e0ac99fffff,13:00:00,8830e0ac9dfffff,32,60.69,27.31,서울 양천구 신정동
8830e0ac99fffff,13:00:00,8830e1db25fffff,25,91.36,24.81,서울 양천구 목동
8830e0ac99fffff,13:20:00,8830e0ac99fffff,198,76.62,23.74,Kintex
8830e0ac99fffff,13:20:00,8830e0ac9dfffff,41,68.98,20.81,서울 양천구 신정동
8830e0ac99fffff,13:20:00,8830e1db25fffff,32,64.31,29.56,서울 양천구 목동
8830e0ac99fffff,13:40:00,8830e0ac99fffff,224,73.43,24.17,Kintex
8830e0ac99fffff,13:40:00,8830e0ac9dfffff,39,70.62,23.27,서울 양천구 신정동
8830e0ac99fffff,13:40:00,8830e1db25fffff,38,74.32,25.33,서울 양천구 목동
8830e0ac99fffff,14:00:00,8830e0ac99fffff,206,83.81,26.81,Kintex
8830e0ac99fffff,14:00:00,8830e0ac9dfffff,26,87.5,28.64,서울 양천구 신정동
8830e0ac99fffff,14:00:00,8830e1db25fffff,32,79.66,30.71,서울 양천구 목동
8830e0ac99fffff,14:20:00,8830e0ac99fffff,241,79.15,26.13,Kintex
8830e0ac99fffff,14:20:00,8830e0ac9dfffff,38,75.68,23.07,서울 양천구 신정동
8830e0ac99fffff,14:20:00,8830e1db25fffff,33,70.7,28.4,서울 양천구 목동
8830e0ac99fffff,14:40:00,8830e0ac99fffff,194,68.34,26.02,Kintex
8830e0ac99fffff,14:40:00,8830e0ac9dfffff,41,82.27,21.82,서울 양천구 신정동
8830e0ac99fffff,14:40:00,8830e1db25fffff,29,72.9,27.06,서울 양천구 목동
8830e0ac99fffff,15:00:00,8830e0ac99fffff,176,72.83,23.8,Kintex
8830e0ac99fffff,15:00:00,8830e0ac9dfffff,34,68.79,22.85,서울 양천구 신정동
8830e0ac99fffff,15:00:00,8830e1db25fffff,30,79.0,42.89,서울 양천구 목동
8830e0ac99fffff,15:20:00,8830e0ac99fffff,190,73.6,23.86,Kintex
8830e0ac99fffff,15:20:00,8830e0ac9dfffff,30,82.2,21.91,서울 양천구 신정동
8830e0ac99fffff,15:20:00,8830e1db25fffff,24,58.54,27.03,서울 양천구 목동
8830e0ac99fffff,15:40:00,8830e0ac99fffff,203,80.21,26.28,Kintex
8830e0ac99fffff,15:40:00,8830e0ac9dfffff,28,61.54,22.09,서울 양천구 신정동
8830e0ac99fffff,15:40:00,8830e1db25fffff,22,64.14,31.85,서울 양천구 목동
8830e0ac99fffff,16:00:00,8830e0ac99fffff,197,64.5,24.51,Kintex
8830e0ac99fffff,16:00:00,8830e0ac9dfffff,33,58.79,19.97,서울 양천구 신정동
8830e0ac99fffff,16:00:00,8830e1db25fffff,36,65.08,28.66,서울 양천구 목동
8830e0ac99fffff,16:20:00,8830e0ac99fffff,191,66.36,23.02,Kintex
8830e0ac99fffff,16:20:00,8830e0ac9dfffff,41,68.44,21.41,서울 양천구 신정동
8830e0ac99fffff,16:20:00,8830e1db25fffff,31,63.84,26.82,서울 양천구 목동
8830e0ac99fffff,16:40:00,8830e0ac99fffff,162,70.51,21.26,Kintex
8830e0ac99fffff,16:40:00,8830e0ac9dfffff,27,65.44,26.71,서울 양천구 신정동
8830e0ac99fffff,16:40:00,8830e1db25fffff,17,53.35,29.42,서울 양천구 목동
8830e0ac99fffff,17:00:00,8830e0ac99fffff,159,67.43,23.18,Kintex
8830e0ac99fffff,17:00:00,8830e0ac9dfffff,34,65.94,24.26,서울 양천구 신정동
8830e0ac99fffff,17:00:00,8830e1db25fffff,20,54.35,21.92,서울 양천구 목동
8830e0ac99fffff,17:20:00,8830e0ac99fffff,152,55.44,21.02,Kintex
8830e0ac99fffff,17:20:00,8830e0ac9dfffff,27,61.07,18.95,서울 양천구 신정동
8830e0ac99fffff,17:20:00,8830e1db25fffff,27,74.3,31.85,서울 양천구 목동
8830e0ac99fffff,17:40:00,8830e0ac99fffff,120,69.38,24.98,Kintex
8830e0ac99fffff,17:40:00,8830e0ac9dfffff,16,61.13,18.91,서울 양천구 신정동
8830e0ac99fffff,17:40:00,8830e1db25fffff,22,56.32,18.86,서울 양천구 목동
8830e0ac99fffff,18:00:00,8830e0ac99fffff,133,62.42,19.78,Kintex
8830e0ac99fffff,18:00:00,8830e0ac9dfffff,23,62.43,20.64,서울 양천구 신정동
8830e0ac99fffff,18:00:00,8830e1db25fffff,26,53.0,26.64,서울 양천구 목동
8830e0ac99fffff,18:20:00,8830e0ac99fffff,140,57.0,24.65,Kintex
8830e0ac99fffff,18:20:00,8830e0ac9dfffff,23,67.7,17.25,서울 양천구 신정동
8830e0ac99fffff,18:20:00,8830e1db25fffff,15,66.07,16.83,서울 양천구 목동
8830e0ac99fffff,18:40:00,8830e0ac99fffff,131,55.93,21.2,Kintex
8830e0ac99fffff,18:40:00,8830e0ac9dfffff,19,80.95,22.83,서울 양천구 신정동
8830e0ac99fffff,18:40:00,8830e1db25fffff,23,65.7,30.76,서울 양천구 목동
8830e0ac99fffff,19:00:00,8830e0ac99fffff,110,70.45,27.02,Kintex
8830e0ac99fffff,19:00:00,8830e0ac9dfffff,25,57.72,16.28,서울 양천구 신정동
8830e0ac99fffff,19:00:00,8830e1db25fffff,13,61.54,28.6,서울 양천구 목동
8830e0ac99fffff,19:20:00,8830e0ac99fffff,109,65.92,25.62,Kintex
8830e0ac99fffff,19:20:00,8830e0ac9dfffff,23,60.43,24.84,서울 양천구 신정동
8830e0ac99fffff,19:20:00,8830e1db25fffff,17,54.12,27.12,서울 양천구 목동
8830e0ac99fffff,19:40:00,8830e0ac99fffff,118,64.31,30.02,Kintex
8830e0ac99fffff,19:40:00,8830e0ac9dfffff,15,69.87,33.07,서울 양천구 신정동
8830e0ac99fffff,19:40:00,8830e1db25fffff,17,59.41,22.23,서울 양천구 목동
8830e0ac99fffff,20:00:00,8830e0ac99fffff,135,60.76,39.09,Kintex
8830e0ac99fffff,20:00:00,8830e0ac9dfffff,17,90.82,31.89,서울 양천구 신정동
8830e0ac99fffff,20:00:00,8830e1db25fffff,16,45.06,19.28,서울 양천구 목동
8830e0ac99fffff,20:20:00,8830e0ac99fffff,137,55.98,26.58,Kintex
8830e0ac99fffff,20:20:00,8830e0ac9dfffff,20,70.15,25.8,서울 양천구 신정동
8830e0ac99fffff,20:20:00,8830e1db25fffff,16,61.06,34.06,서울 양천구 목동
8830e0ac99fffff,20:40:00,8830e0ac99fffff,116,58.04,30.78,Kintex
8830e0ac99fffff,20:40:00,8830e0ac9dfffff,19,72.68,22.76,서울 양천구 신정동
8830e0ac99fffff,20:40:00,8830e1db25fffff,16,62.94,19.06,서울 양천구 목동
8830e0ac99fffff,21:00:00,8830e0ac99fffff,119,64.98,30.35,Kintex
8830e0ac99fffff,21:00:00,8830e0ac9dfffff,27,65.48,27.62,서울 양천구 신정동
8830e0ac99fffff,21:00:00,8830e1db25fffff,17,77.88,41.92,서울 양천구 목동
8830e0ac99fffff,21:20:00,8830e0ac99fffff,87,79.83,25.04,Kintex
8830e0ac99fffff,21:20:00,8830e0ac9dfffff,26,59.58,31.72,서울 양천구 신정동
8830e0ac99fffff,21:20:00,8830e1db25fffff,20,54.25,28.12,서울 양천구 목동
8830e0ac99fffff,21:40:00,8830e0ac99fffff,118,56.08,27.49,Kintex
8830e0ac99fffff,21:40:00,8830e0ac9dfffff,16,67.81,21.14,서울 양천구 신정동
8830e0ac99fffff,22:00:00,8830e0ac99fffff,80,62.39,25.45,Kintex
8830e0ac99fffff,22:00:00,8830e0ac9dfffff,17,47.47,28.37,서울 양천구 신정동
8830e0ac99fffff,22:00:00,8830e1db25fffff,16,64.31,37.1,서울 양천구 목동
8830e0ac99fffff,22:20:00,8830e0ac99fffff,70,66.76,36.67,Kintex
8830e0ac99fffff,22:20:00,8830e0ac9dfffff,11,64.64,26.9,서울 양천구 신정동
8830e0ac99fffff,22:40:00,8830e0ac99fffff,75,50.35,25.81,Kintex
8830e0ac99fffff,22:40:00,8830e0ac9dfffff,18,45.72,16.54,서울 양천구 신정동
8830e0ac99fffff,22:40:00,8830e1db25fffff,13,51.23,27.81,서울 양천구 목동
8830e0ac99fffff,23:00:00,8830e0ac99fffff,88,47.16,22.24,Kintex
8830e0ac99fffff,23:00:00,8830e0ac9dfffff,11,43.09,14.6,서울 양천구 신정동
8830e0ac99fffff,23:20:00,8830e0ac99fffff,66,35.39,20.11,Kintex
8830e0ac99fffff,23:20:00,8830e0ac9dfffff,11,34.18,20.36,서울 양천구 신정동
8830e0ac9bfffff,0:00:00,8830e0ac99fffff,55,47.11,20.25,Kintex
8830e0ac9bfffff,0:00:00,8830e0ac9dfffff,10,61.5,27.39,서울 양천구 신정동
8830e0ac9bfffff,0:00:00,8830e1db25fffff,47,79.13,22.04,서울 양천구 목동
8830e0ac9bfffff,0:40:00,8830e0ac99fffff,14,46.79,17.1,Kintex
8830e0ac9bfffff,6:00:00,8830e0ac99fffff,15,213.4,35.25,Kintex
8830e0ac9bfffff,6:20:00,8830e1db25fffff,10,165.6,38.33,서울 양천구 목동
8830e0ac9bfffff,7:00:00,8830e1db25fffff,17,182.24,24.38,서울 양천구 목동
8830e0ac9bfffff,7:20:00,8830e0ac99fffff,10,77.8,16.28,Kintex
8830e0ac9bfffff,7:20:00,8830e1db25fffff,15,119.13,28.07,서울 양천구 목동
8830e0ac9bfffff,7:40:00,8830e1db25fffff,14,105.29,38.24,서울 양천구 목동
8830e0ac9bfffff,8:00:00,8830e1db25fffff,14,159.07,29.14,서울 양천구 목동
8830e0ac9bfffff,8:20:00,8830e0ac99fffff,16,80.25,34.55,Kintex
8830e0ac9bfffff,8:20:00,8830e1db25fffff,32,77.0,22.68,서울 양천구 목동
8830e0ac9bfffff,8:40:00,8830e0ac99fffff,15,70.4,30.26,Kintex
8830e0ac9bfffff,8:40:00,8830e1db25fffff,25,74.08,22.2,서울 양천구 목동
8830e0ac9bfffff,9:00:00,8830e0ac99fffff,14,72.36,22.05,Kintex
8830e0ac9bfffff,9:00:00,8830e1db25fffff,31,75.0,32.88,서울 양천구 목동
8830e0ac9bfffff,9:20:00,8830e0ac99fffff,14,57.07,33.57,Kintex
8830e0ac9bfffff,9:20:00,8830e1db25fffff,41,86.63,29.13,서울 양천구 목동
8830e0ac9bfffff,9:40:00,8830e0ac99fffff,18,76.5,18.79,Kintex
8830e0ac9bfffff,9:40:00,8830e1db25fffff,32,72.38,27.98,서울 양천구 목동
8830e0ac9bfffff,10:00:00,8830e0ac99fffff,19,89.11,27.62,Kintex
8830e0ac9bfffff,10:00:00,8830e1db25fffff,34,87.12,27.47,서울 양천구 목동
8830e0ac9bfffff,10:20:00,8830e0ac99fffff,12,77.33,27.9,Kintex
8830e0ac9bfffff,10:20:00,8830e1db25fffff,41,80.8,29.45,서울 양천구 목동
8830e0ac9bfffff,10:40:00,8830e0ac99fffff,18,105.83,32.34,Kintex
8830e0ac9bfffff,10:40:00,8830e1db25fffff,33,94.79,30.79,서울 양천구 목동
8830e0ac9bfffff,11:00:00,8830e0ac99fffff,13,53.85,31.06,Kintex
8830e0ac9bfffff,11:00:00,8830e1db25fffff,42,60.5,25.75,서울 양천구 목동
8830e0ac9bfffff,11:20:00,8830e0ac99fffff,17,69.41,24.77,Kintex
8830e0ac9bfffff,11:20:00,8830e1db25fffff,44,98.55,27.42,서울 양천구 목동
8830e0ac9bfffff,11:40:00,8830e0ac99fffff,16,60.81,25.67,Kintex
8830e0ac9bfffff,11:40:00,8830e1db25fffff,47,60.36,28.27,서울 양천구 목동
8830e0ac9bfffff,12:00:00,8830e0ac99fffff,13,54.77,22.77,Kintex
8830e0ac9bfffff,12:00:00,8830e1db25fffff,37,59.19,21.68,서울 양천구 목동
8830e0ac9bfffff,12:20:00,8830e0ac99fffff,13,46.08,24.78,Kintex
8830e0ac9bfffff,12:20:00,8830e1db25fffff,33,64.48,25.96,서울 양천구 목동
8830e0ac9bfffff,12:40:00,8830e0ac99fffff,17,64.94,28.36,Kintex
8830e0ac9bfffff,12:40:00,8830e1db25fffff,27,69.93,25.63,서울 양천구 목동
8830e0ac9bfffff,13:00:00,8830e0ac99fffff,14,50.64,27.64,Kintex
8830e0ac9bfffff,13:00:00,8830e1db25fffff,43,86.16,31.42,서울 양천구 목동
8830e0ac9bfffff,13:20:00,8830e0ac99fffff,20,122.85,25.54,Kintex
8830e0ac9bfffff,13:20:00,8830e1db25fffff,38,87.89,28.01,서울 양천구 목동
8830e0ac9bfffff,13:40:00,8830e0ac99fffff,17,79.88,26.26,Kintex
8830e0ac9bfffff,13:40:00,8830e1db25fffff,41,85.76,25.48,서울 양천구 목동
8830e0ac9bfffff,14:00:00,8830e0ac99fffff,21,74.9,30.55,Kintex
8830e0ac9bfffff,14:00:00,8830e1db25fffff,47,77.23,30.46,서울 양천구 목동
8830e0ac9bfffff,14:20:00,8830e0ac99fffff,14,64.21,30.09,Kintex
8830e0ac9bfffff,14:20:00,8830e1db25fffff,44,65.25,28.78,서울 양천구 목동
8830e0ac9bfffff,14:40:00,8830e0ac99fffff,18,85.11,27.35,Kintex
8830e0ac9bfffff,14:40:00,8830e1db25fffff,43,88.74,29.68,서울 양천구 목동
8830e0ac9bfffff,15:00:00,8830e0ac99fffff,27,69.96,31.87,Kintex
8830e0ac9bfffff,15:00:00,8830e1db25fffff,41,55.83,27.63,서울 양천구 목동
8830e0ac9bfffff,15:20:00,8830e0ac99fffff,20,70.3,28.51,Kintex
8830e0ac9bfffff,15:20:00,8830e1db25fffff,37,63.76,25.54,서울 양천구 목동
8830e0ac9bfffff,15:40:00,8830e0ac99fffff,18,56.89,32.76,Kintex
8830e0ac9bfffff,15:40:00,8830e1db25fffff,40,59.68,25.59,서울 양천구 목동
8830e0ac9bfffff,16:00:00,8830e0ac99fffff,25,87.84,22.97,Kintex
8830e0ac9bfffff,16:00:00,8830e1db25fffff,35,70.09,26.78,서울 양천구 목동
8830e0ac9bfffff,16:20:00,8830e0ac99fffff,18,88.56,24.34,Kintex
8830e0ac9bfffff,16:20:00,8830e1db25fffff,31,92.97,27.14,서울 양천구 목동
8830e0ac9bfffff,16:40:00,8830e0ac99fffff,17,62.47,39.41,Kintex
8830e0ac9bfffff,16:40:00,8830e1db25fffff,28,84.86,24.45,서울 양천구 목동
8830e0ac9bfffff,17:00:00,8830e0ac99fffff,19,81.79,19.47,Kintex
8830e0ac9bfffff,17:00:00,8830e1db25fffff,33,100.24,23.47,서울 양천구 목동
8830e0ac9bfffff,17:20:00,8830e0ac99fffff,18,60.56,22.04,Kintex
8830e0ac9bfffff,17:20:00,8830e1db25fffff,39,60.72,24.48,서울 양천구 목동
8830e0ac9bfffff,17:40:00,8830e0ac99fffff,12,46.08,20.57,Kintex
8830e0ac9bfffff,17:40:00,8830e1db25fffff,35,68.0,28.49,서울 양천구 목동
8830e0ac9bfffff,18:00:00,8830e0ac99fffff,15,50.67,19.27,Kintex
8830e0ac9bfffff,18:00:00,8830e0aea7fffff,12,73.0,29.84,서울 양천구 목동
8830e0ac9bfffff,18:00:00,8830e1db25fffff,46,66.39,23.8,서울 양천구 목동
8830e0ac9bfffff,18:20:00,8830e0ac99fffff,21,42.86,22.67,Kintex
8830e0ac9bfffff,18:20:00,8830e1db25fffff,41,56.56,22.13,서울 양천구 목동
8830e0ac9bfffff,18:40:00,8830e0ac99fffff,16,72.31,32.46,Kintex
8830e0ac9bfffff,18:40:00,8830e1db25fffff,21,54.38,27.08,서울 양천구 목동
8830e0ac9bfffff,19:00:00,8830e0ac99fffff,17,61.12,29.11,Kintex
8830e0ac9bfffff,19:00:00,8830e1db25fffff,15,65.27,34.57,서울 양천구 목동
8830e0ac9bfffff,19:20:00,8830e0ac99fffff,16,64.38,33.38,Kintex
8830e0ac9bfffff,19:20:00,8830e1db25fffff,26,70.08,26.07,서울 양천구 목동
8830e0ac9bfffff,19:40:00,8830e0ac99fffff,16,58.63,35.88,Kintex
8830e0ac9bfffff,19:40:00,8830e1db25fffff,29,82.55,26.65,서울 양천구 목동
8830e0ac9bfffff,20:00:00,8830e0ac99fffff,12,92.75,30.09,Kintex
8830e0ac9bfffff,20:00:00,8830e1db25fffff,22,61.55,33.39,서울 양천구 목동
8830e0ac9bfffff,20:20:00,8830e0ac99fffff,19,65.37,27.68,Kintex
8830e0ac9bfffff,20:20:00,8830e1db25fffff,21,58.62,26.77,서울 양천구 목동
8830e0ac9bfffff,20:40:00,8830e0ac99fffff,14,63.5,54.49,Kintex
8830e0ac9bfffff,21:00:00,8830e0ac99fffff,13,56.85,26.36,Kintex
8830e0ac9bfffff,21:00:00,8830e1db25fffff,26,65.12,30.86,서울 양천구 목동
8830e0ac9bfffff,21:20:00,8830e0ac99fffff,19,53.42,25.38,Kintex
8830e0ac9bfffff,21:20:00,8830e1db25fffff,18,59.22,49.8,서울 양천구 목동
8830e0ac9bfffff,21:40:00,8830e1db25fffff,20,126.25,30.25,서울 양천구 목동
8830e0ac9bfffff,22:00:00,8830e0ac99fffff,12,50.92,27.2,Kintex
8830e0ac9bfffff,22:00:00,8830e1db25fffff,13,59.23,33.91,서울 양천구 목동
8830e0ac9bfffff,22:20:00,8830e0ac99fffff,15,51.53,31.61,Kintex
8830e0ac9bfffff,22:20:00,8830e1db25fffff,11,57.55,22.61,서울 양천구 목동
8830e0ac9bfffff,23:00:00,8830e0ac99fffff,19,49.42,20.15,Kintex
8830e0ac9bfffff,23:00:00,8830e1db25fffff,23,46.52,22.64,서울 양천구 목동
8830e0ac9bfffff,23:20:00,8830e0ac99fffff,10,37.0,10.79,Kintex
8830e0ac9dfffff,0:00:00,8830e0ac83fffff,28,53.79,23.57,서울 구로구 구로동
8830e0ac9dfffff,0:00:00,8830e0ac99fffff,60,59.92,19.09,Kintex
8830e0ac9dfffff,0:00:00,8830e0ac9dfffff,345,63.08,24.06,서울 양천구 신정동
8830e0ac9dfffff,0:20:00,8830e0ac9dfffff,16,67.5,23.16,서울 양천구 신정동
8830e0ac9dfffff,0:40:00,8830e0ac9dfffff,40,55.53,25.06,서울 양천구 신정동
8830e0ac9dfffff,1:00:00,8830e0ac9dfffff,31,64.52,15.86,서울 양천구 신정동
8830e0ac9dfffff,1:20:00,8830e0ac9dfffff,30,60.53,20.32,서울 양천구 신정동
8830e0ac9dfffff,1:40:00,8830e0ac9dfffff,31,61.13,16.18,서울 양천구 신정동
8830e0ac9dfffff,2:00:00,8830e0ac9dfffff,32,55.63,21.4,서울 양천구 신정동
8830e0ac9dfffff,2:20:00,8830e0ac9dfffff,26,86.65,19.06,서울 양천구 신정동
8830e0ac9dfffff,2:40:00,8830e0ac9dfffff,39,61.72,29.91,서울 양천구 신정동
8830e0ac9dfffff,3:00:00,8830e0ac9dfffff,29,71.38,20.02,서울 양천구 신정동
8830e0ac9dfffff,3:20:00,8830e0ac9dfffff,37,61.57,18.74,서울 양천구 신정동
8830e0ac9dfffff,3:40:00,8830e0ac99fffff,12,62.5,26.66,Kintex
8830e0ac9dfffff,3:40:00,8830e0ac9dfffff,24,57.83,13.81,서울 양천구 신정동
8830e0ac9dfffff,4:00:00,8830e0ac9dfffff,27,60.04,17.3,서울 양천구 신정동
8830e0ac9dfffff,4:20:00,8830e0ac9dfffff,34,83.68,26.64,서울 양천구 신정동
8830e0ac9dfffff,4:40:00,8830e0ac9dfffff,30,83.2,20.39,서울 양천구 신정동
8830e0ac9dfffff,5:00:00,8830e0ac9dfffff,28,168.82,22.93,서울 양천구 신정동
8830e0ac9dfffff,5:20:00,8830e0ac99fffff,11,144.45,27.86,Kintex
8830e0ac9dfffff,5:20:00,8830e0ac9dfffff,44,109.23,26.74,서울 양천구 신정동
8830e0ac9dfffff,5:40:00,8830e0ac9dfffff,22,65.86,21.53,서울 양천구 신정동
8830e0ac9dfffff,6:00:00,8830e0ac9dfffff,44,105.89,32.04,서울 양천구 신정동
8830e0ac9dfffff,6:20:00,8830e0ac99fffff,12,74.08,32.7,Kintex
8830e0ac9dfffff,6:20:00,8830e0ac9dfffff,48,121.17,24.68,서울 양천구 신정동
8830e0ac9dfffff,6:40:00,8830e0ac83fffff,12,64.08,16.02,서울 구로구 구로동
8830e0ac9dfffff,6:40:00,8830e0ac99fffff,10,102.4,32.2,Kintex
8830e0ac9dfffff,6:40:00,8830e0ac9dfffff,48,88.6,25.67,서울 양천구 신정동
8830e0ac9dfffff,7:00:00,8830e0ac83fffff,13,60.31,21.89,서울 구로구 구로동
8830e0ac9dfffff,7:00:00,8830e0ac99fffff,17,90.94,24.64,Kintex
8830e0ac9dfffff,7:00:00,8830e0ac9dfffff,75,85.95,23.15,서울 양천구 신정동
8830e0ac9dfffff,7:20:00,8830e0ac83fffff,10,84.5,20.2,서울 구로구 구로동
8830e0ac9dfffff,7:20:00,8830e0ac99fffff,18,96.83,30.21,Kintex
8830e0ac9dfffff,7:20:00,8830e0ac9dfffff,82,82.41,24.76,서울 양천구 신정동
8830e0ac9dfffff,7:40:00,8830e0ac83fffff,10,54.9,25.01,서울 구로구 구로동
8830e0ac9dfffff,7:40:00,8830e0ac99fffff,15,91.2,18.99,Kintex
8830e0ac9dfffff,7:40:00,8830e0ac9dfffff,72,91.44,23.63,서울 양천구 신정동
8830e0ac9dfffff,8:00:00,8830e0ac83fffff,18,75.39,26.39,서울 구로구 구로동
8830e0ac9dfffff,8:00:00,8830e0ac99fffff,17,69.88,19.4,Kintex
8830e0ac9dfffff,8:00:00,8830e0ac9dfffff,82,109.67,22.18,서울 양천구 신정동
8830e0ac9dfffff,8:20:00,8830e0ac83fffff,15,89.93,20.98,서울 구로구 구로동
8830e0ac9dfffff,8:20:00,8830e0ac99fffff,24,45.92,19.97,Kintex
8830e0ac9dfffff,8:20:00,8830e0ac9dfffff,98,88.74,25.12,서울 양천구 신정동
8830e0ac9dfffff,8:40:00,8830e0ac83fffff,20,65.95,28.81,서울 구로구 구로동
8830e0ac9dfffff,8:40:00,8830e0ac99fffff,22,63.59,30.98,Kintex
8830e0ac9dfffff,8:40:00,8830e0ac9dfffff,112,85.12,27.01,서울 양천구 신정동
8830e0ac9dfffff,9:00:00,8830e0ac83fffff,18,62.22,21.35,서울 구로구 구로동
8830e0ac9dfffff,9:00:00,8830e0ac99fffff,21,90.9,24.41,Kintex
8830e0ac9dfffff,9:00:00,8830e0ac9dfffff,136,92.43,24.83,서울 양천구 신정동
8830e0ac9dfffff,9:20:00,8830e0ac83fffff,15,109.67,27.51,서울 구로구 구로동
8830e0ac9dfffff,9:20:00,8830e0ac99fffff,17,62.65,15.94,Kintex
8830e0ac9dfffff,9:20:00,8830e0ac9dfffff,128,81.61,25.91,서울 양천구 신정동
8830e0ac9dfffff,9:40:00,8830e0ac83fffff,23,97.48,26.71,서울 구로구 구로동
8830e0ac9dfffff,9:40:00,8830e0ac99fffff,28,59.79,26.77,Kintex
8830e0ac9dfffff,9:40:00,8830e0ac9dfffff,126,71.38,24.54,서울 양천구 신정동
8830e0ac9dfffff,10:00:00,8830e0ac83fffff,23,69.39,17.69,서울 구로구 구로동
8830e0ac9dfffff,10:00:00,8830e0ac99fffff,24,77.33,23.87,Kintex
8830e0ac9dfffff,10:00:00,8830e0ac9dfffff,133,68.32,23.92,서울 양천구 신정동
8830e0ac9dfffff,10:20:00,8830e0ac83fffff,26,64.58,23.33,서울 구로구 구로동
8830e0ac9dfffff,10:20:00,8830e0ac99fffff,27,69.93,21.38,Kintex
8830e0ac9dfffff,10:20:00,8830e0ac9dfffff,141,78.89,26.58,서울 양천구 신정동
8830e0ac9dfffff,10:40:00,8830e0ac83fffff,22,70.0,21.12,서울 구로구 구로동
8830e0ac9dfffff,10:40:00,8830e0ac99fffff,37,67.24,20.49,Kintex
8830e0ac9dfffff,10:40:00,8830e0ac9dfffff,134,75.64,23.36,서울 양천구 신정동
8830e0ac9dfffff,11:00:00,8830e0ac83fffff,16,68.56,30.54,서울 구로구 구로동
8830e0ac9dfffff,11:00:00,8830e0ac99fffff,20,66.35,18.01,Kintex
8830e0ac9dfffff,11:00:00,8830e0ac9dfffff,109,68.32,26.26,서울 양천구 신정동
8830e0ac9dfffff,11:20:00,8830e0ac83fffff,23,140.52,27.95,서울 구로구 구로동
8830e0ac9dfffff,11:20:00,8830e0ac99fffff,36,81.42,24.56,Kintex
8830e0ac9dfffff,11:20:00,8830e0ac9dfffff,92,75.85,25.52,서울 양천구 신정동
8830e0ac9dfffff,11:20:00,8830e1db25fffff,13,57.31,24.49,서울 양천구 목동
8830e0ac9dfffff,11:40:00,8830e0ac83fffff,28,130.0,26.21,서울 구로구 구로동
8830e0ac9dfffff,11:40:00,8830e0ac99fffff,16,156.69,19.58,Kintex
8830e0ac9dfffff,11:40:00,8830e0ac9dfffff,126,75.87,22.74,서울 양천구 신정동
8830e0ac9dfffff,12:00:00,8830e0ac83fffff,21,81.0,31.77,서울 구로구 구로동
8830e0ac9dfffff,12:00:00,8830e0ac99fffff,31,74.55,13.71,Kintex
8830e0ac9dfffff,12:00:00,8830e0ac9dfffff,121,76.66,23.1,서울 양천구 신정동
8830e0ac9dfffff,12:20:00,8830e0ac83fffff,23,114.48,33.16,서울 구로구 구로동
8830e0ac9dfffff,12:20:00,8830e0ac99fffff,25,73.8,22.08,Kintex
8830e0ac9dfffff,12:20:00,8830e0ac9dfffff,102,78.38,24.78,서울 양천구 신정동
8830e0ac9dfffff,12:20:00,8830e1db25fffff,13,102.38,14.08,서울 양천구 목동
8830e0ac9dfffff,12:40:00,8830e0ac83fffff,23,76.43,25.47,서울 구로구 구로동
8830e0ac9dfffff,12:40:00,8830e0ac99fffff,32,71.16,19.1,Kintex
8830e0ac9dfffff,12:40:00,8830e0ac9dfffff,127,82.61,25.26,서울 양천구 신정동
8830e0ac9dfffff,12:40:00,8830e1db25fffff,11,53.73,21.84,서울 양천구 목동
8830e0ac9dfffff,13:00:00,8830e0ac83fffff,27,86.11,24.0,서울 구로구 구로동
8830e0ac9dfffff,13:00:00,8830e0ac99fffff,30,67.93,19.37,Kintex
8830e0ac9dfffff,13:00:00,8830e0ac9dfffff,133,76.68,25.46,서울 양천구 신정동
8830e0ac9dfffff,13:00:00,8830e1db25fffff,14,55.93,15.18,서울 양천구 목동
8830e0ac9dfffff,13:20:00,8830e0ac83fffff,24,99.96,35.36,서울 구로구 구로동
8830e0ac9dfffff,13:20:00,8830e0ac99fffff,32,88.16,27.64,Kintex
8830e0ac9dfffff,13:20:00,8830e0ac9dfffff,145,79.08,25.05,서울 양천구 신정동
8830e0ac9dfffff,13:40:00,8830e0ac83fffff,28,59.64,22.2,서울 구로구 구로동
8830e0ac9dfffff,13:40:00,8830e0ac99fffff,46,78.37,26.6,Kintex
8830e0ac9dfffff,13:40:00,8830e0ac9dfffff,141,92.06,23.92,서울 양천구 신정동
8830e0ac9dfffff,14:00:00,8830e0ac83fffff,24,98.42,23.18,서울 구로구 구로동
8830e0ac9dfffff,14:00:00,8830e0ac99fffff,43,88.28,25.49,Kintex
8830e0ac9dfffff,14:00:00,8830e0ac9dfffff,148,87.37,22.99,서울 양천구 신정동
8830e0ac9dfffff,14:20:00,8830e0ac83fffff,17,60.59,29.22,서울 구로구 구로동
8830e0ac9dfffff,14:20:00,8830e0ac99fffff,27,95.74,19.28,Kintex
8830e0ac9dfffff,14:20:00,8830e0ac9dfffff,136,91.18,25.02,서울 양천구 신정동
8830e0ac9dfffff,14:40:00,8830e0ac83fffff,29,71.66,26.89,서울 구로구 구로동
8830e0ac9dfffff,14:40:00,8830e0ac99fffff,36,65.0,20.09,Kintex
8830e0ac9dfffff,14:40:00,8830e0ac9dfffff,137,87.27,24.35,서울 양천구 신정동
8830e0ac9dfffff,15:00:00,8830e0ac83fffff,26,89.08,25.79,서울 구로구 구로동
8830e0ac9dfffff,15:00:00,8830e0ac99fffff,49,90.16,31.64,Kintex
8830e0ac9dfffff,15:00:00,8830e0ac9dfffff,116,92.9,24.48,서울 양천구 신정동
8830e0ac9dfffff,15:20:00,8830e0ac83fffff,24,72.54,26.81,서울 구로구 구로동
8830e0ac9dfffff,15:20:00,8830e0ac99fffff,28,68.86,27.55,Kintex
8830e0ac9dfffff,15:20:00,8830e0ac9dfffff,119,95.29,25.22,서울 양천구 신정동
8830e0ac9dfffff,15:40:00,8830e0ac83fffff,30,64.37,20.53,서울 구로구 구로동
8830e0ac9dfffff,15:40:00,8830e0ac99fffff,30,65.83,27.45,Kintex
8830e0ac9dfffff,15:40:00,8830e0ac9dfffff,138,76.67,24.74,서울 양천구 신정동
8830e0ac9dfffff,16:00:00,8830e0ac83fffff,24,70.29,35.16,서울 구로구 구로동
8830e0ac9dfffff,16:00:00,8830e0ac99fffff,33,100.3,26.84,Kintex
8830e0ac9dfffff,16:00:00,8830e0ac9dfffff,119,84.39,21.98,서울 양천구 신정동
8830e0ac9dfffff,16:00:00,8830e1db25fffff,10,59.8,29.27,서울 양천구 목동
8830e0ac9dfffff,16:20:00,8830e0ac83fffff,19,72.42,22.48,서울 구로구 구로동
8830e0ac9dfffff,16:20:00,8830e0ac99fffff,37,63.3,22.71,Kintex
8830e0ac9dfffff,16:20:00,8830e0ac9dfffff,96,70.16,20.87,서울 양천구 신정동
8830e0ac9dfffff,16:40:00,8830e0ac83fffff,15,111.4,27.85,서울 구로구 구로동
8830e0ac9dfffff,16:40:00,8830e0ac99fffff,26,56.38,21.77,Kintex
8830e0ac9dfffff,16:40:00,8830e0ac9dfffff,108,63.83,22.08,서울 양천구 신정동
8830e0ac9dfffff,17:00:00,8830e0ac83fffff,19,73.79,19.22,서울 구로구 구로동
8830e0ac9dfffff,17:00:00,8830e0ac99fffff,15,119.2,24.9,Kintex
8830e0ac9dfffff,17:00:00,8830e0ac9dfffff,100,66.64,23.67,서울 양천구 신정동
8830e0ac9dfffff,17:00:00,8830e1db25fffff,12,71.08,21.2,서울 양천구 목동
8830e0ac9dfffff,17:20:00,8830e0ac83fffff,11,101.55,22.58,서울 구로구 구로동
8830e0ac9dfffff,17:20:00,8830e0ac99fffff,33,58.76,24.83,Kintex
8830e0ac9dfffff,17:20:00,8830e0ac9dfffff,105,65.55,24.34,서울 양천구 신정동
8830e0ac9dfffff,17:40:00,8830e0ac83fffff,28,65.79,22.29,서울 구로구 구로동
8830e0ac9dfffff,17:40:00,8830e0ac99fffff,22,62.91,21.43,Kintex
8830e0ac9dfffff,17:40:00,8830e0ac9dfffff,76,68.01,23.41,서울 양천구 신정동
8830e0ac9dfffff,18:00:00,8830e0ac83fffff,18,106.83,25.17,서울 구로구 구로동
8830e0ac9dfffff,18:00:00,8830e0ac99fffff,18,60.44,24.52,Kintex
8830e0ac9dfffff,18:00:00,8830e0ac9dfffff,82,72.29,22.49,서울 양천구 신정동
8830e0ac9dfffff,18:20:00,8830e0ac83fffff,23,48.61,17.97,서울 구로구 구로동
8830e0ac9dfffff,18:20:00,8830e0ac99fffff,25,58.2,19.75,Kintex
8830e0ac9dfffff,18:20:00,8830e0ac9dfffff,76,66.38,23.76,서울 양천구 신정동
8830e0ac9dfffff,18:40:00,8830e0ac83fffff,13,120.77,23.22,서울 구로구 구로동
8830e0ac9dfffff,18:40:00,8830e0ac99fffff,26,67.69,24.93,Kintex
8830e0ac9dfffff,18:40:00,8830e0ac9dfffff,72,72.24,26.66,서울 양천구 신정동
8830e0ac9dfffff,19:00:00,8830e0ac83fffff,23,70.48,28.87,서울 구로구 구로동
8830e0ac9dfffff,19:00:00,8830e0ac99fffff,12,79.17,20.92,Kintex
8830e0ac9dfffff,19:00:00,8830e0ac9dfffff,122,93.48,25.97,서울 양천구 신정동
8830e0ac9dfffff,19:20:00,8830e0ac83fffff,21,97.71,31.78,서울 구로구 구로동
8830e0ac9dfffff,19:20:00,8830e0ac99fffff,15,50.2,24.49,Kintex
8830e0ac9dfffff,19:20:00,8830e0ac9dfffff,108,74.05,24.57,서울 양천구 신정동
8830e0ac9dfffff,19:40:00,8830e0ac83fffff,23,63.61,35.25,서울 구로구 구로동
8830e0ac9dfffff,19:40:00,8830e0ac99fffff,23,63.39,29.33,Kintex
8830e0ac9dfffff,19:40:00,8830e0ac9dfffff,90,66.27,25.79,서울 양천구 신정동
8830e0ac9dfffff,20:00:00,8830e0ac83fffff,22,69.77,25.7,서울 구로구 구로동
8830e0ac9dfffff,20:00:00,8830e0ac99fffff,24,58.46,22.35,Kintex
8830e0ac9dfffff,20:00:00,8830e0ac9dfffff,91,67.36,24.77,서울 양천구 신정동
8830e0ac9dfffff,20:20:00,8830e0ac83fffff,26,112.46,30.91,서울 구로구 구로동
8830e0ac9dfffff,20:20:00,8830e0ac99fffff,24,64.25,23.06,Kintex
8830e0ac9dfffff,20:20:00,8830e0ac9dfffff,95,65.99,21.56,서울 양천구 신정동
8830e0ac9dfffff,20:40:00,8830e0ac83fffff,14,66.64,42.21,서울 구로구 구로동
8830e0ac9dfffff,20:40:00,8830e0ac99fffff,19,84.11,24.08,Kintex
8830e0ac9dfffff,20:40:00,8830e0ac9dfffff,92,67.61,24.67,서울 양천구 신정동
8830e0ac9dfffff,21:00:00,8830e0ac83fffff,13,56.69,30.46,서울 구로구 구로동
8830e0ac9dfffff,21:00:00,8830e0ac99fffff,13,65.77,31.3,Kintex
8830e0ac9dfffff,21:00:00,8830e0ac9dfffff,80,72.05,26.8,서울 양천구 신정동
8830e0ac9dfffff,21:20:00,8830e0ac83fffff,20,53.55,36.94,서울 구로구 구로동
8830e0ac9dfffff,21:20:00,8830e0ac99fffff,14,64.0,17.69,Kintex
8830e0ac9dfffff,21:20:00,8830e0ac9dfffff,104,62.76,21.47,서울 양천구 신정동
8830e0ac9dfffff,21:40:00,8830e0ac83fffff,15,57.33,38.94,서울 구로구 구로동
8830e0ac9dfffff,21:40:00,8830e0ac99fffff,21,80.0,31.15,Kintex
8830e0ac9dfffff,21:40:00,8830e0ac9dfffff,92,63.54,27.23,서울 양천구 신정동
8830e0ac9dfffff,22:00:00,8830e0ac83fffff,11,58.82,40.55,서울 구로구 구로동
8830e0ac9dfffff,22:00:00,8830e0ac99fffff,10,58.4,30.7,Kintex
8830e0ac9dfffff,22:00:00,8830e0ac9dfffff,79,59.13,21.49,서울 양천구 신정동
8830e0ac9dfffff,22:20:00,8830e0ac83fffff,15,61.67,24.74,서울 구로구 구로동
8830e0ac9dfffff,22:20:00,8830e0ac99fffff,10,79.8,14.28,Kintex
8830e0ac9dfffff,22:20:00,8830e0ac9dfffff,61,57.2,24.16,서울 양천구 신정동
8830e0ac9dfffff,22:40:00,8830e0ac83fffff,10,64.7,22.2,서울 구로구 구로동
8830e0ac9dfffff,22:40:00,8830e0ac99fffff,14,49.79,26.86,Kintex
8830e0ac9dfffff,22:40:00,8830e0ac9dfffff,57,52.77,32.32,서울 양천구 신정동
8830e0ac9dfffff,23:00:00,8830e0ac83fffff,11,46.18,33.38,서울 구로구 구로동
8830e0ac9dfffff,23:00:00,8830e0ac9dfffff,78,49.23,22.45,서울 양천구 신정동
8830e0ac9dfffff,23:20:00,8830e0ac99fffff,10,34.6,11.38,Kintex
8830e0ac9dfffff,23:20:00,8830e0ac9dfffff,52,38.27,15.86,서울 양천구 신정동
8830e0aca3fffff,11:00:00,8830e0ad9bfffff,11,41.36,24.01,Gwang_Myeong
8830e0aca3fffff,11:20:00,8830e0ad9bfffff,13,78.31,31.16,Gwang_Myeong
8830e0aca3fffff,12:40:00,8830e0ad9bfffff,11,90.64,33.6,Gwang_Myeong
8830e0aca3fffff,13:20:00,8830e0ad9bfffff,11,61.09,22.8,Gwang_Myeong
8830e0aca3fffff,13:40:00,8830e0ad9bfffff,11,96.82,18.67,Gwang_Myeong
8830e0aca3fffff,15:20:00,8830e0ad9bfffff,13,106.46,19.07,Gwang_Myeong
8830e0aca3fffff,16:20:00,8830e0ad9bfffff,13,64.92,19.57,Gwang_Myeong
8830e0aca3fffff,16:40:00,8830e0ad9bfffff,10,42.9,25.14,Gwang_Myeong
8830e0aca5fffff,7:20:00,8830e0ad9bfffff,18,145.17,38.65,Gwang_Myeong
8830e0aca5fffff,8:00:00,8830e0ad9bfffff,10,46.7,32.7,Gwang_Myeong
8830e0aca5fffff,8:20:00,8830e0ad9bfffff,12,63.08,25.35,Gwang_Myeong
8830e0aca5fffff,8:40:00,8830e0ad9bfffff,18,73.67,40.07,Gwang_Myeong
8830e0aca5fffff,9:00:00,8830e0ad9bfffff,14,74.36,26.12,Gwang_Myeong
8830e0aca5fffff,9:20:00,8830e0ad9bfffff,14,97.21,25.19,Gwang_Myeong
8830e0aca5fffff,9:40:00,8830e0ad9bfffff,13,80.46,25.78,Gwang_Myeong
8830e0aca5fffff,10:00:00,8830e0ad9bfffff,17,110.94,38.38,Gwang_Myeong
8830e0aca5fffff,10:20:00,8830e0ad9bfffff,18,63.56,21.99,Gwang_Myeong
8830e0aca5fffff,10:40:00,8830e0ad9bfffff,18,74.83,17.35,Gwang_Myeong
8830e0aca5fffff,11:00:00,8830e0ad9bfffff,12,59.17,22.26,Gwang_Myeong
8830e0aca5fffff,11:20:00,8830e0ad9bfffff,23,57.26,25.08,Gwang_Myeong
8830e0aca5fffff,11:40:00,8830e0ad9bfffff,24,63.83,18.88,Gwang_Myeong
8830e0aca5fffff,12:00:00,8830e0ad9bfffff,25,62.44,19.65,Gwang_Myeong
8830e0aca5fffff,12:20:00,8830e0ad9bfffff,25,81.4,18.5,Gwang_Myeong
8830e0aca5fffff,12:40:00,8830e0ad9bfffff,29,60.55,25.99,Gwang_Myeong
8830e0aca5fffff,13:00:00,8830e0ad9bfffff,26,78.65,22.91,Gwang_Myeong
8830e0aca5fffff,13:20:00,8830e0ad9bfffff,24,65.21,20.39,Gwang_Myeong
8830e0aca5fffff,13:40:00,8830e0ad9bfffff,21,98.05,27.98,Gwang_Myeong
8830e0aca5fffff,14:00:00,8830e0ad9bfffff,26,68.54,24.19,Gwang_Myeong
8830e0aca5fffff,14:20:00,8830e0ad9bfffff,23,59.17,25.56,Gwang_Myeong
8830e0aca5fffff,14:40:00,8830e0ad9bfffff,28,62.21,28.49,Gwang_Myeong
8830e0aca5fffff,15:00:00,8830e0ad9bfffff,26,107.77,25.0,Gwang_Myeong
8830e0aca5fffff,15:20:00,8830e0ad9bfffff,42,58.19,20.45,Gwang_Myeong
8830e0aca5fffff,15:40:00,8830e0ad9bfffff,19,63.21,28.48,Gwang_Myeong
8830e0aca5fffff,16:00:00,8830e0ad9bfffff,31,57.0,17.48,Gwang_Myeong
8830e0aca5fffff,16:20:00,8830e0ad9bfffff,18,54.39,20.41,Gwang_Myeong
8830e0aca5fffff,16:40:00,8830e0ad9bfffff,23,52.83,24.66,Gwang_Myeong
8830e0aca5fffff,17:00:00,8830e0ad9bfffff,14,74.07,21.31,Gwang_Myeong
8830e0aca5fffff,17:20:00,8830e0ad9bfffff,20,67.45,23.87,Gwang_Myeong
8830e0aca5fffff,17:40:00,8830e0ad9bfffff,24,57.54,19.48,Gwang_Myeong
8830e0aca5fffff,18:00:00,8830e0ad9bfffff,20,115.75,23.01,Gwang_Myeong
8830e0aca5fffff,18:20:00,8830e0ad9bfffff,10,68.2,20.41,Gwang_Myeong
8830e0aca5fffff,18:40:00,8830e0ad9bfffff,10,53.8,22.48,Gwang_Myeong
8830e0aca5fffff,19:00:00,8830e0ad9bfffff,16,56.88,16.9,Gwang_Myeong
8830e0aca5fffff,19:20:00,8830e0ad9bfffff,14,64.29,17.34,Gwang_Myeong
8830e0aca5fffff,19:40:00,8830e0ad9bfffff,14,63.14,27.88,Gwang_Myeong
8830e0aca5fffff,20:00:00,8830e0ad9bfffff,15,55.07,20.38,Gwang_Myeong
8830e0aca5fffff,20:20:00,8830e0ad9bfffff,14,69.21,28.36,Gwang_Myeong
8830e0aca5fffff,20:40:00,8830e0ad9bfffff,10,52.4,32.79,Gwang_Myeong
8830e0aca5fffff,21:00:00,8830e0ad9bfffff,13,62.69,32.4,Gwang_Myeong
8830e0aca5fffff,21:20:00,8830e0ad9bfffff,11,44.82,20.44,Gwang_Myeong
8830e0aca7fffff,0:00:00,8830e0ad9bfffff,51,61.18,21.22,Gwang_Myeong
8830e0aca7fffff,0:40:00,8830e0ad9bfffff,10,55.1,34.07,Gwang_Myeong
8830e0aca7fffff,6:40:00,8830e0ad9bfffff,12,87.0,22.6,Gwang_Myeong
8830e0aca7fffff,7:20:00,8830e0ad9bfffff,18,128.39,38.61,Gwang_Myeong
8830e0aca7fffff,7:40:00,8830e0ad9bfffff,21,92.19,30.72,Gwang_Myeong
8830e0aca7fffff,8:00:00,8830e0ac83fffff,13,74.23,31.48,서울 구로구 구로동
8830e0aca7fffff,8:00:00,8830e0ad9bfffff,29,55.07,21.02,Gwang_Myeong
8830e0aca7fffff,8:20:00,8830e0ad9bfffff,44,67.82,30.39,Gwang_Myeong
8830e0aca7fffff,8:40:00,8830e0ad9bfffff,41,86.27,25.81,Gwang_Myeong
8830e0aca7fffff,9:00:00,8830e0ad9bfffff,39,74.03,19.95,Gwang_Myeong
8830e0aca7fffff,9:20:00,8830e0ad9bfffff,55,85.69,23.95,Gwang_Myeong
8830e0aca7fffff,9:40:00,8830e0ad9bfffff,54,70.94,24.45,Gwang_Myeong
8830e0aca7fffff,10:00:00,8830e0ad9bfffff,59,65.58,21.73,Gwang_Myeong
8830e0aca7fffff,10:20:00,8830e0ad9bfffff,56,54.93,19.45,Gwang_Myeong
8830e0aca7fffff,10:40:00,8830e0ad9bfffff,65,78.32,21.6,Gwang_Myeong
8830e0aca7fffff,11:00:00,8830e0ad9bfffff,61,67.44,21.25,Gwang_Myeong
8830e0aca7fffff,11:20:00,8830e0ad9bfffff,71,65.87,22.52,Gwang_Myeong
8830e0aca7fffff,11:40:00,8830e0ad9bfffff,64,57.86,19.51,Gwang_Myeong
8830e0aca7fffff,12:00:00,8830e0ad9bfffff,69,67.94,23.54,Gwang_Myeong
8830e0aca7fffff,12:20:00,8830e0ad9bfffff,58,68.05,20.63,Gwang_Myeong
8830e0aca7fffff,12:40:00,8830e0ad9bfffff,76,65.67,22.9,Gwang_Myeong
8830e0aca7fffff,13:00:00,8830e0ad9bfffff,58,76.41,24.33,Gwang_Myeong
8830e0aca7fffff,13:20:00,8830e0ad9bfffff,65,87.88,19.71,Gwang_Myeong
8830e0aca7fffff,13:40:00,8830e0ad9bfffff,75,67.16,22.7,Gwang_Myeong
8830e0aca7fffff,14:00:00,8830e0ad9bfffff,75,62.39,24.4,Gwang_Myeong
8830e0aca7fffff,14:20:00,8830e0ad9bfffff,79,75.16,22.13,Gwang_Myeong
8830e0aca7fffff,14:40:00,8830e0ad9bfffff,72,71.76,23.41,Gwang_Myeong
8830e0aca7fffff,15:00:00,8830e0ad9bfffff,100,61.19,21.15,Gwang_Myeong
8830e0aca7fffff,15:20:00,8830e0ad9bfffff,56,63.55,21.04,Gwang_Myeong
8830e0aca7fffff,15:40:00,8830e0ad9bfffff,73,60.81,21.13,Gwang_Myeong
8830e0aca7fffff,16:00:00,8830e0ad9bfffff,70,65.61,22.3,Gwang_Myeong
8830e0aca7fffff,16:20:00,8830e0ad9bfffff,76,60.62,24.45,Gwang_Myeong
8830e0aca7fffff,16:40:00,8830e0ad9bfffff,61,54.18,18.69,Gwang_Myeong
8830e0aca7fffff,17:00:00,8830e0ad9bfffff,81,56.88,21.92,Gwang_Myeong
8830e0aca7fffff,17:20:00,8830e0ad9bfffff,67,64.54,18.84,Gwang_Myeong
8830e0aca7fffff,17:40:00,8830e0ad9bfffff,42,60.43,21.58,Gwang_Myeong
8830e0aca7fffff,18:00:00,8830e0ad9bfffff,63,57.79,22.26,Gwang_Myeong
8830e0aca7fffff,18:20:00,8830e0ad9bfffff,50,58.06,21.08,Gwang_Myeong
8830e0aca7fffff,18:40:00,8830e0ad9bfffff,40,48.08,20.79,Gwang_Myeong
8830e0aca7fffff,19:00:00,8830e0ad9bfffff,49,57.65,21.72,Gwang_Myeong
8830e0aca7fffff,19:20:00,8830e0ad9bfffff,52,62.06,25.11,Gwang_Myeong
8830e0aca7fffff,19:40:00,8830e0ad9bfffff,68,55.65,22.78,Gwang_Myeong
8830e0aca7fffff,20:00:00,8830e0ad9bfffff,49,73.08,24.14,Gwang_Myeong
8830e0aca7fffff,20:20:00,8830e0ad9bfffff,45,50.44,19.34,Gwang_Myeong
8830e0aca7fffff,20:40:00,8830e0ad9bfffff,58,68.09,24.27,Gwang_Myeong
8830e0aca7fffff,21:00:00,8830e0ad9bfffff,51,58.65,25.75,Gwang_Myeong
8830e0aca7fffff,21:20:00,8830e0ad9bfffff,47,55.81,22.16,Gwang_Myeong
8830e0aca7fffff,21:40:00,8830e0ad9bfffff,39,50.03,24.07,Gwang_Myeong
8830e0aca7fffff,22:00:00,8830e0ad9bfffff,42,55.81,22.28,Gwang_Myeong
8830e0aca7fffff,22:20:00,8830e0ad9bfffff,21,48.95,26.4,Gwang_Myeong
8830e0aca7fffff,22:40:00,8830e0ad9bfffff,22,50.55,27.0,Gwang_Myeong
8830e0aca7fffff,23:00:00,8830e0ad9bfffff,16,53.5,18.57,Gwang_Myeong
8830e0aca7fffff,23:20:00,8830e0ad9bfffff,12,34.67,17.31,Gwang_Myeong
8830e0aca9fffff,0:00:00,8830e0ac87fffff,12,58.75,31.37,서울 강서구 화곡동
8830e0aca9fffff,6:40:00,8830e0ac9dfffff,10,293.4,37.18,서울 양천구 신정동
8830e0aca9fffff,7:40:00,8830e0ac83fffff,13,54.85,34.17,서울 구로구 구로동
8830e0aca9fffff,8:00:00,8830e0ac83fffff,24,64.04,27.16,서울 구로구 구로동
8830e0aca9fffff,8:20:00,8830e0ac83fffff,12,122.33,34.67,서울 구로구 구로동
8830e0aca9fffff,8:20:00,8830e0ac87fffff,13,71.46,30.52,서울 강서구 화곡동
8830e0aca9fffff,9:00:00,8830e0ac87fffff,11,79.82,29.65,서울 강서구 화곡동
8830e0aca9fffff,9:20:00,8830e0ac87fffff,20,50.45,25.54,서울 강서구 화곡동
8830e0aca9fffff,10:00:00,8830e0ac83fffff,11,76.0,26.81,서울 구로구 구로동
8830e0aca9fffff,10:00:00,8830e0ac87fffff,11,54.55,24.2,서울 강서구 화곡동
8830e0aca9fffff,10:20:00,8830e0ac87fffff,10,50.9,19.84,서울 강서구 화곡동
8830e0aca9fffff,12:00:00,8830e0ac87fffff,10,85.1,29.36,서울 강서구 화곡동
8830e0aca9fffff,12:40:00,8830e0ac87fffff,13,52.0,20.0,서울 강서구 화곡동
8830e0aca9fffff,13:00:00,8830e0ac87fffff,19,63.68,17.97,서울 강서구 화곡동
8830e0aca9fffff,13:20:00,8830e0ac87fffff,15,42.8,32.71,서울 강서구 화곡동
8830e0aca9fffff,16:00:00,8830e03531fffff,14,55.07,63.62,경기 안양시 만안구 안양동
8830e0aca9fffff,16:00:00,8830e0ac87fffff,11,54.27,22.9,서울 강서구 화곡동
8830e0aca9fffff,18:20:00,8830e0ac87fffff,10,43.6,24.12,서울 강서구 화곡동
8830e0aca9fffff,19:20:00,8830e0ac87fffff,12,53.17,22.12,서울 강서구 화곡동
8830e0acabfffff,0:00:00,8830e0ac87fffff,20,62.7,18.21,서울 강서구 화곡동
8830e0acabfffff,5:40:00,8830e0ac87fffff,10,56.9,15.35,서울 강서구 화곡동
8830e0acabfffff,6:40:00,8830e0ac87fffff,11,88.45,18.04,서울 강서구 화곡동
8830e0acabfffff,8:20:00,8830e0ac87fffff,12,68.25,25.94,서울 강서구 화곡동
8830e0acabfffff,8:40:00,8830e0ac87fffff,14,78.79,24.03,서울 강서구 화곡동
8830e0acabfffff,9:00:00,8830e0ac87fffff,13,82.38,24.72,서울 강서구 화곡동
8830e0acabfffff,9:20:00,8830e0ac87fffff,21,84.43,26.51,서울 강서구 화곡동
8830e0acabfffff,9:40:00,8830e0ac87fffff,11,65.91,31.04,서울 강서구 화곡동
8830e0acabfffff,10:00:00,8830e0ac87fffff,17,68.24,33.61,서울 강서구 화곡동
8830e0acabfffff,10:20:00,8830e0ac87fffff,17,74.65,21.76,서울 강서구 화곡동
8830e0acabfffff,10:40:00,8830e0ac87fffff,14,50.93,22.31,서울 강서구 화곡동
8830e0acabfffff,11:00:00,8830e0ac87fffff,22,67.23,28.55,서울 강서구 화곡동
8830e0acabfffff,11:20:00,8830e0ac87fffff,18,66.89,21.38,서울 강서구 화곡동
8830e0acabfffff,11:40:00,8830e0ac87fffff,15,75.47,19.14,서울 강서구 화곡동
8830e0acabfffff,12:00:00,8830e0ac87fffff,11,55.73,21.91,서울 강서구 화곡동
8830e0acabfffff,12:40:00,8830e0ac87fffff,13,61.62,20.58,서울 강서구 화곡동
8830e0acabfffff,13:00:00,8830e0ac87fffff,15,63.6,23.47,서울 강서구 화곡동
8830e0acabfffff,13:20:00,8830e0ac87fffff,22,71.18,19.39,서울 강서구 화곡동
8830e0acabfffff,13:40:00,8830e0ac87fffff,13,67.54,22.64,서울 강서구 화곡동
8830e0acabfffff,14:00:00,8830e0ac87fffff,19,60.58,24.11,서울 강서구 화곡동
8830e0acabfffff,14:40:00,8830e0ac87fffff,16,72.25,23.97,서울 강서구 화곡동
8830e0acabfffff,15:00:00,8830e0ac87fffff,11,57.0,16.07,서울 강서구 화곡동
8830e0acabfffff,15:20:00,8830e0ac87fffff,14,57.0,33.38,서울 강서구 화곡동
8830e0acabfffff,15:40:00,8830e0ac87fffff,13,150.85,24.05,서울 강서구 화곡동
8830e0acabfffff,16:00:00,8830e0ac87fffff,13,52.23,18.11,서울 강서구 화곡동
8830e0acabfffff,16:20:00,8830e0ac87fffff,14,50.07,23.78,서울 강서구 화곡동
8830e0acabfffff,16:40:00,8830e0ac87fffff,11,54.82,31.42,서울 강서구 화곡동
8830e0acabfffff,17:00:00,8830e0ac87fffff,11,97.91,31.12,서울 강서구 화곡동
8830e0acabfffff,17:20:00,8830e0ac87fffff,12,72.75,34.63,서울 강서구 화곡동
8830e0acabfffff,17:40:00,8830e0ac87fffff,15,54.27,17.16,서울 강서구 화곡동
8830e0acabfffff,18:00:00,8830e0ac87fffff,10,77.5,31.63,서울 강서구 화곡동
8830e0acabfffff,20:40:00,8830e0ac87fffff,12,59.5,25.99,서울 강서구 화곡동
8830e0acabfffff,21:00:00,8830e0ac87fffff,12,55.92,31.96,서울 강서구 화곡동
8830e0acabfffff,23:00:00,8830e0ac87fffff,13,46.85,17.74,서울 강서구 화곡동
8830e0acadfffff,5:00:00,8830e0ae99fffff,11,37.55,21.32,서울 강서구 등촌동
8830e0acadfffff,10:20:00,8830e0ad9bfffff,12,54.0,20.16,Gwang_Myeong
8830e0acadfffff,10:40:00,8830e0ad9bfffff,12,62.83,21.22,Gwang_Myeong
8830e0acadfffff,11:00:00,8830e0ad9bfffff,11,47.64,18.24,Gwang_Myeong
8830e0acadfffff,11:40:00,8830e0ad9bfffff,16,45.31,15.17,Gwang_Myeong
8830e0acadfffff,12:00:00,8830e0ad9bfffff,10,49.8,22.5,Gwang_Myeong
8830e0acadfffff,12:20:00,8830e0ad9bfffff,10,58.7,21.76,Gwang_Myeong
8830e0acadfffff,12:40:00,8830e0ac87fffff,10,119.3,34.68,서울 강서구 화곡동
8830e0acadfffff,12:40:00,8830e0ad9bfffff,12,52.42,23.11,Gwang_Myeong
8830e0acadfffff,13:00:00,8830e0ad9bfffff,12,50.92,15.61,Gwang_Myeong
8830e0acadfffff,13:20:00,8830e0ad9bfffff,10,46.1,23.6,Gwang_Myeong
8830e0acadfffff,14:00:00,8830e0ad9bfffff,15,79.0,28.63,Gwang_Myeong
8830e0acadfffff,14:20:00,8830e0ad9bfffff,14,44.14,16.16,Gwang_Myeong
8830e0acadfffff,14:40:00,8830e0ad9bfffff,17,59.88,26.87,Gwang_Myeong
8830e0acadfffff,15:00:00,8830e0ad9bfffff,14,68.21,35.76,Gwang_Myeong
8830e0acadfffff,15:20:00,8830e0ad9bfffff,15,58.13,19.85,Gwang_Myeong
8830e0acadfffff,15:40:00,8830e0ad9bfffff,13,59.54,15.52,Gwang_Myeong
8830e0acadfffff,17:20:00,8830e0ad9bfffff,15,48.8,16.87,Gwang_Myeong
8830e0acb1fffff,0:00:00,8830e0ac87fffff,15,58.2,17.04,서울 강서구 화곡동
8830e0acb1fffff,5:00:00,8830e0ac87fffff,12,56.33,12.18,서울 강서구 화곡동
8830e0acb1fffff,11:40:00,8830e0ac83fffff,10,50.2,14.26,서울 구로구 구로동
8830e0acb1fffff,11:40:00,8830e0ac87fffff,11,71.82,24.3,서울 강서구 화곡동
8830e0acb1fffff,13:40:00,8830e0ac83fffff,10,69.4,19.51,서울 구로구 구로동
8830e0acb1fffff,16:20:00,8830e0ac87fffff,10,97.4,24.15,서울 강서구 화곡동
8830e0acb1fffff,17:40:00,8830e0ac9dfffff,11,42.09,30.82,서울 양천구 신정동
8830e0acb1fffff,18:00:00,8830e0ac87fffff,10,58.3,29.69,서울 강서구 화곡동
8830e0acb1fffff,23:00:00,8830e0ac87fffff,12,48.83,14.46,서울 강서구 화곡동
8830e0acb3fffff,7:40:00,8830e0ac83fffff,10,51.8,33.94,서울 구로구 구로동
8830e0acb3fffff,8:20:00,8830e0ac83fffff,15,90.27,25.34,서울 구로구 구로동
8830e0acb5fffff,0:00:00,8830e0ac9dfffff,11,138.45,47.22,서울 양천구 신정동
8830e0acb5fffff,16:40:00,8830e0af0bfffff,11,87.09,36.27,경기 부천시 중동
8830e0acb5fffff,17:20:00,8830e0af0bfffff,17,67.88,31.24,경기 부천시 중동
8830e0acb5fffff,17:40:00,8830e0ad9bfffff,17,49.0,23.22,Gwang_Myeong
8830e0acb5fffff,18:00:00,8830e0a1b1fffff,10,65.1,51.86,경기 부천시 오정동
8830e0acb5fffff,18:00:00,8830e0ac87fffff,15,52.27,28.54,서울 강서구 화곡동
8830e0acb5fffff,18:00:00,8830e0ad9bfffff,20,43.5,29.92,Gwang_Myeong
8830e0acb5fffff,18:00:00,8830e0aea7fffff,10,58.0,29.23,서울 양천구 목동
8830e0acb5fffff,18:00:00,8830e0af0bfffff,14,62.36,33.87,경기 부천시 중동
8830e0acb5fffff,18:00:00,8830e0af6dfffff,10,72.6,50.89,인천 계양구 계산동
8830e0acb5fffff,18:20:00,8830e0ad9bfffff,12,38.83,24.69,Gwang_Myeong
8830e0acb5fffff,18:40:00,8830e0ad9bfffff,11,45.09,25.23,Gwang_Myeong
8830e0acb5fffff,19:00:00,8830e035ddfffff,10,125.4,43.81,Beom_Gye
8830e0acb7fffff,17:00:00,8830e0ad9bfffff,10,45.2,16.71,Gwang_Myeong
8830e0acb9fffff,0:00:00,8830e0ac83fffff,26,45.81,25.92,서울 구로구 구로동
8830e0acb9fffff,0:00:00,8830e0ac87fffff,70,49.54,14.04,서울 강서구 화곡동
8830e0acb9fffff,0:00:00,8830e0ac9dfffff,14,55.21,27.23,서울 양천구 신정동
8830e0acb9fffff,4:20:00,8830e0ac87fffff,10,55.9,28.61,서울 강서구 화곡동
8830e0acb9fffff,5:00:00,8830e0ac87fffff,11,128.91,31.25,서울 강서구 화곡동
8830e0acb9fffff,5:20:00,8830e0ac87fffff,20,64.2,40.87,서울 강서구 화곡동
8830e0acb9fffff,6:00:00,8830e0ac87fffff,10,54.6,10.43,서울 강서구 화곡동
8830e0acb9fffff,6:20:00,8830e0ac87fffff,11,52.27,21.08,서울 강서구 화곡동
8830e0acb9fffff,6:40:00,8830e0ac87fffff,18,94.28,16.25,서울 강서구 화곡동
8830e0acb9fffff,7:00:00,8830e0ac83fffff,15,215.07,19.5,서울 구로구 구로동
8830e0acb9fffff,7:00:00,8830e0ac87fffff,14,72.14,22.2,서울 강서구 화곡동
8830e0acb9fffff,7:20:00,8830e0ac83fffff,18,67.28,19.43,서울 구로구 구로동
8830e0acb9fffff,7:20:00,8830e0ac87fffff,28,113.64,25.1,서울 강서구 화곡동
8830e0acb9fffff,7:40:00,8830e0ac83fffff,20,95.0,26.84,서울 구로구 구로동
8830e0acb9fffff,7:40:00,8830e0ac87fffff,21,69.38,23.83,서울 강서구 화곡동
8830e0acb9fffff,8:00:00,8830e0ac83fffff,39,103.41,30.93,서울 구로구 구로동
8830e0acb9fffff,8:00:00,8830e0ac87fffff,22,54.23,21.2,서울 강서구 화곡동
8830e0acb9fffff,8:20:00,8830e0ac83fffff,42,132.88,33.9,서울 구로구 구로동
8830e0acb9fffff,8:20:00,8830e0ac87fffff,17,94.71,26.61,서울 강서구 화곡동
8830e0acb9fffff,8:40:00,8830e0ac83fffff,54,99.2,31.87,서울 구로구 구로동
8830e0acb9fffff,8:40:00,8830e0ac87fffff,23,107.39,26.32,서울 강서구 화곡동
8830e0acb9fffff,9:00:00,8830e0ac83fffff,74,120.92,29.98,서울 구로구 구로동
8830e0acb9fffff,9:00:00,8830e0ac87fffff,30,87.47,23.77,서울 강서구 화곡동
8830e0acb9fffff,9:20:00,8830e0ac83fffff,77,97.34,36.76,서울 구로구 구로동
8830e0acb9fffff,9:20:00,8830e0ac87fffff,31,80.03,27.16,서울 강서구 화곡동
8830e0acb9fffff,9:40:00,8830e0ac83fffff,84,92.07,33.21,서울 구로구 구로동
8830e0acb9fffff,9:40:00,8830e0ac87fffff,39,97.21,30.22,서울 강서구 화곡동
8830e0acb9fffff,10:00:00,8830e0ac83fffff,86,102.07,37.27,서울 구로구 구로동
8830e0acb9fffff,10:00:00,8830e0ac87fffff,21,85.81,30.72,서울 강서구 화곡동
8830e0acb9fffff,10:20:00,8830e0ac83fffff,97,84.7,30.64,서울 구로구 구로동
8830e0acb9fffff,10:20:00,8830e0ac87fffff,41,64.37,39.79,서울 강서구 화곡동
8830e0acb9fffff,10:40:00,8830e0ac83fffff,92,77.17,29.9,서울 구로구 구로동
8830e0acb9fffff,10:40:00,8830e0ac87fffff,33,79.3,22.77,서울 강서구 화곡동
8830e0acb9fffff,11:00:00,8830e0ac83fffff,101,79.73,25.43,서울 구로구 구로동
8830e0acb9fffff,11:00:00,8830e0ac87fffff,48,71.71,21.11,서울 강서구 화곡동
8830e0acb9fffff,11:20:00,8830e0ac83fffff,112,76.65,25.13,서울 구로구 구로동
8830e0acb9fffff,11:20:00,8830e0ac87fffff,43,67.65,24.63,서울 강서구 화곡동
8830e0acb9fffff,11:40:00,8830e0ac83fffff,112,75.52,26.33,서울 구로구 구로동
8830e0acb9fffff,11:40:00,8830e0ac87fffff,37,59.97,23.65,서울 강서구 화곡동
8830e0acb9fffff,12:00:00,8830e0ac83fffff,120,74.6,28.57,서울 구로구 구로동
8830e0acb9fffff,12:00:00,8830e0ac87fffff,29,77.38,24.85,서울 강서구 화곡동
8830e0acb9fffff,12:00:00,8830e0ac9dfffff,10,86.8,29.4,서울 양천구 신정동
8830e0acb9fffff,12:20:00,8830e0ac83fffff,113,72.85,25.96,서울 구로구 구로동
8830e0acb9fffff,12:20:00,8830e0ac87fffff,38,73.42,25.73,서울 강서구 화곡동
8830e0acb9fffff,12:40:00,8830e0ac83fffff,113,85.94,32.42,서울 구로구 구로동
8830e0acb9fffff,12:40:00,8830e0ac87fffff,37,79.35,24.49,서울 강서구 화곡동
8830e0acb9fffff,12:40:00,8830e0ac9dfffff,11,74.82,23.86,서울 양천구 신정동
8830e0acb9fffff,13:00:00,8830e0ac83fffff,166,95.25,34.07,서울 구로구 구로동
8830e0acb9fffff,13:00:00,8830e0ac87fffff,36,62.19,23.82,서울 강서구 화곡동
8830e0acb9fffff,13:00:00,8830e0ac9dfffff,15,140.47,39.35,서울 양천구 신정동
8830e0acb9fffff,13:20:00,8830e0ac83fffff,122,90.2,31.49,서울 구로구 구로동
8830e0acb9fffff,13:20:00,8830e0ac87fffff,30,74.93,25.25,서울 강서구 화곡동
8830e0acb9fffff,13:20:00,8830e0ac9dfffff,17,171.06,37.13,서울 양천구 신정동
8830e0acb9fffff,13:40:00,8830e0ac83fffff,122,80.25,35.66,서울 구로구 구로동
8830e0acb9fffff,13:40:00,8830e0ac87fffff,28,124.79,22.18,서울 강서구 화곡동
8830e0acb9fffff,14:00:00,8830e0ac83fffff,102,77.6,30.61,서울 구로구 구로동
8830e0acb9fffff,14:00:00,8830e0ac87fffff,32,59.94,25.28,서울 강서구 화곡동
8830e0acb9fffff,14:20:00,8830e0ac83fffff,81,69.37,26.91,서울 구로구 구로동
8830e0acb9fffff,14:20:00,8830e0ac87fffff,25,73.8,24.1,서울 강서구 화곡동
8830e0acb9fffff,14:40:00,8830e0ac83fffff,85,79.81,31.0,서울 구로구 구로동
8830e0acb9fffff,14:40:00,8830e0ac87fffff,23,65.74,31.69,서울 강서구 화곡동
8830e0acb9fffff,15:00:00,8830e0ac83fffff,91,60.63,26.06,서울 구로구 구로동
8830e0acb9fffff,15:00:00,8830e0ac87fffff,24,61.75,31.97,서울 강서구 화곡동
8830e0acb9fffff,15:00:00,8830e0ac9dfffff,10,98.6,36.13,서울 양천구 신정동
8830e0acb9fffff,15:20:00,8830e0ac83fffff,82,61.91,24.49,서울 구로구 구로동
8830e0acb9fffff,15:20:00,8830e0ac87fffff,27,69.0,24.52,서울 강서구 화곡동
8830e0acb9fffff,15:40:00,8830e0ac83fffff,88,62.23,25.48,서울 구로구 구로동
8830e0acb9fffff,15:40:00,8830e0ac87fffff,29,59.93,26.65,서울 강서구 화곡동
8830e0acb9fffff,16:00:00,8830e0ac83fffff,52,55.65,27.88,서울 구로구 구로동
8830e0acb9fffff,16:00:00,8830e0ac87fffff,30,53.17,24.41,서울 강서구 화곡동
8830e0acb9fffff,16:20:00,8830e0ac83fffff,52,57.69,27.53,서울 구로구 구로동
8830e0acb9fffff,16:20:00,8830e0ac87fffff,33,69.67,25.77,서울 강서구 화곡동
8830e0acb9fffff,16:20:00,8830e0af6dfffff,16,661.31,37.17,인천 계양구 계산동
8830e0acb9fffff,16:40:00,8830e0ac83fffff,54,53.15,21.37,서울 구로구 구로동
8830e0acb9fffff,16:40:00,8830e0ac87fffff,27,73.3,27.64,서울 강서구 화곡동
8830e0acb9fffff,17:00:00,8830e0ac83fffff,35,60.6,23.47,서울 구로구 구로동
8830e0acb9fffff,17:00:00,8830e0ac87fffff,36,90.17,31.7,서울 강서구 화곡동
8830e0acb9fffff,17:00:00,8830e0ac9dfffff,12,65.0,31.41,서울 양천구 신정동
8830e0acb9fffff,17:20:00,8830e0a1b1fffff,11,73.0,33.7,경기 부천시 오정동
8830e0acb9fffff,17:20:00,8830e0ac83fffff,32,93.34,31.39,서울 구로구 구로동
8830e0acb9fffff,17:20:00,8830e0ac87fffff,33,75.82,29.62,서울 강서구 화곡동
8830e0acb9fffff,17:20:00,8830e0ac99fffff,11,39.55,28.56,Kintex
8830e0acb9fffff,17:20:00,8830e0ac9dfffff,12,80.75,30.39,서울 양천구 신정동
8830e0acb9fffff,17:40:00,8830e0ac83fffff,18,110.78,22.17,서울 구로구 구로동
8830e0acb9fffff,17:40:00,8830e0ac87fffff,32,106.53,22.12,서울 강서구 화곡동
8830e0acb9fffff,18:00:00,8830e0ac83fffff,23,68.3,24.42,서울 구로구 구로동
8830e0acb9fffff,18:00:00,8830e0ac87fffff,46,67.39,22.15,서울 강서구 화곡동
8830e0acb9fffff,18:00:00,8830e0ad9bfffff,14,65.64,42.32,Gwang_Myeong
8830e0acb9fffff,18:20:00,8830e0ac83fffff,10,52.1,25.39,서울 구로구 구로동
8830e0acb9fffff,18:20:00,8830e0ac87fffff,29,52.79,21.66,서울 강서구 화곡동
8830e0acb9fffff,18:40:00,8830e0ac83fffff,12,76.58,24.53,서울 구로구 구로동
8830e0acb9fffff,18:40:00,8830e0ac87fffff,28,46.82,19.58,서울 강서구 화곡동
8830e0acb9fffff,18:40:00,8830e0ac9dfffff,12,83.58,20.6,서울 양천구 신정동
8830e0acb9fffff,19:00:00,8830e0ac83fffff,11,144.82,20.06,서울 구로구 구로동
8830e0acb9fffff,19:00:00,8830e0ac87fffff,35,46.09,20.13,서울 강서구 화곡동
8830e0acb9fffff,19:20:00,8830e0ac83fffff,12,57.25,18.28,서울 구로구 구로동
8830e0acb9fffff,19:20:00,8830e0ac87fffff,28,56.57,22.13,서울 강서구 화곡동
8830e0acb9fffff,19:40:00,8830e0ac83fffff,11,51.82,22.31,서울 구로구 구로동
8830e0acb9fffff,19:40:00,8830e0ac87fffff,25,53.4,27.94,서울 강서구 화곡동
8830e0acb9fffff,20:00:00,8830e0ac87fffff,35,70.51,30.12,서울 강서구 화곡동
8830e0acb9fffff,20:20:00,8830e0ac87fffff,25,58.88,26.35,서울 강서구 화곡동
8830e0acb9fffff,20:40:00,8830e0ac83fffff,10,58.0,24.93,서울 구로구 구로동
8830e0acb9fffff,20:40:00,8830e0ac87fffff,24,63.96,23.25,서울 강서구 화곡동
8830e0acb9fffff,21:00:00,8830e0ac87fffff,24,51.92,17.93,서울 강서구 화곡동
8830e0acb9fffff,21:20:00,8830e0ac83fffff,13,53.85,19.88,서울 구로구 구로동
8830e0acb9fffff,21:20:00,8830e0ac87fffff,20,56.8,19.46,서울 강서구 화곡동
8830e0acb9fffff,21:40:00,8830e0ac87fffff,18,54.22,24.97,서울 강서구 화곡동
8830e0acb9fffff,22:00:00,8830e0ac87fffff,19,54.11,18.86,서울 강서구 화곡동
8830e0acb9fffff,22:20:00,8830e0ac83fffff,10,65.3,22.96,서울 구로구 구로동
8830e0acb9fffff,22:20:00,8830e0ac87fffff,17,53.88,13.81,서울 강서구 화곡동
8830e0acb9fffff,22:40:00,8830e0ac87fffff,20,85.9,21.58,서울 강서구 화곡동
8830e0acb9fffff,23:00:00,8830e0ac87fffff,28,50.04,15.79,서울 강서구 화곡동
8830e0acb9fffff,23:20:00,8830e0ac87fffff,18,33.78,12.9,서울 강서구 화곡동
8830e0acbbfffff,0:00:00,8830e0ac9dfffff,26,75.92,22.18,서울 양천구 신정동
8830e0acbbfffff,6:40:00,8830e0ac9dfffff,11,423.36,34.27,서울 양천구 신정동
8830e0acbbfffff,7:00:00,8830e0ac9dfffff,10,65.3,17.58,서울 양천구 신정동
8830e0acbbfffff,7:40:00,8830e0ac83fffff,16,70.06,26.28,서울 구로구 구로동
8830e0acbbfffff,8:20:00,8830e0ac83fffff,15,60.4,21.03,서울 구로구 구로동
8830e0acbbfffff,9:00:00,8830e0ac83fffff,10,111.7,32.95,서울 구로구 구로동
8830e0acbbfffff,9:20:00,8830e0ac83fffff,13,66.15,23.11,서울 구로구 구로동
8830e0acbbfffff,9:40:00,8830e0ac83fffff,16,77.0,25.04,서울 구로구 구로동
8830e0acbbfffff,10:00:00,8830e0ac83fffff,14,91.93,32.29,서울 구로구 구로동
8830e0acbbfffff,10:40:00,8830e0ac83fffff,12,83.83,20.73,서울 구로구 구로동
8830e0acbbfffff,11:00:00,8830e0ac83fffff,10,64.6,23.47,서울 구로구 구로동
8830e0acbbfffff,11:20:00,8830e0ac83fffff,11,65.18,25.34,서울 구로구 구로동
8830e0acbbfffff,11:40:00,8830e0ac83fffff,14,56.93,16.28,서울 구로구 구로동
8830e0acbbfffff,12:00:00,8830e0ac83fffff,12,81.0,21.64,서울 구로구 구로동
8830e0acbbfffff,12:20:00,8830e0ac83fffff,17,65.24,25.09,서울 구로구 구로동
8830e0acbbfffff,12:40:00,8830e0ac83fffff,16,169.25,29.98,서울 구로구 구로동
8830e0acbbfffff,13:00:00,8830e0ac83fffff,25,81.76,27.0,서울 구로구 구로동
8830e0acbbfffff,13:20:00,8830e0ac83fffff,15,108.87,36.74,서울 구로구 구로동
8830e0acbbfffff,13:40:00,8830e0ac83fffff,13,118.15,26.68,서울 구로구 구로동
8830e0acbbfffff,14:00:00,8830e0ac83fffff,13,50.62,19.61,서울 구로구 구로동
8830e0acbbfffff,14:20:00,8830e0ac83fffff,16,157.13,26.66,서울 구로구 구로동
8830e0acbbfffff,14:40:00,8830e0ac83fffff,14,75.93,26.2,서울 구로구 구로동
8830e0acbbfffff,15:00:00,8830e0ac83fffff,15,65.13,22.91,서울 구로구 구로동
8830e0acbbfffff,15:20:00,8830e0ac83fffff,13,49.77,22.52,서울 구로구 구로동
8830e0acbbfffff,15:40:00,8830e0ac87fffff,10,55.2,32.36,서울 강서구 화곡동
8830e0acbbfffff,16:00:00,8830e0ac9dfffff,11,54.73,18.65,서울 양천구 신정동
8830e0acbbfffff,16:20:00,8830e0ac83fffff,12,76.92,17.0,서울 구로구 구로동
8830e0acbbfffff,17:20:00,8830e0ac87fffff,10,49.4,22.32,서울 강서구 화곡동
8830e0acbbfffff,17:40:00,8830e0ac9dfffff,11,57.36,21.54,서울 양천구 신정동
8830e0acbbfffff,18:20:00,8830e0ac87fffff,10,44.0,28.04,서울 강서구 화곡동
8830e0acbdfffff,0:00:00,8830e0ac87fffff,58,43.97,16.05,서울 강서구 화곡동
8830e0acbdfffff,0:00:00,8830e0ac9dfffff,12,255.58,48.29,서울 양천구 신정동
8830e0acbdfffff,7:00:00,8830e0ac87fffff,13,92.54,20.44,서울 강서구 화곡동
8830e0acbdfffff,7:20:00,8830e0ac87fffff,13,68.77,15.22,서울 강서구 화곡동
8830e0acbdfffff,8:00:00,8830e0ac87fffff,11,58.91,18.25,서울 강서구 화곡동
8830e0acbdfffff,8:20:00,8830e0ac87fffff,12,96.58,26.24,서울 강서구 화곡동
8830e0acbdfffff,8:40:00,8830e0ac87fffff,12,74.75,26.72,서울 강서구 화곡동
8830e0acbdfffff,9:00:00,8830e0ac87fffff,17,104.65,26.94,서울 강서구 화곡동
8830e0acbdfffff,9:20:00,8830e0ac87fffff,24,66.0,25.35,서울 강서구 화곡동
8830e0acbdfffff,9:40:00,8830e0ac87fffff,17,69.41,29.73,서울 강서구 화곡동
8830e0acbdfffff,10:00:00,8830e0ac87fffff,17,58.24,22.16,서울 강서구 화곡동
8830e0acbdfffff,10:20:00,8830e0ac87fffff,16,59.56,31.16,서울 강서구 화곡동
8830e0acbdfffff,10:40:00,8830e0ac87fffff,18,80.67,28.7,서울 강서구 화곡동
8830e0acbdfffff,11:00:00,8830e0ac87fffff,19,67.11,23.46,서울 강서구 화곡동
8830e0acbdfffff,11:20:00,8830e0ac87fffff,25,69.72,24.18,서울 강서구 화곡동
8830e0acbdfffff,11:40:00,8830e0ac87fffff,24,75.29,18.51,서울 강서구 화곡동
8830e0acbdfffff,12:00:00,8830e0ac87fffff,17,97.47,23.75,서울 강서구 화곡동
8830e0acbdfffff,12:20:00,8830e0ac87fffff,18,87.89,15.29,서울 강서구 화곡동
8830e0acbdfffff,12:40:00,8830e0ac83fffff,11,99.45,40.06,서울 구로구 구로동
8830e0acbdfffff,12:40:00,8830e0ac87fffff,18,92.06,23.29,서울 강서구 화곡동
8830e0acbdfffff,13:00:00,8830e0ac87fffff,14,58.43,18.2,서울 강서구 화곡동
8830e0acbdfffff,13:20:00,8830e0ac87fffff,25,81.48,29.1,서울 강서구 화곡동
8830e0acbdfffff,13:40:00,8830e0ac87fffff,25,54.88,26.1,서울 강서구 화곡동
8830e0acbdfffff,14:00:00,8830e0ac87fffff,24,67.83,30.27,서울 강서구 화곡동
8830e0acbdfffff,14:20:00,8830e0ac87fffff,26,63.12,27.77,서울 강서구 화곡동
8830e0acbdfffff,14:40:00,8830e0ac87fffff,25,56.08,30.6,서울 강서구 화곡동
8830e0acbdfffff,15:00:00,8830e0ac87fffff,16,52.94,23.88,서울 강서구 화곡동
8830e0acbdfffff,15:20:00,8830e0ac87fffff,26,57.77,24.18,서울 강서구 화곡동
8830e0acbdfffff,15:40:00,8830e0ac87fffff,22,63.95,26.57,서울 강서구 화곡동
8830e0acbdfffff,16:00:00,8830e0ac87fffff,17,57.53,24.02,서울 강서구 화곡동
8830e0acbdfffff,16:20:00,8830e0ac87fffff,14,53.64,27.28,서울 강서구 화곡동
8830e0acbdfffff,16:40:00,8830e0ac87fffff,16,83.56,21.37,서울 강서구 화곡동
8830e0acbdfffff,17:00:00,8830e0ac87fffff,10,61.9,20.68,서울 강서구 화곡동
8830e0acbdfffff,17:20:00,8830e0ac87fffff,15,129.07,28.94,서울 강서구 화곡동
8830e0acbdfffff,18:00:00,8830e0ac87fffff,14,63.64,23.87,서울 강서구 화곡동
8830e0acbdfffff,18:20:00,8830e0ac87fffff,12,51.58,29.51,서울 강서구 화곡동
8830e0acbdfffff,18:40:00,8830e0ac87fffff,13,89.23,35.24,서울 강서구 화곡동
8830e0acbdfffff,19:00:00,8830e0ac87fffff,22,78.45,23.26,서울 강서구 화곡동
8830e0acbdfffff,19:20:00,8830e0ac87fffff,13,48.08,20.17,서울 강서구 화곡동
8830e0acbdfffff,19:40:00,8830e0ac87fffff,21,57.19,30.9,서울 강서구 화곡동
8830e0acbdfffff,20:00:00,8830e0ac87fffff,14,57.0,21.87,서울 강서구 화곡동
8830e0acbdfffff,20:20:00,8830e0ac87fffff,14,66.93,20.61,서울 강서구 화곡동
8830e0acbdfffff,20:40:00,8830e0ac87fffff,20,62.0,27.28,서울 강서구 화곡동
8830e0acbdfffff,21:00:00,8830e0ac87fffff,10,46.4,21.64,서울 강서구 화곡동
8830e0acbdfffff,21:40:00,8830e0ac87fffff,11,45.27,42.7,서울 강서구 화곡동
8830e0acbdfffff,22:00:00,8830e0ac87fffff,14,54.64,20.38,서울 강서구 화곡동
8830e0acbdfffff,23:00:00,8830e0ac87fffff,18,47.89,14.52,서울 강서구 화곡동
8830e0acbdfffff,23:20:00,8830e0ac87fffff,14,34.57,17.74,서울 강서구 화곡동
8830e0acc1fffff,7:00:00,8830e1db25fffff,10,65.3,26.83,서울 양천구 목동
8830e0acc1fffff,7:40:00,8830e0ae99fffff,15,39.8,20.02,서울 강서구 등촌동
8830e0acc1fffff,8:00:00,8830e0ae99fffff,10,71.4,31.92,서울 강서구 등촌동
8830e0acc1fffff,8:20:00,8830e0aea7fffff,12,56.0,19.71,서울 양천구 목동
8830e0acc1fffff,8:40:00,8830e0aea7fffff,10,83.0,19.95,서울 양천구 목동
8830e0acc1fffff,9:00:00,8830e0aea7fffff,13,97.08,23.36,서울 양천구 목동
8830e0acc1fffff,9:40:00,8830e0aea7fffff,11,97.18,33.0,서울 양천구 목동
8830e0acc1fffff,10:00:00,8830e0aea7fffff,14,91.07,37.76,서울 양천구 목동
8830e0acc1fffff,10:20:00,8830e0aea7fffff,15,79.93,19.96,서울 양천구 목동
8830e0acc1fffff,10:40:00,8830e0aea7fffff,19,85.47,36.19,서울 양천구 목동
8830e0acc1fffff,11:00:00,8830e0aea7fffff,15,65.6,18.09,서울 양천구 목동
8830e0acc1fffff,11:20:00,8830e0aea7fffff,12,56.0,19.11,서울 양천구 목동
8830e0acc1fffff,11:40:00,8830e0aea7fffff,11,52.91,13.07,서울 양천구 목동
8830e0acc1fffff,12:00:00,8830e0aea7fffff,16,95.06,27.29,서울 양천구 목동
8830e0acc1fffff,12:20:00,8830e0aea7fffff,11,78.64,19.22,서울 양천구 목동
8830e0acc1fffff,12:40:00,8830e0aea7fffff,12,91.08,25.74,서울 양천구 목동
8830e0acc1fffff,13:00:00,8830e0aea7fffff,10,125.9,32.93,서울 양천구 목동
8830e0acc1fffff,13:20:00,8830e0aea7fffff,17,81.88,28.7,서울 양천구 목동
8830e0acc1fffff,13:40:00,8830e0aea7fffff,11,94.55,21.13,서울 양천구 목동
8830e0acc1fffff,14:00:00,8830e0aea7fffff,16,73.31,29.94,서울 양천구 목동
8830e0acc1fffff,14:20:00,8830e0aea7fffff,14,78.43,30.07,서울 양천구 목동
8830e0acc1fffff,15:00:00,8830e0aea7fffff,10,64.1,15.75,서울 양천구 목동
8830e0acc1fffff,15:20:00,8830e0aea7fffff,12,61.08,23.25,서울 양천구 목동
8830e0acc1fffff,16:20:00,8830e0aea7fffff,13,58.85,15.81,서울 양천구 목동
8830e0acc1fffff,17:20:00,8830e0aea7fffff,11,58.27,17.26,서울 양천구 목동
8830e0acc1fffff,17:40:00,8830e0aea7fffff,10,70.1,22.68,서울 양천구 목동
8830e0acc1fffff,18:00:00,8830e0aea7fffff,12,45.42,15.34,서울 양천구 목동
8830e0acc3fffff,8:00:00,8830e0ae99fffff,11,52.73,28.23,서울 강서구 등촌동
8830e0acc3fffff,9:00:00,8830e0ac83fffff,11,79.91,31.56,서울 구로구 구로동
8830e0acc3fffff,9:00:00,8830e0ae99fffff,12,48.58,18.19,서울 강서구 등촌동
8830e0acc5fffff,7:20:00,8830e0ae99fffff,14,47.86,33.91,서울 강서구 등촌동
8830e0acc5fffff,7:40:00,8830e0ac9dfffff,10,71.9,27.84,서울 양천구 신정동
8830e0acc5fffff,8:20:00,8830e0ae99fffff,10,46.7,66.72,서울 강서구 등촌동
8830e0acc5fffff,12:00:00,8830e0aea7fffff,10,123.2,41.03,서울 양천구 목동
8830e0acc5fffff,15:20:00,8830e0aea7fffff,11,68.09,23.14,서울 양천구 목동
8830e0acc5fffff,18:00:00,8830e0aea7fffff,10,62.1,19.03,서울 양천구 목동
8830e0acc9fffff,0:00:00,8830e0aea7fffff,53,80.23,17.94,서울 양천구 목동
8830e0acc9fffff,1:40:00,8830e0aea7fffff,11,103.45,36.79,서울 양천구 목동
8830e0acc9fffff,3:40:00,8830e0aea7fffff,14,133.36,24.17,서울 양천구 목동
8830e0acc9fffff,4:00:00,8830e0ac9dfffff,10,545.7,48.12,서울 양천구 신정동
8830e0acc9fffff,4:40:00,8830e0aea7fffff,16,258.75,34.69,서울 양천구 목동
8830e0acc9fffff,5:00:00,8830e0aea7fffff,17,157.0,33.5,서울 양천구 목동
8830e0acc9fffff,5:20:00,8830e0aea7fffff,28,277.93,31.62,서울 양천구 목동
8830e0acc9fffff,5:40:00,8830e0aea7fffff,23,258.52,41.57,서울 양천구 목동
8830e0acc9fffff,6:00:00,8830e0aea7fffff,26,213.65,37.0,서울 양천구 목동
8830e0acc9fffff,6:20:00,8830e0aea7fffff,20,113.15,33.87,서울 양천구 목동
8830e0acc9fffff,6:40:00,8830e0aea7fffff,22,206.14,25.77,서울 양천구 목동
8830e0acc9fffff,6:40:00,8830e1db25fffff,12,49.75,13.06,서울 양천구 목동
8830e0acc9fffff,7:00:00,8830e0ae99fffff,10,68.9,34.8,서울 강서구 등촌동
8830e0acc9fffff,7:00:00,8830e0aea7fffff,33,132.64,23.32,서울 양천구 목동
8830e0acc9fffff,7:20:00,8830e0aea7fffff,23,175.78,21.34,서울 양천구 목동
8830e0acc9fffff,7:40:00,8830e0aea7fffff,37,149.86,37.77,서울 양천구 목동
8830e0acc9fffff,8:00:00,8830e0ac9dfffff,12,106.42,27.14,서울 양천구 신정동
8830e0acc9fffff,8:00:00,8830e0ae99fffff,13,44.08,31.26,서울 강서구 등촌동
8830e0acc9fffff,8:00:00,8830e0aea7fffff,53,127.85,24.94,서울 양천구 목동
8830e0acc9fffff,8:00:00,8830e1db25fffff,19,52.0,21.01,서울 양천구 목동
8830e0acc9fffff,8:20:00,8830e0aea7fffff,38,120.24,27.24,서울 양천구 목동
8830e0acc9fffff,8:40:00,8830e0ae99fffff,11,69.18,34.52,서울 강서구 등촌동
8830e0acc9fffff,8:40:00,8830e0aea7fffff,42,91.5,28.22,서울 양천구 목동
8830e0acc9fffff,9:00:00,8830e0aea7fffff,64,83.33,21.89,서울 양천구 목동
8830e0acc9fffff,9:20:00,8830e0aea7fffff,61,91.15,27.67,서울 양천구 목동
8830e0acc9fffff,9:40:00,8830e0aea7fffff,67,96.07,25.75,서울 양천구 목동
8830e0acc9fffff,10:00:00,8830e0aea7fffff,56,91.82,28.7,서울 양천구 목동
8830e0acc9fffff,10:20:00,8830e0aea7fffff,64,111.03,23.72,서울 양천구 목동
8830e0acc9fffff,10:40:00,8830e0aea7fffff,66,79.77,25.25,서울 양천구 목동
8830e0acc9fffff,11:00:00,8830e0aea7fffff,53,113.0,22.62,서울 양천구 목동
8830e0acc9fffff,11:20:00,8830e0aea7fffff,64,108.17,22.1,서울 양천구 목동
8830e0acc9fffff,11:40:00,8830e0aea7fffff,62,74.61,22.53,서울 양천구 목동
8830e0acc9fffff,12:00:00,8830e0aea7fffff,60,79.23,19.31,서울 양천구 목동
8830e0acc9fffff,12:20:00,8830e0aea7fffff,68,117.91,21.95,서울 양천구 목동
8830e0acc9fffff,12:40:00,8830e0aea7fffff,65,90.74,24.75,서울 양천구 목동
8830e0acc9fffff,13:00:00,8830e0aea7fffff,55,115.45,174.85,서울 양천구 목동
8830e0acc9fffff,13:20:00,8830e0aea7fffff,78,95.53,30.8,서울 양천구 목동
8830e0acc9fffff,13:40:00,8830e0aea7fffff,77,84.31,22.61,서울 양천구 목동
8830e0acc9fffff,14:00:00,8830e0aea7fffff,59,70.02,27.78,서울 양천구 목동
8830e0acc9fffff,14:20:00,8830e0aea7fffff,55,98.44,27.18,서울 양천구 목동
8830e0acc9fffff,14:40:00,8830e0aea7fffff,65,81.17,19.34,서울 양천구 목동
8830e0acc9fffff,15:00:00,8830e0aea7fffff,73,80.93,25.49,서울 양천구 목동
8830e0acc9fffff,15:20:00,8830e0aea7fffff,63,85.62,21.64,서울 양천구 목동
8830e0acc9fffff,15:40:00,8830e0aea7fffff,71,62.14,18.37,서울 양천구 목동
8830e0acc9fffff,16:00:00,8830e0aea7fffff,52,57.06,21.63,서울 양천구 목동
8830e0acc9fffff,16:20:00,8830e0aea7fffff,65,65.37,18.37,서울 양천구 목동
8830e0acc9fffff,16:40:00,8830e0aea7fffff,46,67.5,20.14,서울 양천구 목동
8830e0acc9fffff,17:00:00,8830e0aea7fffff,52,72.56,20.41,서울 양천구 목동
8830e0acc9fffff,17:20:00,8830e0aea7fffff,46,70.85,18.03,서울 양천구 목동
8830e0acc9fffff,17:40:00,8830e0aea7fffff,45,56.82,20.61,서울 양천구 목동
8830e0acc9fffff,18:00:00,8830e0aea7fffff,39,87.38,19.72,서울 양천구 목동
8830e0acc9fffff,18:20:00,8830e0aea7fffff,48,68.13,20.4,서울 양천구 목동
8830e0acc9fffff,18:40:00,8830e0aea7fffff,42,78.36,20.54,서울 양천구 목동
8830e0acc9fffff,19:00:00,8830e0aea7fffff,24,72.29,18.58,서울 양천구 목동
8830e0acc9fffff,19:20:00,8830e0aea7fffff,22,67.27,17.18,서울 양천구 목동
8830e0acc9fffff,19:40:00,8830e0aea7fffff,28,83.82,25.15,서울 양천구 목동
8830e0acc9fffff,20:00:00,8830e0aea7fffff,15,105.13,16.86,서울 양천구 목동
8830e0acc9fffff,20:20:00,8830e0aea7fffff,25,77.84,14.19,서울 양천구 목동
8830e0acc9fffff,20:40:00,8830e0aea7fffff,31,85.13,16.12,서울 양천구 목동
8830e0acc9fffff,21:00:00,8830e0aea7fffff,30,69.03,20.72,서울 양천구 목동
8830e0acc9fffff,21:20:00,8830e0aea7fffff,16,47.5,21.82,서울 양천구 목동
8830e0acc9fffff,21:40:00,8830e0aea7fffff,15,48.67,22.3,서울 양천구 목동
8830e0acc9fffff,22:00:00,8830e0aea7fffff,10,58.4,27.68,서울 양천구 목동
8830e0acc9fffff,22:20:00,8830e0aea7fffff,16,68.25,17.79,서울 양천구 목동
8830e0acc9fffff,22:40:00,8830e0aea7fffff,14,53.43,19.44,서울 양천구 목동
8830e0acc9fffff,23:00:00,8830e0aea7fffff,15,48.0,14.17,서울 양천구 목동
8830e0acc9fffff,23:20:00,8830e0aea7fffff,10,35.2,15.25,서울 양천구 목동
8830e0accbfffff,0:00:00,8830e0aea7fffff,12,38.75,16.18,서울 양천구 목동
8830e0accbfffff,8:40:00,8830e0aea7fffff,11,50.91,20.55,서울 양천구 목동
8830e0accbfffff,9:20:00,8830e0aea7fffff,10,57.6,14.78,서울 양천구 목동
8830e0accbfffff,10:00:00,8830e0aea7fffff,10,64.6,20.35,서울 양천구 목동
8830e0accbfffff,10:40:00,8830e0aea7fffff,10,91.6,23.22,서울 양천구 목동
8830e0accbfffff,11:20:00,8830e0aea7fffff,10,42.5,15.58,서울 양천구 목동
8830e0accbfffff,11:40:00,8830e0aea7fffff,10,74.1,18.37,서울 양천구 목동
8830e0accbfffff,12:20:00,8830e0aea7fffff,10,46.1,17.05,서울 양천구 목동
8830e0accbfffff,12:20:00,8830e1db25fffff,10,87.6,23.19,서울 양천구 목동
8830e0accbfffff,12:40:00,8830e0aea7fffff,15,85.93,16.98,서울 양천구 목동
8830e0accbfffff,13:00:00,8830e0aea7fffff,13,60.31,17.5,서울 양천구 목동
8830e0accbfffff,13:20:00,8830e0aea7fffff,11,73.73,17.01,서울 양천구 목동
8830e0accbfffff,13:40:00,8830e0aea7fffff,11,101.73,26.58,서울 양천구 목동
8830e0accbfffff,14:20:00,8830e0aea7fffff,10,55.3,16.16,서울 양천구 목동
8830e0accbfffff,16:00:00,8830e0aea7fffff,12,61.25,14.84,서울 양천구 목동
8830e0accbfffff,16:40:00,8830e0aea7fffff,15,60.47,12.52,서울 양천구 목동
8830e0accbfffff,17:20:00,8830e0aea7fffff,14,45.36,18.2,서울 양천구 목동
8830e0accbfffff,18:00:00,8830e0aea7fffff,18,45.78,17.63,서울 양천구 목동
8830e0accdfffff,0:00:00,8830e0aea7fffff,31,63.55,23.13,서울 양천구 목동
8830e0accdfffff,7:40:00,8830e0aea7fffff,14,147.93,23.15,서울 양천구 목동
8830e0accdfffff,8:00:00,8830e0aea7fffff,21,129.14,25.98,서울 양천구 목동
8830e0accdfffff,8:20:00,8830e0aea7fffff,23,76.09,28.55,서울 양천구 목동
8830e0accdfffff,8:40:00,8830e0aea7fffff,22,82.55,20.98,서울 양천구 목동
8830e0accdfffff,9:00:00,8830e0aea7fffff,28,97.71,22.95,서울 양천구 목동
8830e0accdfffff,9:20:00,8830e0aea7fffff,25,86.92,21.79,서울 양천구 목동
8830e0accdfffff,9:40:00,8830e0aea7fffff,36,94.5,23.22,서울 양천구 목동
8830e0accdfffff,10:00:00,8830e0aea7fffff,21,123.67,24.69,서울 양천구 목동
8830e0accdfffff,10:20:00,8830e0aea7fffff,28,73.93,23.74,서울 양천구 목동
8830e0accdfffff,10:40:00,8830e0aea7fffff,26,81.12,31.47,서울 양천구 목동
8830e0accdfffff,11:00:00,8830e0aea7fffff,29,92.86,48.79,서울 양천구 목동
8830e0accdfffff,11:20:00,8830e0aea7fffff,33,84.09,25.24,서울 양천구 목동
8830e0accdfffff,11:40:00,8830e0aea7fffff,32,64.03,18.0,서울 양천구 목동
8830e0accdfffff,12:00:00,8830e0aea7fffff,24,65.33,19.83,서울 양천구 목동
8830e0accdfffff,12:20:00,8830e0aea7fffff,37,105.54,27.57,서울 양천구 목동
8830e0accdfffff,12:40:00,8830e0aea7fffff,36,86.08,28.01,서울 양천구 목동
8830e0accdfffff,13:00:00,8830e0aea7fffff,39,70.33,24.02,서울 양천구 목동
8830e0accdfffff,13:20:00,8830e0aea7fffff,33,83.7,20.6,서울 양천구 목동
8830e0accdfffff,13:40:00,8830e0aea7fffff,33,68.0,18.14,서울 양천구 목동
8830e0accdfffff,14:00:00,8830e0aea7fffff,42,90.4,21.98,서울 양천구 목동
8830e0accdfffff,14:20:00,8830e0aea7fffff,43,83.67,24.35,서울 양천구 목동
8830e0accdfffff,14:40:00,8830e0aea7fffff,37,85.19,20.4,서울 양천구 목동
8830e0accdfffff,15:00:00,8830e0aea7fffff,28,67.96,37.53,서울 양천구 목동
8830e0accdfffff,15:20:00,8830e0aea7fffff,32,70.06,18.39,서울 양천구 목동
8830e0accdfffff,15:40:00,8830e0aea7fffff,34,68.47,20.31,서울 양천구 목동
8830e0accdfffff,16:00:00,8830e0aea7fffff,26,60.15,19.01,서울 양천구 목동
8830e0accdfffff,16:20:00,8830e0aea7fffff,27,54.26,21.9,서울 양천구 목동
8830e0accdfffff,16:40:00,8830e0aea7fffff,33,71.7,18.67,서울 양천구 목동
8830e0accdfffff,17:00:00,8830e0aea7fffff,28,58.75,20.0,서울 양천구 목동
8830e0accdfffff,17:20:00,8830e0aea7fffff,26,56.04,16.02,서울 양천구 목동
8830e0accdfffff,17:40:00,8830e0aea7fffff,24,54.08,24.69,서울 양천구 목동
8830e0accdfffff,18:00:00,8830e0aea7fffff,27,53.59,14.08,서울 양천구 목동
8830e0accdfffff,18:20:00,8830e0aea7fffff,22,65.41,16.98,서울 양천구 목동
8830e0accdfffff,18:40:00,8830e0aea7fffff,18,48.22,16.23,서울 양천구 목동
8830e0accdfffff,19:00:00,8830e0aea7fffff,21,73.43,16.13,서울 양천구 목동
8830e0accdfffff,19:20:00,8830e0aea7fffff,23,123.22,20.33,서울 양천구 목동
8830e0accdfffff,19:40:00,8830e0aea7fffff,14,66.36,21.75,서울 양천구 목동
8830e0accdfffff,20:00:00,8830e0aea7fffff,21,66.48,14.82,서울 양천구 목동
8830e0accdfffff,20:20:00,8830e0aea7fffff,21,62.86,23.67,서울 양천구 목동
8830e0accdfffff,20:40:00,8830e0aea7fffff,16,68.44,25.13,서울 양천구 목동
8830e0accdfffff,21:00:00,8830e0aea7fffff,19,58.79,22.23,서울 양천구 목동
8830e0accdfffff,21:20:00,8830e0aea7fffff,12,72.58,14.24,서울 양천구 목동
8830e0accdfffff,21:40:00,8830e0aea7fffff,14,103.36,23.3,서울 양천구 목동
8830e0accdfffff,22:00:00,8830e0aea7fffff,10,52.4,16.49,서울 양천구 목동
8830e0accdfffff,22:20:00,8830e0aea7fffff,10,57.4,11.72,서울 양천구 목동
8830e0accdfffff,23:00:00,8830e0aea7fffff,16,50.25,20.15,서울 양천구 목동
8830e0acd1fffff,0:00:00,8830e0ac99fffff,12,46.25,17.78,Kintex
8830e0acd1fffff,0:00:00,8830e0ac9dfffff,11,95.27,29.61,서울 양천구 신정동
8830e0acd1fffff,9:40:00,8830e0ac99fffff,10,47.8,25.43,Kintex
8830e0acd1fffff,9:40:00,8830e1db25fffff,14,56.36,21.95,서울 양천구 목동
8830e0acd1fffff,10:20:00,8830e1db25fffff,10,79.7,24.2,서울 양천구 목동
8830e0acd1fffff,10:40:00,8830e0ac99fffff,11,48.0,24.24,Kintex
8830e0acd1fffff,11:00:00,8830e0ac9dfffff,11,88.09,17.5,서울 양천구 신정동
8830e0acd1fffff,11:20:00,8830e0ac99fffff,14,119.36,23.59,Kintex
8830e0acd1fffff,11:20:00,8830e1db25fffff,11,81.36,26.1,서울 양천구 목동
8830e0acd1fffff,11:40:00,8830e0ac99fffff,10,87.0,22.44,Kintex
8830e0acd1fffff,12:00:00,8830e1db25fffff,18,60.22,21.82,서울 양천구 목동
8830e0acd1fffff,12:20:00,8830e1db25fffff,11,67.64,26.15,서울 양천구 목동
8830e0acd1fffff,13:00:00,8830e0ac99fffff,10,51.1,22.38,Kintex
8830e0acd1fffff,13:00:00,8830e0ac9dfffff,13,58.46,19.35,서울 양천구 신정동
8830e0acd1fffff,13:20:00,8830e0ac99fffff,12,73.08,18.21,Kintex
8830e0acd1fffff,13:20:00,8830e1db25fffff,11,58.64,20.34,서울 양천구 목동
8830e0acd1fffff,13:40:00,8830e1db25fffff,12,59.58,28.19,서울 양천구 목동
8830e0acd1fffff,14:00:00,8830e1db25fffff,14,57.07,18.18,서울 양천구 목동
8830e0acd1fffff,14:20:00,8830e0ac99fffff,10,55.5,21.65,Kintex
8830e0acd1fffff,14:20:00,8830e1db25fffff,15,128.67,23.57,서울 양천구 목동
8830e0acd1fffff,14:40:00,8830e0ac9dfffff,11,65.91,15.86,서울 양천구 신정동
8830e0acd1fffff,14:40:00,8830e1db25fffff,15,84.4,23.42,서울 양천구 목동
8830e0acd1fffff,15:20:00,8830e0ac99fffff,15,62.47,19.34,Kintex
8830e0acd1fffff,15:20:00,8830e1db25fffff,10,92.7,26.46,서울 양천구 목동
8830e0acd1fffff,15:40:00,8830e0ac99fffff,12,43.75,19.24,Kintex
8830e0acd1fffff,15:40:00,8830e1db25fffff,10,68.7,23.43,서울 양천구 목동
8830e0acd1fffff,16:00:00,8830e0ac99fffff,10,45.7,16.12,Kintex
8830e0acd1fffff,16:00:00,8830e0aea7fffff,11,112.64,27.74,서울 양천구 목동
8830e0acd1fffff,16:00:00,8830e1db25fffff,12,70.33,16.49,서울 양천구 목동
8830e0acd1fffff,16:20:00,8830e0ac9dfffff,10,76.2,19.41,서울 양천구 신정동
8830e0acd1fffff,16:40:00,8830e0ac99fffff,11,47.27,13.59,Kintex
8830e0acd1fffff,16:40:00,8830e0ac9dfffff,10,51.8,14.88,서울 양천구 신정동
8830e0acd1fffff,16:40:00,8830e1db25fffff,11,51.82,17.66,서울 양천구 목동
8830e0acd1fffff,17:00:00,8830e0ac99fffff,11,42.73,16.58,Kintex
8830e0acd1fffff,17:20:00,8830e0ac9dfffff,13,58.31,22.98,서울 양천구 신정동
8830e0acd1fffff,17:40:00,8830e0ac99fffff,11,42.45,20.36,Kintex
8830e0acd1fffff,17:40:00,8830e0aea7fffff,10,65.8,19.77,서울 양천구 목동
8830e0acd1fffff,18:00:00,8830e0ac99fffff,11,45.27,15.88,Kintex
8830e0acd1fffff,18:00:00,8830e0ae99fffff,11,49.45,31.67,서울 강서구 등촌동
8830e0acd1fffff,18:00:00,8830e0aea7fffff,11,49.27,22.09,서울 양천구 목동
8830e0acd1fffff,18:00:00,8830e1db25fffff,12,134.08,19.06,서울 양천구 목동
8830e0acd1fffff,18:20:00,8830e0ac99fffff,11,48.55,18.81,Kintex
8830e0acd1fffff,18:20:00,8830e1db25fffff,11,42.27,20.79,서울 양천구 목동
8830e0acd1fffff,18:40:00,8830e0ac99fffff,11,53.09,14.98,Kintex
8830e0acd1fffff,19:00:00,8830e0ac99fffff,11,56.91,15.25,Kintex
8830e0acd1fffff,19:20:00,8830e1db25fffff,10,60.6,48.57,서울 양천구 목동
8830e0acd1fffff,19:40:00,8830e0ac9dfffff,11,58.09,19.09,서울 양천구 신정동
8830e0acd1fffff,19:40:00,8830e1db25fffff,12,91.08,17.65,서울 양천구 목동
8830e0acd1fffff,21:20:00,8830e0ac9dfffff,10,47.9,23.08,서울 양천구 신정동
8830e0acd1fffff,21:20:00,8830e1db25fffff,13,46.69,24.09,서울 양천구 목동
8830e0acd1fffff,21:40:00,8830e0ac99fffff,19,51.16,17.82,Kintex
8830e0acd1fffff,21:40:00,8830e1db25fffff,11,70.64,26.69,서울 양천구 목동
8830e0acd1fffff,22:00:00,8830e0ac99fffff,15,50.73,22.85,Kintex
8830e0acd1fffff,22:00:00,8830e0ac9dfffff,17,57.71,17.89,서울 양천구 신정동
8830e0acd1fffff,22:00:00,8830e1db25fffff,11,47.64,18.58,서울 양천구 목동
8830e0acd1fffff,23:00:00,8830e0ac9dfffff,11,50.18,20.74,서울 양천구 신정동
8830e0acd3fffff,0:00:00,8830e0ac99fffff,123,51.74,18.77,Kintex
8830e0acd3fffff,0:00:00,8830e0ac9dfffff,49,61.2,17.05,서울 양천구 신정동
8830e0acd3fffff,0:00:00,8830e0aea7fffff,13,80.62,30.93,서울 양천구 목동
8830e0acd3fffff,0:00:00,8830e1db25fffff,86,47.58,18.62,서울 양천구 목동
8830e0acd3fffff,0:20:00,8830e0ac99fffff,10,67.6,22.78,Kintex
8830e0acd3fffff,0:40:00,8830e0ac99fffff,21,44.33,16.1,Kintex
8830e0acd3fffff,0:40:00,8830e1db25fffff,13,43.31,21.32,서울 양천구 목동
8830e0acd3fffff,1:00:00,8830e0ac99fffff,14,54.36,11.1,Kintex
8830e0acd3fffff,1:00:00,8830e0ac9dfffff,12,71.08,15.28,서울 양천구 신정동
8830e0acd3fffff,1:20:00,8830e0ac99fffff,12,69.83,28.46,Kintex
8830e0acd3fffff,1:40:00,8830e0ac99fffff,13,78.54,25.76,Kintex
8830e0acd3fffff,1:40:00,8830e0ac9dfffff,14,73.14,17.51,서울 양천구 신정동
8830e0acd3fffff,2:00:00,8830e0ac99fffff,13,70.0,23.53,Kintex
8830e0acd3fffff,2:20:00,8830e0ac99fffff,10,89.6,21.82,Kintex
8830e0acd3fffff,2:40:00,8830e0ac99fffff,12,64.83,23.68,Kintex
8830e0acd3fffff,3:00:00,8830e0ac99fffff,11,52.73,16.07,Kintex
8830e0acd3fffff,3:20:00,8830e0ac99fffff,13,65.85,21.23,Kintex
8830e0acd3fffff,3:40:00,8830e0ac99fffff,10,63.5,14.12,Kintex
8830e0acd3fffff,4:00:00,8830e0ac99fffff,13,51.08,30.92,Kintex
8830e0acd3fffff,4:40:00,8830e0ac99fffff,18,71.67,54.23,Kintex
8830e0acd3fffff,5:00:00,8830e1db25fffff,10,136.0,22.22,서울 양천구 목동
8830e0acd3fffff,5:20:00,8830e1db25fffff,16,89.94,50.19,서울 양천구 목동
8830e0acd3fffff,5:40:00,8830e1db25fffff,20,78.8,49.36,서울 양천구 목동
8830e0acd3fffff,6:20:00,8830e0ac99fffff,12,83.0,26.7,Kintex
8830e0acd3fffff,6:20:00,8830e1db25fffff,19,116.11,26.17,서울 양천구 목동
8830e0acd3fffff,6:40:00,8830e0ac9dfffff,12,81.5,10.41,서울 양천구 신정동
8830e0acd3fffff,6:40:00,8830e1db25fffff,14,143.86,21.76,서울 양천구 목동
8830e0acd3fffff,7:00:00,8830e0ac99fffff,61,69.66,31.87,Kintex
8830e0acd3fffff,7:00:00,8830e0ac9dfffff,29,73.93,18.67,서울 양천구 신정동
8830e0acd3fffff,7:00:00,8830e1db25fffff,37,98.19,20.13,서울 양천구 목동
8830e0acd3fffff,7:20:00,8830e0ac99fffff,29,92.72,23.81,Kintex
8830e0acd3fffff,7:20:00,8830e0ac9dfffff,22,61.64,20.76,서울 양천구 신정동
8830e0acd3fffff,7:20:00,8830e1db25fffff,35,90.8,24.06,서울 양천구 목동
8830e0acd3fffff,7:40:00,8830e0ac99fffff,30,74.4,27.44,Kintex
8830e0acd3fffff,7:40:00,8830e0ac9dfffff,21,69.62,15.48,서울 양천구 신정동
8830e0acd3fffff,7:40:00,8830e1db25fffff,28,80.75,21.84,서울 양천구 목동
8830e0acd3fffff,8:00:00,8830e0ac99fffff,30,62.6,23.55,Kintex
8830e0acd3fffff,8:00:00,8830e0ac9dfffff,16,88.63,20.02,서울 양천구 신정동
8830e0acd3fffff,8:00:00,8830e1db25fffff,43,74.05,23.41,서울 양천구 목동
8830e0acd3fffff,8:20:00,8830e0ac83fffff,10,52.8,26.34,서울 구로구 구로동
8830e0acd3fffff,8:20:00,8830e0ac99fffff,46,89.8,25.35,Kintex
8830e0acd3fffff,8:20:00,8830e0ac9dfffff,17,71.18,16.49,서울 양천구 신정동
8830e0acd3fffff,8:20:00,8830e1db25fffff,60,69.07,30.75,서울 양천구 목동
8830e0acd3fffff,8:40:00,8830e0ac99fffff,26,63.85,27.26,Kintex
8830e0acd3fffff,8:40:00,8830e0ac9dfffff,17,85.59,24.27,서울 양천구 신정동
8830e0acd3fffff,8:40:00,8830e0ae99fffff,11,53.82,29.12,서울 강서구 등촌동
8830e0acd3fffff,8:40:00,8830e1db25fffff,72,93.5,22.16,서울 양천구 목동
8830e0acd3fffff,9:00:00,8830e0ac99fffff,50,89.06,32.49,Kintex
8830e0acd3fffff,9:00:00,8830e0ac9dfffff,28,70.32,18.15,서울 양천구 신정동
8830e0acd3fffff,9:00:00,8830e1db25fffff,69,59.68,21.52,서울 양천구 목동
8830e0acd3fffff,9:20:00,8830e0ac99fffff,58,69.53,27.14,Kintex
8830e0acd3fffff,9:20:00,8830e0ac9dfffff,19,65.79,21.06,서울 양천구 신정동
8830e0acd3fffff,9:20:00,8830e1db25fffff,94,65.22,32.27,서울 양천구 목동
8830e0acd3fffff,9:40:00,8830e0ac99fffff,55,79.55,31.18,Kintex
8830e0acd3fffff,9:40:00,8830e0ac9dfffff,28,83.82,24.94,서울 양천구 신정동
8830e0acd3fffff,9:40:00,8830e1db25fffff,96,58.76,24.87,서울 양천구 목동
8830e0acd3fffff,10:00:00,8830e0ac99fffff,58,69.76,22.53,Kintex
8830e0acd3fffff,10:00:00,8830e0ac9dfffff,16,75.69,19.23,서울 양천구 신정동
8830e0acd3fffff,10:00:00,8830e1db25fffff,83,71.29,27.88,서울 양천구 목동
8830e0acd3fffff,10:20:00,8830e0ac99fffff,56,69.07,28.28,Kintex
8830e0acd3fffff,10:20:00,8830e0ac9dfffff,21,95.67,19.21,서울 양천구 신정동
8830e0acd3fffff,10:20:00,8830e1db25fffff,86,70.24,25.17,서울 양천구 목동
8830e0acd3fffff,10:40:00,8830e0ac99fffff,69,67.7,20.94,Kintex
8830e0acd3fffff,10:40:00,8830e0ac9dfffff,25,68.88,24.37,서울 양천구 신정동
8830e0acd3fffff,10:40:00,8830e1db25fffff,96,65.88,27.42,서울 양천구 목동
8830e0acd3fffff,11:00:00,8830e0ac99fffff,58,70.4,20.73,Kintex
8830e0acd3fffff,11:00:00,8830e0ac9dfffff,24,60.42,21.77,서울 양천구 신정동
8830e0acd3fffff,11:00:00,8830e1db25fffff,105,62.58,30.17,서울 양천구 목동
8830e0acd3fffff,11:20:00,8830e0ac99fffff,59,67.98,24.75,Kintex
8830e0acd3fffff,11:20:00,8830e0ac9dfffff,26,54.42,16.57,서울 양천구 신정동
8830e0acd3fffff,11:20:00,8830e1db25fffff,109,73.69,22.55,서울 양천구 목동
8830e0acd3fffff,11:40:00,8830e0ac99fffff,62,77.97,21.46,Kintex
8830e0acd3fffff,11:40:00,8830e0ac9dfffff,21,60.81,26.04,서울 양천구 신정동
8830e0acd3fffff,11:40:00,8830e1db25fffff,106,57.94,20.17,서울 양천구 목동
8830e0acd3fffff,12:00:00,8830e0ac99fffff,81,60.27,24.94,Kintex
8830e0acd3fffff,12:00:00,8830e0ac9dfffff,31,66.68,19.62,서울 양천구 신정동
8830e0acd3fffff,12:00:00,8830e0ae99fffff,10,56.8,33.44,서울 강서구 등촌동
8830e0acd3fffff,12:00:00,8830e1db25fffff,103,57.52,25.28,서울 양천구 목동
8830e0acd3fffff,12:20:00,8830e0ac99fffff,71,73.11,27.54,Kintex
8830e0acd3fffff,12:20:00,8830e0ac9dfffff,36,71.92,20.0,서울 양천구 신정동
8830e0acd3fffff,12:20:00,8830e1db25fffff,94,60.34,21.64,서울 양천구 목동
8830e0acd3fffff,12:40:00,8830e0ac99fffff,72,85.11,22.23,Kintex
8830e0acd3fffff,12:40:00,8830e0ac9dfffff,30,64.4,22.79,서울 양천구 신정동
8830e0acd3fffff,12:40:00,8830e1db25fffff,125,80.93,23.34,서울 양천구 목동
8830e0acd3fffff,13:00:00,8830e0ac99fffff,91,65.85,22.94,Kintex
8830e0acd3fffff,13:00:00,8830e0ac9dfffff,36,67.33,19.69,서울 양천구 신정동
8830e0acd3fffff,13:00:00,8830e1db25fffff,110,72.07,27.67,서울 양천구 목동
8830e0acd3fffff,13:20:00,8830e0ac83fffff,14,51.71,32.19,서울 구로구 구로동
8830e0acd3fffff,13:20:00,8830e0ac99fffff,89,67.28,24.43,Kintex
8830e0acd3fffff,13:20:00,8830e0ac9dfffff,31,63.1,19.14,서울 양천구 신정동
8830e0acd3fffff,13:20:00,8830e1db25fffff,103,74.02,27.33,서울 양천구 목동
8830e0acd3fffff,13:40:00,8830e0ac99fffff,91,96.41,27.28,Kintex
8830e0acd3fffff,13:40:00,8830e0ac9dfffff,33,80.15,16.12,서울 양천구 신정동
8830e0acd3fffff,13:40:00,8830e1db25fffff,124,58.02,22.59,서울 양천구 목동
8830e0acd3fffff,14:00:00,8830e0ac99fffff,94,63.29,23.35,Kintex
8830e0acd3fffff,14:00:00,8830e0ac9dfffff,33,66.36,20.97,서울 양천구 신정동
8830e0acd3fffff,14:00:00,8830e1db25fffff,118,68.51,23.96,서울 양천구 목동
8830e0acd3fffff,14:20:00,8830e0ac99fffff,91,75.57,22.15,Kintex
8830e0acd3fffff,14:20:00,8830e0ac9dfffff,38,67.89,25.45,서울 양천구 신정동
8830e0acd3fffff,14:20:00,8830e1db25fffff,120,68.04,25.54,서울 양천구 목동
8830e0acd3fffff,14:40:00,8830e0ac99fffff,90,72.46,23.6,Kintex
8830e0acd3fffff,14:40:00,8830e0ac9dfffff,42,62.48,21.99,서울 양천구 신정동
8830e0acd3fffff,14:40:00,8830e0ae99fffff,16,61.94,32.03,서울 강서구 등촌동
8830e0acd3fffff,14:40:00,8830e1db25fffff,116,61.2,22.34,서울 양천구 목동
8830e0acd3fffff,15:00:00,8830e0ac99fffff,107,66.68,21.71,Kintex
8830e0acd3fffff,15:00:00,8830e0ac9dfffff,42,53.52,17.73,서울 양천구 신정동
8830e0acd3fffff,15:00:00,8830e1db25fffff,91,59.56,25.49,서울 양천구 목동
8830e0acd3fffff,15:20:00,8830e0ac99fffff,86,62.15,22.96,Kintex
8830e0acd3fffff,15:20:00,8830e0ac9dfffff,36,60.17,20.28,서울 양천구 신정동
8830e0acd3fffff,15:20:00,8830e0aea7fffff,10,60.4,17.22,서울 양천구 목동
8830e0acd3fffff,15:20:00,8830e1db25fffff,115,56.01,22.71,서울 양천구 목동
8830e0acd3fffff,15:40:00,8830e0ac99fffff,90,59.1,21.88,Kintex
8830e0acd3fffff,15:40:00,8830e0ac9dfffff,34,54.21,17.78,서울 양천구 신정동
8830e0acd3fffff,15:40:00,8830e0aea7fffff,10,49.4,18.28,서울 양천구 목동
8830e0acd3fffff,15:40:00,8830e1db25fffff,111,58.5,23.19,서울 양천구 목동
8830e0acd3fffff,16:00:00,8830e0ac99fffff,84,62.51,19.19,Kintex
8830e0acd3fffff,16:00:00,8830e0ac9dfffff,39,54.05,19.82,서울 양천구 신정동
8830e0acd3fffff,16:00:00,8830e0aea7fffff,13,115.08,15.33,서울 양천구 목동
8830e0acd3fffff,16:00:00,8830e1db25fffff,112,64.29,24.84,서울 양천구 목동
8830e0acd3fffff,16:20:00,8830e0ac99fffff,88,65.7,20.79,Kintex
8830e0acd3fffff,16:20:00,8830e0ac9dfffff,29,61.03,19.43,서울 양천구 신정동
8830e0acd3fffff,16:20:00,8830e0ae99fffff,13,62.31,37.48,서울 강서구 등촌동
8830e0acd3fffff,16:20:00,8830e0aea7fffff,12,92.0,15.96,서울 양천구 목동
8830e0acd3fffff,16:20:00,8830e1db25fffff,103,56.95,32.28,서울 양천구 목동
8830e0acd3fffff,16:40:00,8830e0ac83fffff,12,58.58,22.0,서울 구로구 구로동
8830e0acd3fffff,16:40:00,8830e0ac99fffff,95,59.68,24.48,Kintex
8830e0acd3fffff,16:40:00,8830e0ac9dfffff,32,59.41,29.96,서울 양천구 신정동
8830e0acd3fffff,16:40:00,8830e0ae99fffff,10,97.0,28.51,서울 강서구 등촌동
8830e0acd3fffff,16:40:00,8830e0aea7fffff,12,68.33,20.95,서울 양천구 목동
8830e0acd3fffff,16:40:00,8830e1db25fffff,95,66.52,22.21,서울 양천구 목동
8830e0acd3fffff,17:00:00,8830e0ac99fffff,102,65.13,20.99,Kintex
8830e0acd3fffff,17:00:00,8830e0ac9dfffff,43,65.02,20.67,서울 양천구 신정동
8830e0acd3fffff,17:00:00,8830e0ae99fffff,10,45.9,24.84,서울 강서구 등촌동
8830e0acd3fffff,17:00:00,8830e0aea7fffff,11,70.18,19.44,서울 양천구 목동
8830e0acd3fffff,17:00:00,8830e0af0bfffff,10,69.6,22.25,경기 부천시 중동
8830e0acd3fffff,17:00:00,8830e1db25fffff,109,56.54,25.49,서울 양천구 목동
8830e0acd3fffff,17:20:00,8830e0ac99fffff,65,64.17,22.97,Kintex
8830e0acd3fffff,17:20:00,8830e0ac9dfffff,42,88.38,22.31,서울 양천구 신정동
8830e0acd3fffff,17:20:00,8830e1db25fffff,97,65.26,20.75,서울 양천구 목동
8830e0acd3fffff,17:40:00,8830e0ac99fffff,93,64.76,18.36,Kintex
8830e0acd3fffff,17:40:00,8830e0ac9dfffff,36,72.22,21.11,서울 양천구 신정동
8830e0acd3fffff,17:40:00,8830e0ae99fffff,10,49.3,28.64,서울 강서구 등촌동
8830e0acd3fffff,17:40:00,8830e0aea7fffff,12,48.83,20.2,서울 양천구 목동
8830e0acd3fffff,17:40:00,8830e1db25fffff,83,52.36,23.11,서울 양천구 목동
8830e0acd3fffff,18:00:00,8830e0ac99fffff,89,61.17,17.01,Kintex
8830e0acd3fffff,18:00:00,8830e0ac9dfffff,24,46.92,19.15,서울 양천구 신정동
8830e0acd3fffff,18:00:00,8830e0ae99fffff,15,57.8,29.51,서울 강서구 등촌동
8830e0acd3fffff,18:00:00,8830e0aea7fffff,15,55.33,30.21,서울 양천구 목동
8830e0acd3fffff,18:00:00,8830e1db25fffff,98,58.12,19.47,서울 양천구 목동
8830e0acd3fffff,18:20:00,8830e0ac99fffff,84,56.64,22.14,Kintex
8830e0acd3fffff,18:20:00,8830e0ac9dfffff,20,74.15,18.54,서울 양천구 신정동
8830e0acd3fffff,18:20:00,8830e0ae99fffff,10,47.0,29.03,서울 강서구 등촌동
8830e0acd3fffff,18:20:00,8830e1db25fffff,94,53.83,18.13,서울 양천구 목동
8830e0acd3fffff,18:40:00,8830e0ac99fffff,73,52.48,21.75,Kintex
8830e0acd3fffff,18:40:00,8830e0ac9dfffff,16,44.06,23.22,서울 양천구 신정동
8830e0acd3fffff,18:40:00,8830e0aea7fffff,13,85.54,22.1,서울 양천구 목동
8830e0acd3fffff,18:40:00,8830e1db25fffff,69,57.62,22.86,서울 양천구 목동
8830e0acd3fffff,19:00:00,8830e0ac83fffff,11,72.09,14.86,서울 구로구 구로동
8830e0acd3fffff,19:00:00,8830e0ac99fffff,56,58.18,29.18,Kintex
8830e0acd3fffff,19:00:00,8830e0ac9dfffff,21,136.62,24.18,서울 양천구 신정동
8830e0acd3fffff,19:00:00,8830e1db25fffff,99,54.95,20.73,서울 양천구 목동
8830e0acd3fffff,19:20:00,8830e0ac99fffff,78,59.58,22.06,Kintex
8830e0acd3fffff,19:20:00,8830e0ac9dfffff,22,52.05,17.71,서울 양천구 신정동
8830e0acd3fffff,19:20:00,8830e1db25fffff,89,57.69,20.32,서울 양천구 목동
8830e0acd3fffff,19:40:00,8830e0ac99fffff,64,70.45,26.72,Kintex
8830e0acd3fffff,19:40:00,8830e0ac9dfffff,23,59.91,22.53,서울 양천구 신정동
8830e0acd3fffff,19:40:00,8830e1db25fffff,97,55.89,27.82,서울 양천구 목동
8830e0acd3fffff,20:00:00,8830e0ac99fffff,60,61.83,20.5,Kintex
8830e0acd3fffff,20:00:00,8830e0ac9dfffff,19,59.79,16.56,서울 양천구 신정동
8830e0acd3fffff,20:00:00,8830e0aea7fffff,12,45.92,24.35,서울 양천구 목동
8830e0acd3fffff,20:00:00,8830e1db25fffff,85,56.91,25.49,서울 양천구 목동
8830e0acd3fffff,20:20:00,8830e0ac99fffff,71,54.14,21.74,Kintex
8830e0acd3fffff,20:20:00,8830e0ac9dfffff,14,71.21,16.21,서울 양천구 신정동
8830e0acd3fffff,20:20:00,8830e1db25fffff,82,53.39,22.07,서울 양천구 목동
8830e0acd3fffff,20:40:00,8830e0ac99fffff,63,55.16,26.87,Kintex
8830e0acd3fffff,20:40:00,8830e0ac9dfffff,19,66.32,32.52,서울 양천구 신정동
8830e0acd3fffff,20:40:00,8830e1db25fffff,88,54.98,21.09,서울 양천구 목동
8830e0acd3fffff,21:00:00,8830e0ac99fffff,60,73.82,27.7,Kintex
8830e0acd3fffff,21:00:00,8830e0ac9dfffff,22,55.09,36.38,서울 양천구 신정동
8830e0acd3fffff,21:00:00,8830e0aea7fffff,10,68.1,19.49,서울 양천구 목동
8830e0acd3fffff,21:00:00,8830e1db25fffff,72,58.44,24.48,서울 양천구 목동
8830e0acd3fffff,21:20:00,8830e0ac99fffff,58,59.84,20.78,Kintex
8830e0acd3fffff,21:20:00,8830e0ac9dfffff,17,62.29,19.68,서울 양천구 신정동
8830e0acd3fffff,21:20:00,8830e1db25fffff,72,57.75,20.27,서울 양천구 목동
8830e0acd3fffff,21:40:00,8830e0ac99fffff,70,53.01,19.56,Kintex
8830e0acd3fffff,21:40:00,8830e0ac9dfffff,11,50.73,14.18,서울 양천구 신정동
8830e0acd3fffff,21:40:00,8830e0aea7fffff,11,52.36,19.46,서울 양천구 목동
8830e0acd3fffff,21:40:00,8830e1db25fffff,68,53.81,19.77,서울 양천구 목동
8830e0acd3fffff,22:00:00,8830e0ac99fffff,75,60.75,26.91,Kintex
8830e0acd3fffff,22:00:00,8830e0ac9dfffff,32,66.19,17.76,서울 양천구 신정동
8830e0acd3fffff,22:00:00,8830e0af0bfffff,11,49.73,43.37,경기 부천시 중동
8830e0acd3fffff,22:00:00,8830e1db25fffff,76,54.42,22.57,서울 양천구 목동
8830e0acd3fffff,22:20:00,8830e0ac99fffff,46,50.76,15.06,Kintex
8830e0acd3fffff,22:20:00,8830e0ac9dfffff,18,74.0,11.96,서울 양천구 신정동
8830e0acd3fffff,22:20:00,8830e1db25fffff,43,49.4,28.33,서울 양천구 목동
8830e0acd3fffff,22:40:00,8830e0ac99fffff,38,56.61,19.48,Kintex
8830e0acd3fffff,22:40:00,8830e0ac9dfffff,23,59.39,16.95,서울 양천구 신정동
8830e0acd3fffff,22:40:00,8830e1db25fffff,33,56.03,20.37,서울 양천구 목동
8830e0acd3fffff,23:00:00,8830e0ac83fffff,13,50.92,20.88,서울 구로구 구로동
8830e0acd3fffff,23:00:00,8830e0ac99fffff,59,48.83,15.68,Kintex
8830e0acd3fffff,23:00:00,8830e0ac9dfffff,30,48.3,20.7,서울 양천구 신정동
8830e0acd3fffff,23:00:00,8830e1db25fffff,41,49.95,14.93,서울 양천구 목동
8830e0acd3fffff,23:20:00,8830e0ac99fffff,29,37.66,15.15,Kintex
8830e0acd3fffff,23:20:00,8830e0ac9dfffff,24,34.46,16.17,서울 양천구 신정동
8830e0acd3fffff,23:20:00,8830e1db25fffff,29,37.03,16.71,서울 양천구 목동
8830e0acd5fffff,0:00:00,8830e0ac9dfffff,11,40.18,18.64,서울 양천구 신정동
8830e0acd5fffff,8:20:00,8830e0af0bfffff,12,45.33,31.08,경기 부천시 중동
8830e0acd5fffff,9:40:00,8830e1db25fffff,11,52.0,24.78,서울 양천구 목동
8830e0acd5fffff,11:40:00,8830e0ac99fffff,12,48.0,15.66,Kintex
8830e0acd5fffff,11:40:00,8830e0ac9dfffff,13,65.46,20.32,서울 양천구 신정동
8830e0acd5fffff,12:20:00,8830e0ac9dfffff,13,51.0,17.28,서울 양천구 신정동
8830e0acd5fffff,12:40:00,8830e1db25fffff,10,92.1,22.13,서울 양천구 목동
8830e0acd5fffff,13:00:00,8830e0ac9dfffff,11,64.82,23.44,서울 양천구 신정동
8830e0acd5fffff,13:20:00,8830e0ac9dfffff,15,68.13,16.02,서울 양천구 신정동
8830e0acd5fffff,13:20:00,8830e1db25fffff,12,59.33,22.6,서울 양천구 목동
8830e0acd5fffff,14:00:00,8830e0ac99fffff,10,58.9,24.2,Kintex
8830e0acd5fffff,14:20:00,8830e0ac99fffff,12,66.67,22.47,Kintex
8830e0acd5fffff,14:40:00,8830e0aea7fffff,10,84.0,22.3,서울 양천구 목동
8830e0acd5fffff,15:00:00,8830e0ac99fffff,10,78.9,16.88,Kintex
8830e0acd5fffff,15:00:00,8830e0ac9dfffff,16,129.25,19.9,서울 양천구 신정동
8830e0acd5fffff,15:20:00,8830e0ac99fffff,14,55.86,24.49,Kintex
8830e0acd5fffff,15:40:00,8830e0ac99fffff,10,47.8,13.72,Kintex
8830e0acd5fffff,15:40:00,8830e0ac9dfffff,12,54.42,18.85,서울 양천구 신정동
8830e0acd5fffff,16:00:00,8830e0ac99fffff,12,54.25,16.77,Kintex
8830e0acd5fffff,16:20:00,8830e0ac99fffff,13,48.54,19.03,Kintex
8830e0acd5fffff,16:20:00,8830e0ac9dfffff,12,48.25,18.3,서울 양천구 신정동
8830e0acd5fffff,16:40:00,8830e0ac99fffff,11,53.91,27.33,Kintex
8830e0acd5fffff,16:40:00,8830e0ac9dfffff,15,48.13,20.32,서울 양천구 신정동
8830e0acd5fffff,17:00:00,8830e0ac99fffff,10,54.6,25.31,Kintex
8830e0acd5fffff,17:00:00,8830e1db25fffff,12,49.33,23.88,서울 양천구 목동
8830e0acd5fffff,17:20:00,8830e0ac9dfffff,14,58.21,20.95,서울 양천구 신정동
8830e0acd5fffff,17:40:00,8830e0ac99fffff,10,45.5,21.53,Kintex
8830e0acd5fffff,17:40:00,8830e0ac9dfffff,20,53.85,19.14,서울 양천구 신정동
8830e0acd5fffff,18:00:00,8830e0ac9dfffff,16,46.56,19.31,서울 양천구 신정동
8830e0acd5fffff,18:00:00,8830e0aea7fffff,13,52.38,20.49,서울 양천구 목동
8830e0acd5fffff,18:00:00,8830e1db25fffff,13,51.77,19.39,서울 양천구 목동
8830e0acd5fffff,18:20:00,8830e0ac99fffff,12,38.75,21.41,Kintex
8830e0acd5fffff,18:20:00,8830e0ac9dfffff,17,57.24,22.04,서울 양천구 신정동
8830e0acd5fffff,18:20:00,8830e1db25fffff,11,45.64,21.74,서울 양천구 목동
8830e0acd5fffff,19:40:00,8830e0ac99fffff,14,45.5,23.47,Kintex
8830e0acd5fffff,19:40:00,8830e0ac9dfffff,17,50.12,31.56,서울 양천구 신정동
8830e0acd5fffff,20:20:00,8830e0ac9dfffff,12,98.0,20.4,서울 양천구 신정동
8830e0acd5fffff,20:40:00,8830e0ac9dfffff,11,43.09,20.56,서울 양천구 신정동
8830e0acd5fffff,21:20:00,8830e0ac9dfffff,11,47.64,44.69,서울 양천구 신정동
8830e0acd5fffff,21:40:00,8830e0ac99fffff,14,43.0,22.3,Kintex
8830e0acd5fffff,21:40:00,8830e0ac9dfffff,14,52.29,19.58,서울 양천구 신정동
8830e0acd5fffff,21:40:00,8830e0aea7fffff,10,51.6,18.47,서울 양천구 목동
8830e0acd5fffff,22:00:00,8830e0ac99fffff,19,53.95,16.43,Kintex
8830e0acd5fffff,22:00:00,8830e0ac9dfffff,13,65.46,19.73,서울 양천구 신정동
8830e0acd5fffff,22:00:00,8830e0aea7fffff,18,46.67,21.02,서울 양천구 목동
8830e0acd5fffff,23:00:00,8830e0ac9dfffff,11,51.64,19.33,서울 양천구 신정동
8830e0acd7fffff,0:00:00,8830e0ac83fffff,10,45.4,26.19,서울 구로구 구로동
8830e0acd7fffff,0:00:00,8830e0ac99fffff,29,131.69,13.95,Kintex
8830e0acd7fffff,0:00:00,8830e0ac9dfffff,110,57.65,62.72,서울 양천구 신정동
8830e0acd7fffff,0:40:00,8830e0ac9dfffff,13,56.92,17.4,서울 양천구 신정동
8830e0acd7fffff,1:20:00,8830e0ac9dfffff,10,62.4,13.24,서울 양천구 신정동
8830e0acd7fffff,1:40:00,8830e0ac9dfffff,12,56.17,20.81,서울 양천구 신정동
8830e0acd7fffff,2:40:00,8830e0ac9dfffff,14,58.64,17.3,서울 양천구 신정동
8830e0acd7fffff,4:00:00,8830e0ac9dfffff,10,49.5,15.66,서울 양천구 신정동
8830e0acd7fffff,4:20:00,8830e0ac9dfffff,14,141.86,23.8,서울 양천구 신정동
8830e0acd7fffff,5:20:00,8830e0ac9dfffff,10,197.6,30.55,서울 양천구 신정동
8830e0acd7fffff,5:40:00,8830e0ac99fffff,11,207.09,34.89,Kintex
8830e0acd7fffff,5:40:00,8830e0ac9dfffff,11,66.27,23.98,서울 양천구 신정동
8830e0acd7fffff,6:00:00,8830e0ac9dfffff,11,85.0,26.59,서울 양천구 신정동
8830e0acd7fffff,6:40:00,8830e0ac99fffff,12,50.25,31.08,Kintex
8830e0acd7fffff,6:40:00,8830e0ac9dfffff,14,68.36,28.59,서울 양천구 신정동
8830e0acd7fffff,7:00:00,8830e0ac9dfffff,18,68.22,21.19,서울 양천구 신정동
8830e0acd7fffff,7:20:00,8830e0ac9dfffff,15,49.6,21.47,서울 양천구 신정동
8830e0acd7fffff,7:40:00,8830e0ac99fffff,12,49.83,24.99,Kintex
8830e0acd7fffff,7:40:00,8830e0ac9dfffff,20,58.85,21.46,서울 양천구 신정동
8830e0acd7fffff,8:00:00,8830e0ac9dfffff,28,83.64,20.75,서울 양천구 신정동
8830e0acd7fffff,8:20:00,8830e0ac83fffff,13,82.0,20.82,서울 구로구 구로동
8830e0acd7fffff,8:20:00,8830e0ac99fffff,10,86.7,34.63,Kintex
8830e0acd7fffff,8:20:00,8830e0ac9dfffff,24,58.13,20.01,서울 양천구 신정동
8830e0acd7fffff,8:40:00,8830e0ac99fffff,22,96.77,30.03,Kintex
8830e0acd7fffff,8:40:00,8830e0ac9dfffff,39,55.59,24.71,서울 양천구 신정동
8830e0acd7fffff,8:40:00,8830e1db25fffff,13,100.54,27.97,서울 양천구 목동
8830e0acd7fffff,9:00:00,8830e0ac83fffff,10,62.1,17.67,서울 구로구 구로동
8830e0acd7fffff,9:00:00,8830e0ac99fffff,37,62.86,22.32,Kintex
8830e0acd7fffff,9:00:00,8830e0ac9dfffff,40,80.68,25.92,서울 양천구 신정동
8830e0acd7fffff,9:20:00,8830e0ac99fffff,39,82.05,20.54,Kintex
8830e0acd7fffff,9:20:00,8830e0ac9dfffff,41,69.88,20.47,서울 양천구 신정동
8830e0acd7fffff,9:40:00,8830e0ac83fffff,10,80.5,22.39,서울 구로구 구로동
8830e0acd7fffff,9:40:00,8830e0ac99fffff,33,65.64,23.95,Kintex
8830e0acd7fffff,9:40:00,8830e0ac9dfffff,58,57.14,19.21,서울 양천구 신정동
8830e0acd7fffff,9:40:00,8830e1db25fffff,12,76.83,31.58,서울 양천구 목동
8830e0acd7fffff,10:00:00,8830e0ac99fffff,23,55.09,17.12,Kintex
8830e0acd7fffff,10:00:00,8830e0ac9dfffff,33,68.79,23.58,서울 양천구 신정동
8830e0acd7fffff,10:20:00,8830e0ac99fffff,28,53.32,23.68,Kintex
8830e0acd7fffff,10:20:00,8830e0ac9dfffff,38,66.53,20.76,서울 양천구 신정동
8830e0acd7fffff,10:40:00,8830e0ac99fffff,24,101.25,26.75,Kintex
8830e0acd7fffff,10:40:00,8830e0ac9dfffff,32,61.25,21.57,서울 양천구 신정동
8830e0acd7fffff,11:00:00,8830e0ac99fffff,25,60.04,24.36,Kintex
8830e0acd7fffff,11:00:00,8830e0ac9dfffff,41,63.27,17.86,서울 양천구 신정동
8830e0acd7fffff,11:00:00,8830e1db25fffff,11,52.0,24.03,서울 양천구 목동
8830e0acd7fffff,11:20:00,8830e0ac99fffff,29,56.1,26.0,Kintex
8830e0acd7fffff,11:20:00,8830e0ac9dfffff,49,78.61,23.06,서울 양천구 신정동
8830e0acd7fffff,11:40:00,8830e0ac99fffff,45,53.36,18.41,Kintex
8830e0acd7fffff,11:40:00,8830e0ac9dfffff,41,56.93,17.88,서울 양천구 신정동
8830e0acd7fffff,11:40:00,8830e1db25fffff,13,51.08,18.94,서울 양천구 목동
8830e0acd7fffff,12:00:00,8830e0ac83fffff,10,58.1,18.59,서울 구로구 구로동
8830e0acd7fffff,12:00:00,8830e0ac99fffff,43,58.84,17.59,Kintex
8830e0acd7fffff,12:00:00,8830e0ac9dfffff,42,71.79,20.39,서울 양천구 신정동
8830e0acd7fffff,12:00:00,8830e1db25fffff,14,64.07,21.96,서울 양천구 목동
8830e0acd7fffff,12:20:00,8830e0ac99fffff,35,51.74,18.26,Kintex
8830e0acd7fffff,12:20:00,8830e0ac9dfffff,34,80.12,21.22,서울 양천구 신정동
8830e0acd7fffff,12:20:00,8830e1db25fffff,10,49.1,18.24,서울 양천구 목동
8830e0acd7fffff,12:40:00,8830e0ac99fffff,30,66.57,19.52,Kintex
8830e0acd7fffff,12:40:00,8830e0ac9dfffff,54,57.3,21.07,서울 양천구 신정동
8830e0acd7fffff,12:40:00,8830e1db25fffff,13,129.62,26.14,서울 양천구 목동
8830e0acd7fffff,13:00:00,8830e0ac83fffff,12,58.83,18.91,서울 구로구 구로동
8830e0acd7fffff,13:00:00,8830e0ac99fffff,43,58.81,19.82,Kintex
8830e0acd7fffff,13:00:00,8830e0ac9dfffff,43,58.77,23.73,서울 양천구 신정동
8830e0acd7fffff,13:00:00,8830e1db25fffff,16,79.0,26.77,서울 양천구 목동
8830e0acd7fffff,13:20:00,8830e0ac83fffff,10,84.4,23.51,서울 구로구 구로동
8830e0acd7fffff,13:20:00,8830e0ac99fffff,33,73.0,21.57,Kintex
8830e0acd7fffff,13:20:00,8830e0ac9dfffff,49,61.37,20.5,서울 양천구 신정동
8830e0acd7fffff,13:20:00,8830e1db25fffff,14,65.21,11.38,서울 양천구 목동
8830e0acd7fffff,13:40:00,8830e0ac83fffff,10,57.8,20.5,서울 구로구 구로동
8830e0acd7fffff,13:40:00,8830e0ac99fffff,43,61.35,21.44,Kintex
8830e0acd7fffff,13:40:00,8830e0ac9dfffff,32,60.47,18.35,서울 양천구 신정동
8830e0acd7fffff,13:40:00,8830e1db25fffff,12,69.0,20.97,서울 양천구 목동
8830e0acd7fffff,14:00:00,8830e0ac83fffff,14,49.0,19.07,서울 구로구 구로동
8830e0acd7fffff,14:00:00,8830e0ac99fffff,31,76.74,22.76,Kintex
8830e0acd7fffff,14:00:00,8830e0ac9dfffff,47,81.68,23.26,서울 양천구 신정동
8830e0acd7fffff,14:00:00,8830e1db25fffff,15,49.93,18.57,서울 양천구 목동
8830e0acd7fffff,14:20:00,8830e0ac99fffff,34,64.85,22.07,Kintex
8830e0acd7fffff,14:20:00,8830e0ac9dfffff,60,79.8,23.56,서울 양천구 신정동
8830e0acd7fffff,14:20:00,8830e1db25fffff,13,63.08,15.55,서울 양천구 목동
8830e0acd7fffff,14:40:00,8830e0ac99fffff,38,56.89,19.45,Kintex
8830e0acd7fffff,14:40:00,8830e0ac9dfffff,52,65.65,23.6,서울 양천구 신정동
8830e0acd7fffff,14:40:00,8830e1db25fffff,13,53.69,20.55,서울 양천구 목동
8830e0acd7fffff,15:00:00,8830e0ac83fffff,13,70.23,21.79,서울 구로구 구로동
8830e0acd7fffff,15:00:00,8830e0ac99fffff,34,56.29,21.1,Kintex
8830e0acd7fffff,15:00:00,8830e0ac9dfffff,42,68.48,19.99,서울 양천구 신정동
8830e0acd7fffff,15:20:00,8830e0ac99fffff,38,63.24,20.2,Kintex
8830e0acd7fffff,15:20:00,8830e0ac9dfffff,36,65.25,23.03,서울 양천구 신정동
8830e0acd7fffff,15:40:00,8830e0ac99fffff,58,63.28,25.09,Kintex
8830e0acd7fffff,15:40:00,8830e0ac9dfffff,57,62.53,18.45,서울 양천구 신정동
8830e0acd7fffff,15:40:00,8830e1db25fffff,14,71.29,16.88,서울 양천구 목동
8830e0acd7fffff,16:00:00,8830e0ac99fffff,32,71.19,24.2,Kintex
8830e0acd7fffff,16:00:00,8830e0ac9dfffff,51,61.08,18.77,서울 양천구 신정동
8830e0acd7fffff,16:00:00,8830e1db25fffff,15,65.67,21.11,서울 양천구 목동
8830e0acd7fffff,16:20:00,8830e0ac99fffff,50,59.64,21.63,Kintex
8830e0acd7fffff,16:20:00,8830e0ac9dfffff,47,65.21,21.63,서울 양천구 신정동
8830e0acd7fffff,16:40:00,8830e0ac99fffff,34,67.74,20.76,Kintex
8830e0acd7fffff,16:40:00,8830e0ac9dfffff,46,48.39,20.93,서울 양천구 신정동
8830e0acd7fffff,16:40:00,8830e1db25fffff,13,49.62,12.99,서울 양천구 목동
8830e0acd7fffff,17:00:00,8830e0ac99fffff,42,82.74,18.18,Kintex
8830e0acd7fffff,17:00:00,8830e0ac9dfffff,47,84.04,16.77,서울 양천구 신정동
8830e0acd7fffff,17:00:00,8830e1db25fffff,12,51.92,16.35,서울 양천구 목동
8830e0acd7fffff,17:20:00,8830e0ac99fffff,43,58.28,20.61,Kintex
8830e0acd7fffff,17:20:00,8830e0ac9dfffff,34,55.5,23.05,서울 양천구 신정동
8830e0acd7fffff,17:20:00,8830e1db25fffff,15,54.47,16.59,서울 양천구 목동
8830e0acd7fffff,17:40:00,8830e0ac99fffff,32,47.09,23.32,Kintex
8830e0acd7fffff,17:40:00,8830e0ac9dfffff,39,63.26,20.37,서울 양천구 신정동
8830e0acd7fffff,17:40:00,8830e1db25fffff,10,48.5,99.32,서울 양천구 목동
8830e0acd7fffff,18:00:00,8830e0ac99fffff,27,60.11,20.23,Kintex
8830e0acd7fffff,18:00:00,8830e0ac9dfffff,42,62.05,16.1,서울 양천구 신정동
8830e0acd7fffff,18:00:00,8830e0aea7fffff,14,45.71,20.31,서울 양천구 목동
8830e0acd7fffff,18:20:00,8830e0ac99fffff,27,63.37,22.74,Kintex
8830e0acd7fffff,18:20:00,8830e0ac9dfffff,22,65.64,21.71,서울 양천구 신정동
8830e0acd7fffff,18:40:00,8830e0ac99fffff,27,58.74,19.1,Kintex
8830e0acd7fffff,18:40:00,8830e0ac9dfffff,32,51.25,22.08,서울 양천구 신정동
8830e0acd7fffff,19:00:00,8830e0ac99fffff,25,58.32,22.93,Kintex
8830e0acd7fffff,19:00:00,8830e0ac9dfffff,40,63.8,20.31,서울 양천구 신정동
8830e0acd7fffff,19:00:00,8830e1db25fffff,14,64.71,14.61,서울 양천구 목동
8830e0acd7fffff,19:20:00,8830e0ac99fffff,23,67.48,24.91,Kintex
8830e0acd7fffff,19:20:00,8830e0ac9dfffff,34,87.5,19.24,서울 양천구 신정동
8830e0acd7fffff,19:20:00,8830e1db25fffff,10,139.3,24.42,서울 양천구 목동
8830e0acd7fffff,19:40:00,8830e0ac99fffff,34,62.88,19.96,Kintex
8830e0acd7fffff,19:40:00,8830e0ac9dfffff,33,71.3,21.01,서울 양천구 신정동
8830e0acd7fffff,20:00:00,8830e0ac99fffff,20,42.6,20.38,Kintex
8830e0acd7fffff,20:00:00,8830e0ac9dfffff,47,58.34,22.89,서울 양천구 신정동
8830e0acd7fffff,20:20:00,8830e0ac99fffff,22,53.27,24.78,Kintex
8830e0acd7fffff,20:20:00,8830e0ac9dfffff,37,55.05,28.84,서울 양천구 신정동
8830e0acd7fffff,20:40:00,8830e0ac99fffff,24,47.96,21.57,Kintex
8830e0acd7fffff,20:40:00,8830e0ac9dfffff,46,71.33,16.22,서울 양천구 신정동
8830e0acd7fffff,21:00:00,8830e0ac99fffff,22,68.64,43.59,Kintex
8830e0acd7fffff,21:00:00,8830e0ac9dfffff,41,66.68,20.02,서울 양천구 신정동
8830e0acd7fffff,21:00:00,8830e1db25fffff,10,59.9,18.43,서울 양천구 목동
8830e0acd7fffff,21:20:00,8830e0ac99fffff,24,82.96,21.85,Kintex
8830e0acd7fffff,21:20:00,8830e0ac9dfffff,36,57.25,20.06,서울 양천구 신정동
8830e0acd7fffff,21:40:00,8830e0ac83fffff,15,53.2,17.11,서울 구로구 구로동
8830e0acd7fffff,21:40:00,8830e0ac99fffff,23,48.83,19.89,Kintex
8830e0acd7fffff,21:40:00,8830e0ac9dfffff,48,64.77,25.63,서울 양천구 신정동
8830e0acd7fffff,22:00:00,8830e0ac99fffff,32,54.41,21.2,Kintex
8830e0acd7fffff,22:00:00,8830e0ac9dfffff,30,54.83,23.82,서울 양천구 신정동
8830e0acd7fffff,22:20:00,8830e0ac99fffff,10,42.7,16.11,Kintex
8830e0acd7fffff,22:20:00,8830e0ac9dfffff,25,54.24,25.41,서울 양천구 신정동
8830e0acd7fffff,22:40:00,8830e0ac99fffff,15,51.73,15.53,Kintex
8830e0acd7fffff,22:40:00,8830e0ac9dfffff,26,51.54,27.9,서울 양천구 신정동
8830e0acd7fffff,23:00:00,8830e0ac9dfffff,26,48.31,23.87,서울 양천구 신정동
8830e0acd7fffff,23:20:00,8830e0ac99fffff,12,34.58,15.67,Kintex
8830e0acd7fffff,23:20:00,8830e0ac9dfffff,22,34.09,18.8,서울 양천구 신정동
8830e0acd9fffff,0:00:00,8830e1db25fffff,10,59.2,18.46,서울 양천구 목동
8830e0acd9fffff,6:20:00,8830e0ac9dfffff,11,403.0,36.77,서울 양천구 신정동
8830e0acd9fffff,8:00:00,8830e0ae99fffff,15,41.67,39.02,서울 강서구 등촌동
8830e0acd9fffff,9:20:00,8830e1db25fffff,10,100.7,32.71,서울 양천구 목동
8830e0acd9fffff,13:00:00,8830e1db25fffff,11,49.0,21.66,서울 양천구 목동
8830e0acd9fffff,13:40:00,8830e1db25fffff,10,51.5,20.12,서울 양천구 목동
8830e0acd9fffff,18:00:00,8830e0ae99fffff,10,57.0,32.55,서울 강서구 등촌동
8830e0acdbfffff,0:00:00,8830e1db25fffff,10,145.9,22.72,서울 양천구 목동
8830e0acdbfffff,7:40:00,8830e1db25fffff,11,52.0,44.49,서울 양천구 목동
8830e0acdbfffff,8:00:00,8830e1db25fffff,15,41.0,32.09,서울 양천구 목동
8830e0acdbfffff,8:20:00,8830e0ae99fffff,12,60.08,41.29,서울 강서구 등촌동
8830e0acdbfffff,8:20:00,8830e1db25fffff,14,55.86,33.79,서울 양천구 목동
8830e0acdbfffff,8:40:00,8830e1db25fffff,11,57.91,30.04,서울 양천구 목동
8830e0acdbfffff,9:00:00,8830e1db25fffff,13,70.38,37.83,서울 양천구 목동
8830e0acdbfffff,9:20:00,8830e1db25fffff,11,86.18,30.46,서울 양천구 목동
8830e0acdbfffff,10:20:00,8830e1db25fffff,10,64.4,16.07,서울 양천구 목동
8830e0acdbfffff,11:00:00,8830e1db25fffff,10,46.9,20.74,서울 양천구 목동
8830e0acdbfffff,11:20:00,8830e1db25fffff,10,63.5,14.22,서울 양천구 목동
8830e0acdbfffff,11:40:00,8830e1db25fffff,11,54.55,22.51,서울 양천구 목동
8830e0acdbfffff,12:00:00,8830e1db25fffff,24,49.96,51.91,서울 양천구 목동
8830e0acdbfffff,12:40:00,8830e0ac99fffff,11,57.82,28.7,Kintex
8830e0acdbfffff,12:40:00,8830e1db25fffff,10,71.1,28.21,서울 양천구 목동
8830e0acdbfffff,13:00:00,8830e1db25fffff,14,61.64,28.51,서울 양천구 목동
8830e0acdbfffff,13:20:00,8830e0ac99fffff,10,74.3,31.75,Kintex
8830e0acdbfffff,13:40:00,8830e1db25fffff,16,70.75,39.86,서울 양천구 목동
8830e0acdbfffff,14:00:00,8830e1db25fffff,13,67.92,43.82,서울 양천구 목동
8830e0acdbfffff,14:20:00,8830e1db25fffff,12,63.58,26.13,서울 양천구 목동
8830e0acdbfffff,14:40:00,8830e1db25fffff,15,54.93,20.53,서울 양천구 목동
8830e0acdbfffff,15:00:00,8830e1db25fffff,10,73.3,30.04,서울 양천구 목동
8830e0acdbfffff,15:20:00,8830e1db25fffff,12,45.92,23.15,서울 양천구 목동
8830e0acdbfffff,15:40:00,8830e1db25fffff,13,53.69,26.46,서울 양천구 목동
8830e0acdbfffff,16:20:00,8830e1db25fffff,17,41.41,21.39,서울 양천구 목동
8830e0acdbfffff,17:40:00,8830e0ac99fffff,12,39.0,17.17,Kintex
8830e0acdbfffff,18:00:00,8830e0ac99fffff,14,51.14,36.03,Kintex
8830e0acdbfffff,18:00:00,8830e1db25fffff,11,38.45,20.85,서울 양천구 목동
8830e0acdbfffff,18:20:00,8830e1db25fffff,10,57.0,18.04,서울 양천구 목동
8830e0acdbfffff,18:40:00,8830e1db25fffff,13,55.23,21.25,서울 양천구 목동
8830e0acdbfffff,20:00:00,8830e1db25fffff,11,54.18,24.39,서울 양천구 목동
8830e0acdbfffff,20:20:00,8830e1db25fffff,10,55.7,31.3,서울 양천구 목동
8830e0acddfffff,0:00:00,8830e0ac99fffff,10,66.7,24.8,Kintex
8830e0acddfffff,8:00:00,8830e0ae99fffff,14,67.43,39.72,서울 강서구 등촌동
8830e0acddfffff,12:20:00,8830e1db25fffff,12,92.58,36.08,서울 양천구 목동
8830e0acddfffff,12:40:00,8830e0aea7fffff,12,56.33,17.34,서울 양천구 목동
8830e0acddfffff,14:00:00,8830e0ac99fffff,10,69.7,22.58,Kintex
8830e0acddfffff,14:20:00,8830e1db25fffff,10,56.7,18.9,서울 양천구 목동
8830e0acddfffff,15:00:00,8830e0ac99fffff,10,56.8,15.72,Kintex
8830e0acddfffff,16:00:00,8830e0ac9dfffff,10,112.0,24.45,서울 양천구 신정동
8830e0acddfffff,17:00:00,8830e1db25fffff,12,76.42,26.84,서울 양천구 목동
8830e0acddfffff,17:20:00,8830e1db25fffff,13,61.38,17.48,서울 양천구 목동
8830e0acddfffff,17:40:00,8830e0aea7fffff,19,122.32,25.05,서울 양천구 목동
8830e0acddfffff,18:00:00,8830e0a1b1fffff,17,65.29,28.34,경기 부천시 오정동
8830e0acddfffff,18:00:00,8830e0ac99fffff,11,53.82,21.68,Kintex
8830e0acddfffff,18:00:00,8830e0aea7fffff,14,68.5,17.84,서울 양천구 목동
8830e0acddfffff,18:20:00,8830e0aea7fffff,10,69.6,16.39,서울 양천구 목동
8830e0acddfffff,21:00:00,8830e1db25fffff,14,60.86,25.53,서울 양천구 목동
8830e0ace1fffff,7:40:00,8830e0ac83fffff,16,57.38,29.66,서울 구로구 구로동
8830e0ace1fffff,7:40:00,8830e0ac9dfffff,10,178.4,29.27,서울 양천구 신정동
8830e0ace1fffff,8:00:00,8830e0ac83fffff,19,64.68,26.28,서울 구로구 구로동
8830e0ace1fffff,8:00:00,8830e0ac87fffff,15,59.87,23.62,서울 강서구 화곡동
8830e0ace1fffff,8:20:00,8830e0ac83fffff,16,71.69,33.64,서울 구로구 구로동
8830e0ace1fffff,10:20:00,8830e0ac87fffff,13,61.31,23.03,서울 강서구 화곡동
8830e0ace1fffff,10:40:00,8830e0ac87fffff,10,47.7,59.13,서울 강서구 화곡동
8830e0ace1fffff,11:00:00,8830e0ac87fffff,12,47.92,16.66,서울 강서구 화곡동
8830e0ace1fffff,14:00:00,8830e0ac87fffff,10,52.7,24.56,서울 강서구 화곡동
8830e0ace1fffff,15:40:00,8830e0ac87fffff,11,80.91,22.9,서울 강서구 화곡동
8830e0ace1fffff,16:00:00,8830e0ac87fffff,12,59.33,23.07,서울 강서구 화곡동
8830e0ace3fffff,8:00:00,8830e0ac83fffff,11,94.82,39.44,서울 구로구 구로동
8830e0ace3fffff,8:00:00,8830e0ac87fffff,12,39.92,24.16,서울 강서구 화곡동
8830e0ace3fffff,8:20:00,8830e0ac87fffff,12,69.17,19.77,서울 강서구 화곡동
8830e0ace3fffff,9:00:00,8830e0ac87fffff,13,62.62,23.04,서울 강서구 화곡동
8830e0ace3fffff,9:20:00,8830e0ac87fffff,17,97.41,27.02,서울 강서구 화곡동
8830e0ace3fffff,10:00:00,8830e0ac87fffff,13,80.23,23.4,서울 강서구 화곡동
8830e0ace3fffff,13:20:00,8830e0ac87fffff,14,79.21,24.79,서울 강서구 화곡동
8830e0ace3fffff,18:00:00,8830e0ac87fffff,14,53.57,30.08,서울 강서구 화곡동
8830e0ace5fffff,7:40:00,8830e0ac87fffff,15,99.53,26.97,서울 강서구 화곡동
8830e0ace5fffff,8:20:00,8830e0ac83fffff,10,123.6,30.0,서울 구로구 구로동
8830e0ace9fffff,8:00:00,8830e0ac83fffff,10,41.1,31.34,서울 구로구 구로동
8830e0acebfffff,7:00:00,8830e0ac83fffff,15,59.27,22.7,서울 구로구 구로동
8830e0acebfffff,7:20:00,8830e0ac83fffff,14,51.86,27.17,서울 구로구 구로동
8830e0acebfffff,7:40:00,8830e0ac83fffff,21,61.24,29.91,서울 구로구 구로동
8830e0acebfffff,7:40:00,8830e0ae99fffff,11,67.82,34.23,서울 강서구 등촌동
8830e0acebfffff,8:00:00,8830e0ac83fffff,23,54.17,32.95,서울 구로구 구로동
8830e0acebfffff,8:00:00,8830e0ac87fffff,15,49.4,20.13,서울 강서구 화곡동
8830e0acebfffff,8:20:00,8830e0ac83fffff,16,46.13,27.85,서울 구로구 구로동
8830e0acebfffff,8:20:00,8830e0ac87fffff,16,47.56,23.63,서울 강서구 화곡동
8830e0acebfffff,9:00:00,8830e0ac83fffff,12,139.58,28.03,서울 구로구 구로동
8830e0acebfffff,9:00:00,8830e0ac87fffff,14,74.79,36.01,서울 강서구 화곡동
8830e0acebfffff,9:20:00,8830e0ac87fffff,21,69.76,30.5,서울 강서구 화곡동
8830e0acebfffff,9:40:00,8830e0ac87fffff,18,66.61,19.44,서울 강서구 화곡동
8830e0acebfffff,10:00:00,8830e0ac87fffff,10,60.4,27.29,서울 강서구 화곡동
8830e0acebfffff,10:20:00,8830e0ac87fffff,11,78.82,27.58,서울 강서구 화곡동
8830e0acebfffff,10:40:00,8830e0ac87fffff,12,84.58,24.55,서울 강서구 화곡동
8830e0acebfffff,11:00:00,8830e0ac87fffff,10,64.9,28.66,서울 강서구 화곡동
8830e0acebfffff,12:00:00,8830e0ac87fffff,11,51.82,22.9,서울 강서구 화곡동
8830e0acebfffff,12:20:00,8830e0ac87fffff,14,56.14,19.34,서울 강서구 화곡동
8830e0acebfffff,12:40:00,8830e0ac87fffff,12,62.83,21.77,서울 강서구 화곡동
8830e0acebfffff,13:00:00,8830e0ac87fffff,18,55.72,39.03,서울 강서구 화곡동
8830e0acebfffff,13:40:00,8830e0ac87fffff,13,95.08,34.77,서울 강서구 화곡동
8830e0acebfffff,14:00:00,8830e0ac87fffff,10,49.1,25.59,서울 강서구 화곡동
8830e0acebfffff,14:40:00,8830e0ac87fffff,10,39.5,25.0,서울 강서구 화곡동
8830e0acebfffff,15:40:00,8830e0ac87fffff,10,52.9,22.44,서울 강서구 화곡동
8830e0acebfffff,16:00:00,8830e0ac87fffff,10,57.9,26.91,서울 강서구 화곡동
8830e0acebfffff,16:20:00,8830e0ac87fffff,15,62.53,28.01,서울 강서구 화곡동
8830e0acebfffff,16:40:00,8830e0ac87fffff,11,57.45,30.46,서울 강서구 화곡동
8830e0acebfffff,18:00:00,8830e0ac87fffff,11,82.45,51.24,서울 강서구 화곡동
8830e0ad07fffff,5:00:00,8830e0ac9dfffff,14,322.29,45.33,서울 양천구 신정동
8830e0ad07fffff,8:00:00,8830e0af0bfffff,18,53.61,49.22,경기 부천시 중동
8830e0ad13fffff,7:00:00,8830e0a1b1fffff,10,49.3,60.04,경기 부천시 오정동
8830e0ad13fffff,8:20:00,8830e0ac83fffff,13,50.08,39.29,서울 구로구 구로동
8830e0ad13fffff,11:00:00,8830e0af0bfffff,12,58.75,38.04,경기 부천시 중동
8830e0ad13fffff,13:40:00,8830e0af0bfffff,14,146.57,35.22,경기 부천시 중동
8830e0ad13fffff,14:00:00,8830e0af0bfffff,11,120.36,36.62,경기 부천시 중동
8830e0ad13fffff,14:20:00,8830e0af0bfffff,15,56.53,37.88,경기 부천시 중동
8830e0ad13fffff,16:40:00,8830e0af0bfffff,12,50.5,43.51,경기 부천시 중동
8830e0ad13fffff,17:00:00,8830e0af0bfffff,13,42.23,48.08,경기 부천시 중동
8830e0ad13fffff,17:40:00,8830e0af0bfffff,11,66.73,45.78,경기 부천시 중동
8830e0ad13fffff,18:00:00,8830e0af0bfffff,14,62.36,28.05,경기 부천시 중동
8830e0ad19fffff,7:20:00,8830e0ac83fffff,14,57.0,40.77,서울 구로구 구로동
8830e0ad19fffff,7:40:00,8830e0ac83fffff,10,57.4,48.02,서울 구로구 구로동
8830e0ad19fffff,7:40:00,8830e0af0bfffff,14,124.64,39.56,경기 부천시 중동
8830e0ad19fffff,8:00:00,8830e0ac83fffff,13,120.08,41.47,서울 구로구 구로동
8830e0ad19fffff,9:00:00,8830e0af0bfffff,13,53.62,25.46,경기 부천시 중동
8830e0ad19fffff,9:20:00,8830e0af0bfffff,10,42.0,48.42,경기 부천시 중동
8830e0ad19fffff,9:40:00,8830e0af0bfffff,12,62.17,35.13,경기 부천시 중동
8830e0ad19fffff,10:20:00,8830e0af0bfffff,13,66.54,35.25,경기 부천시 중동
8830e0ad19fffff,10:40:00,8830e0af0bfffff,12,46.58,28.05,경기 부천시 중동
8830e0ad19fffff,11:00:00,8830e0af0bfffff,11,57.82,38.93,경기 부천시 중동
8830e0ad19fffff,11:20:00,8830e0af0bfffff,12,61.67,28.37,경기 부천시 중동
8830e0ad19fffff,12:00:00,8830e0af0bfffff,11,61.36,29.13,경기 부천시 중동
8830e0ad19fffff,12:20:00,8830e0af0bfffff,18,57.83,30.73,경기 부천시 중동
8830e0ad19fffff,12:40:00,8830e0af0bfffff,13,43.46,30.37,경기 부천시 중동
8830e0ad19fffff,13:00:00,8830e0af0bfffff,12,77.92,46.03,경기 부천시 중동
8830e0ad19fffff,13:20:00,8830e0af0bfffff,14,76.21,37.59,경기 부천시 중동
8830e0ad19fffff,14:00:00,8830e0af0bfffff,14,44.5,36.09,경기 부천시 중동
8830e0ad19fffff,14:20:00,8830e0af0bfffff,12,70.0,37.57,경기 부천시 중동
8830e0ad19fffff,15:40:00,8830e0af0bfffff,11,60.64,31.53,경기 부천시 중동
8830e0ad19fffff,16:40:00,8830e0af0bfffff,13,200.15,30.24,경기 부천시 중동
8830e0ad19fffff,18:00:00,8830e0af0bfffff,12,47.17,39.92,경기 부천시 중동
8830e0ad1bfffff,9:00:00,8830e0af0bfffff,11,74.09,42.07,경기 부천시 중동
8830e0ad1bfffff,10:20:00,8830e0af0bfffff,12,51.5,40.53,경기 부천시 중동
8830e0ad23fffff,6:20:00,8830e0ac83fffff,12,43.33,49.13,서울 구로구 구로동
8830e0ad23fffff,9:20:00,8830e0af6dfffff,10,70.4,43.7,인천 계양구 계산동
8830e0ad2bfffff,7:40:00,8830e0ac83fffff,11,57.27,46.73,서울 구로구 구로동
8830e0ad2bfffff,9:00:00,8830e0af0bfffff,11,59.73,40.29,경기 부천시 중동
8830e0ad2bfffff,10:40:00,8830e0af0bfffff,10,61.0,37.4,경기 부천시 중동
8830e0ad2bfffff,11:20:00,8830e0af0bfffff,10,66.5,47.22,경기 부천시 중동
8830e0ad2bfffff,14:00:00,8830e0af0bfffff,11,63.0,35.62,경기 부천시 중동
8830e0ad31fffff,7:00:00,8830e035ddfffff,15,74.33,45.87,Beom_Gye
8830e0ad31fffff,7:00:00,8830e0ac83fffff,15,79.87,39.98,서울 구로구 구로동
8830e0ad31fffff,9:00:00,8830e0af0bfffff,17,55.29,35.27,경기 부천시 중동
8830e0ad35fffff,7:40:00,8830e035ddfffff,13,80.23,43.79,Beom_Gye
8830e0ad35fffff,7:40:00,8830e0ac83fffff,10,85.3,32.0,서울 구로구 구로동
8830e0ad35fffff,7:40:00,8830e0ad9bfffff,19,74.68,55.02,Gwang_Myeong
8830e0ad35fffff,8:20:00,8830e0ad9bfffff,15,52.93,42.68,Gwang_Myeong
8830e0ad35fffff,10:00:00,8830e0af0bfffff,13,54.54,53.64,경기 부천시 중동
8830e0ad35fffff,10:20:00,8830e0af0bfffff,11,62.64,51.76,경기 부천시 중동
8830e0ad35fffff,14:40:00,8830e0af0bfffff,11,54.91,41.6,경기 부천시 중동
8830e0ad35fffff,15:20:00,8830e0af0bfffff,10,39.2,46.33,경기 부천시 중동
8830e0ad35fffff,17:00:00,8830e0af0bfffff,10,59.1,43.5,경기 부천시 중동
8830e0ad3dfffff,7:40:00,8830e0ac83fffff,13,164.08,46.17,서울 구로구 구로동
8830e0ad3dfffff,7:40:00,8830e0ac9dfffff,10,257.4,40.12,서울 양천구 신정동
8830e0ad3dfffff,9:00:00,8830e0af0bfffff,11,53.82,34.02,경기 부천시 중동
8830e0ad4dfffff,0:00:00,8830e0af0bfffff,44,95.43,30.92,경기 부천시 중동
8830e0ad53fffff,7:00:00,8830e0a1b1fffff,12,40.92,41.15,경기 부천시 오정동
8830e0ad53fffff,7:20:00,8830e0ac83fffff,13,51.62,36.75,서울 구로구 구로동
8830e0ad53fffff,8:00:00,8830e0ac83fffff,11,122.55,41.53,서울 구로구 구로동
8830e0ad53fffff,8:00:00,8830e0af0bfffff,12,62.75,31.84,경기 부천시 중동
8830e0ad53fffff,9:00:00,8830e0af0bfffff,12,63.75,31.27,경기 부천시 중동
8830e0ad53fffff,9:20:00,8830e0af0bfffff,10,44.6,35.9,경기 부천시 중동
8830e0ad53fffff,9:40:00,8830e0af0bfffff,12,35.25,29.24,경기 부천시 중동
8830e0ad53fffff,10:20:00,8830e0af0bfffff,13,57.08,31.81,경기 부천시 중동
8830e0ad53fffff,12:00:00,8830e0af0bfffff,11,70.45,33.02,경기 부천시 중동
8830e0ad53fffff,13:00:00,8830e0af0bfffff,13,49.54,31.22,경기 부천시 중동
8830e0ad53fffff,13:40:00,8830e0af0bfffff,10,45.8,19.06,경기 부천시 중동
8830e0ad53fffff,14:00:00,8830e0af0bfffff,13,48.15,31.02,경기 부천시 중동
8830e0ad53fffff,14:20:00,8830e0af0bfffff,12,52.67,27.46,경기 부천시 중동
8830e0ad53fffff,18:00:00,8830e0af0bfffff,10,77.0,29.49,경기 부천시 중동
8830e0ad59fffff,8:00:00,8830e0af0bfffff,13,80.54,26.05,경기 부천시 중동
8830e0ad59fffff,8:40:00,8830e0ae99fffff,17,62.18,44.3,서울 강서구 등촌동
8830e0ad59fffff,8:40:00,8830e0af0bfffff,13,52.62,24.41,경기 부천시 중동
8830e0ad59fffff,12:00:00,8830e0af0bfffff,10,80.4,28.47,경기 부천시 중동
8830e0ad5bfffff,12:20:00,8830e0af0bfffff,12,57.42,28.25,경기 부천시 중동
8830e0ad5bfffff,16:00:00,8830e0af0bfffff,11,72.27,28.65,경기 부천시 중동
8830e0ad5bfffff,17:00:00,8830e0af0bfffff,10,57.3,26.01,경기 부천시 중동
8830e0ad5bfffff,17:00:00,8830e0af6dfffff,14,115.5,23.77,인천 계양구 계산동
8830e0ad5bfffff,17:40:00,8830e0af0bfffff,13,60.0,25.81,경기 부천시 중동
8830e0ad5bfffff,18:00:00,8830e0af0bfffff,14,49.43,25.56,경기 부천시 중동
8830e0ad93fffff,0:00:00,8830e0ad9bfffff,60,61.7,16.15,Gwang_Myeong
8830e0ad93fffff,0:40:00,8830e0ad9bfffff,12,64.92,10.44,Gwang_Myeong
8830e0ad93fffff,1:40:00,8830e0ad9bfffff,11,48.0,37.2,Gwang_Myeong
8830e0ad93fffff,2:00:00,8830e0ad9bfffff,10,90.8,18.28,Gwang_Myeong
8830e0ad93fffff,3:00:00,8830e0ad9bfffff,12,57.42,9.75,Gwang_Myeong
8830e0ad93fffff,4:40:00,8830e0ad9bfffff,13,81.23,17.57,Gwang_Myeong
8830e0ad93fffff,5:20:00,8830e0ad9bfffff,15,85.27,21.16,Gwang_Myeong
8830e0ad93fffff,6:00:00,8830e0ad9bfffff,19,257.53,32.28,Gwang_Myeong
8830e0ad93fffff,6:20:00,8830e0ad9bfffff,17,126.53,33.93,Gwang_Myeong
8830e0ad93fffff,6:40:00,8830e0ad9bfffff,16,75.19,23.77,Gwang_Myeong
8830e0ad93fffff,7:00:00,8830e0ad9bfffff,20,58.95,14.54,Gwang_Myeong
8830e0ad93fffff,7:20:00,8830e0ad9bfffff,25,77.52,26.56,Gwang_Myeong
8830e0ad93fffff,7:40:00,8830e0ad9bfffff,20,135.5,27.34,Gwang_Myeong
8830e0ad93fffff,7:40:00,8830e0af6dfffff,19,41.95,63.23,인천 계양구 계산동
8830e0ad93fffff,8:00:00,8830e0ad9bfffff,28,171.46,20.72,Gwang_Myeong
8830e0ad93fffff,8:20:00,8830e0ad9bfffff,49,66.71,18.08,Gwang_Myeong
8830e0ad93fffff,8:40:00,8830e0ad9bfffff,38,65.79,24.84,Gwang_Myeong
8830e0ad93fffff,9:00:00,8830e0ad9bfffff,49,71.47,25.79,Gwang_Myeong
8830e0ad93fffff,9:20:00,8830e0ad9bfffff,50,90.1,35.19,Gwang_Myeong
8830e0ad93fffff,9:40:00,8830e0ad9bfffff,61,95.34,28.64,Gwang_Myeong
8830e0ad93fffff,10:00:00,8830e0ad9bfffff,48,84.5,22.34,Gwang_Myeong
8830e0ad93fffff,10:20:00,8830e0ad9bfffff,52,64.62,19.71,Gwang_Myeong
8830e0ad93fffff,10:40:00,8830e0ad9bfffff,42,108.62,27.22,Gwang_Myeong
8830e0ad93fffff,11:00:00,8830e0ad9bfffff,23,90.43,22.0,Gwang_Myeong
8830e0ad93fffff,11:20:00,8830e0ad9bfffff,39,72.21,29.46,Gwang_Myeong
8830e0ad93fffff,11:40:00,8830e0ad9bfffff,36,69.0,25.44,Gwang_Myeong
8830e0ad93fffff,12:00:00,8830e0ad9bfffff,39,68.33,21.29,Gwang_Myeong
8830e0ad93fffff,12:20:00,8830e0ad9bfffff,42,79.14,25.46,Gwang_Myeong
8830e0ad93fffff,12:40:00,8830e0ad9bfffff,31,59.81,18.6,Gwang_Myeong
8830e0ad93fffff,13:00:00,8830e0ad9bfffff,33,61.36,25.35,Gwang_Myeong
8830e0ad93fffff,13:20:00,8830e0ad9bfffff,46,89.22,25.6,Gwang_Myeong
8830e0ad93fffff,13:40:00,8830e0ad9bfffff,58,83.47,25.41,Gwang_Myeong
8830e0ad93fffff,14:00:00,8830e0ad9bfffff,46,76.67,18.81,Gwang_Myeong
8830e0ad93fffff,14:20:00,8830e0ad9bfffff,44,78.09,32.42,Gwang_Myeong
8830e0ad93fffff,14:40:00,8830e0ad9bfffff,52,85.79,24.85,Gwang_Myeong
8830e0ad93fffff,15:00:00,8830e0ad9bfffff,65,70.52,27.94,Gwang_Myeong
8830e0ad93fffff,15:20:00,8830e0ad9bfffff,49,63.57,20.66,Gwang_Myeong
8830e0ad93fffff,15:40:00,8830e0ad9bfffff,54,100.91,21.73,Gwang_Myeong
8830e0ad93fffff,16:00:00,8830e0ad9bfffff,47,62.53,23.0,Gwang_Myeong
8830e0ad93fffff,16:20:00,8830e0ad9bfffff,40,70.53,24.07,Gwang_Myeong
8830e0ad93fffff,16:40:00,8830e0ad9bfffff,45,65.98,25.53,Gwang_Myeong
8830e0ad93fffff,17:00:00,8830e0ad9bfffff,42,77.0,25.21,Gwang_Myeong
8830e0ad93fffff,17:20:00,8830e0ad9bfffff,38,101.66,16.01,Gwang_Myeong
8830e0ad93fffff,17:40:00,8830e0ad9bfffff,27,106.0,18.42,Gwang_Myeong
8830e0ad93fffff,18:00:00,8830e0ad9bfffff,29,55.52,19.0,Gwang_Myeong
8830e0ad93fffff,18:20:00,8830e0ad9bfffff,39,53.44,16.03,Gwang_Myeong
8830e0ad93fffff,18:40:00,8830e0ad9bfffff,35,63.43,20.92,Gwang_Myeong
8830e0ad93fffff,19:00:00,8830e0ad9bfffff,40,67.53,21.33,Gwang_Myeong
8830e0ad93fffff,19:20:00,8830e0ad9bfffff,51,73.39,18.79,Gwang_Myeong
8830e0ad93fffff,19:40:00,8830e0ad9bfffff,29,64.1,19.08,Gwang_Myeong
8830e0ad93fffff,20:00:00,8830e0ad9bfffff,34,60.94,22.76,Gwang_Myeong
8830e0ad93fffff,20:20:00,8830e0ad9bfffff,41,90.32,24.49,Gwang_Myeong
8830e0ad93fffff,20:40:00,8830e0ad9bfffff,28,69.39,21.05,Gwang_Myeong
8830e0ad93fffff,21:00:00,8830e0ad9bfffff,24,55.79,20.11,Gwang_Myeong
8830e0ad93fffff,21:20:00,8830e0ad9bfffff,28,49.11,33.45,Gwang_Myeong
8830e0ad93fffff,21:40:00,8830e0ad9bfffff,24,50.71,16.18,Gwang_Myeong
8830e0ad93fffff,22:00:00,8830e0ad9bfffff,17,40.18,10.35,Gwang_Myeong
8830e0ad93fffff,22:20:00,8830e0ad9bfffff,27,57.22,22.57,Gwang_Myeong
8830e0ad93fffff,22:40:00,8830e0ad9bfffff,22,50.59,10.41,Gwang_Myeong
8830e0ad93fffff,23:00:00,8830e0ad9bfffff,19,47.16,10.44,Gwang_Myeong
8830e0ad93fffff,23:20:00,8830e0ad9bfffff,14,35.71,12.86,Gwang_Myeong
8830e0ad97fffff,0:00:00,8830e0ad9bfffff,27,59.33,10.38,Gwang_Myeong
8830e0ad97fffff,16:00:00,8830e0ad9bfffff,13,47.85,14.55,Gwang_Myeong
8830e0ad97fffff,18:40:00,8830e0ad9bfffff,10,86.2,14.34,Gwang_Myeong
8830e0ad97fffff,21:00:00,8830e0ad9bfffff,10,62.6,24.01,Gwang_Myeong
8830e0ad99fffff,0:00:00,8830e0ad9bfffff,10,43.4,18.94,Gwang_Myeong
8830e0ad99fffff,7:00:00,8830e035ddfffff,10,52.5,49.65,Beom_Gye
8830e0ad99fffff,7:20:00,8830e035ddfffff,15,58.67,49.93,Beom_Gye
8830e0ad99fffff,7:20:00,8830e0ad9bfffff,12,49.17,30.14,Gwang_Myeong
8830e0ad99fffff,7:40:00,8830e0ac83fffff,15,60.2,34.61,서울 구로구 구로동
8830e0ad99fffff,7:40:00,8830e0ad9bfffff,15,75.73,18.86,Gwang_Myeong
8830e0ad99fffff,8:00:00,8830e0ad9bfffff,12,70.75,20.63,Gwang_Myeong
8830e0ad99fffff,8:20:00,8830e0ad9bfffff,16,62.63,26.66,Gwang_Myeong
8830e0ad99fffff,9:00:00,8830e0ad9bfffff,13,86.0,24.15,Gwang_Myeong
8830e0ad99fffff,9:20:00,8830e0ad9bfffff,16,66.88,25.02,Gwang_Myeong
8830e0ad99fffff,9:40:00,8830e0ad9bfffff,11,59.73,24.51,Gwang_Myeong
8830e0ad99fffff,10:00:00,8830e0ad9bfffff,13,50.85,17.53,Gwang_Myeong
8830e0ad99fffff,11:20:00,8830e0ad9bfffff,11,59.36,28.84,Gwang_Myeong
8830e0ad99fffff,12:00:00,8830e0ad9bfffff,11,71.36,25.88,Gwang_Myeong
8830e0ad99fffff,12:20:00,8830e0ad9bfffff,10,65.1,19.64,Gwang_Myeong
8830e0ad99fffff,13:00:00,8830e0ad9bfffff,14,63.79,20.08,Gwang_Myeong
8830e0ad99fffff,13:20:00,8830e0ad9bfffff,13,82.85,27.22,Gwang_Myeong
8830e0ad99fffff,13:40:00,8830e0ad9bfffff,13,67.54,24.98,Gwang_Myeong
8830e0ad99fffff,14:40:00,8830e0ad9bfffff,21,59.52,22.2,Gwang_Myeong
8830e0ad99fffff,15:00:00,8830e0ad9bfffff,11,67.09,53.21,Gwang_Myeong
8830e0ad99fffff,15:40:00,8830e0ad9bfffff,11,52.18,20.55,Gwang_Myeong
8830e0ad99fffff,16:00:00,8830e0ad9bfffff,11,70.82,29.55,Gwang_Myeong
8830e0ad99fffff,17:00:00,8830e0ad9bfffff,11,66.91,21.46,Gwang_Myeong
8830e0ad99fffff,17:20:00,8830e0ad9bfffff,10,50.2,22.03,Gwang_Myeong
8830e0ad99fffff,17:40:00,8830e0ad9bfffff,11,51.27,16.53,Gwang_Myeong
8830e0ad99fffff,18:00:00,8830e0ad9bfffff,10,48.1,18.22,Gwang_Myeong
8830e0ad99fffff,19:00:00,8830e0ad9bfffff,10,47.4,21.01,Gwang_Myeong
8830e0ad9bfffff,0:00:00,8830e0ad9bfffff,234,59.52,13.47,Gwang_Myeong
8830e0ad9bfffff,0:20:00,8830e0ad9bfffff,13,83.69,117.7,Gwang_Myeong
8830e0ad9bfffff,0:40:00,8830e0ad9bfffff,23,51.26,13.42,Gwang_Myeong
8830e0ad9bfffff,1:00:00,8830e0ad9bfffff,19,49.79,16.05,Gwang_Myeong
8830e0ad9bfffff,1:20:00,8830e0ad9bfffff,19,50.26,13.08,Gwang_Myeong
8830e0ad9bfffff,1:40:00,8830e0ad9bfffff,19,57.79,22.97,Gwang_Myeong
8830e0ad9bfffff,2:00:00,8830e0ad9bfffff,24,57.83,14.52,Gwang_Myeong
8830e0ad9bfffff,2:20:00,8830e0ad9bfffff,25,113.48,15.02,Gwang_Myeong
8830e0ad9bfffff,3:00:00,8830e0ad9bfffff,19,65.0,17.62,Gwang_Myeong
8830e0ad9bfffff,3:40:00,8830e0ad9bfffff,16,82.88,27.54,Gwang_Myeong
8830e0ad9bfffff,4:00:00,8830e0ad9bfffff,24,82.63,33.68,Gwang_Myeong
8830e0ad9bfffff,4:20:00,8830e0ad9bfffff,18,62.22,37.39,Gwang_Myeong
8830e0ad9bfffff,4:40:00,8830e0ad9bfffff,23,109.3,24.91,Gwang_Myeong
8830e0ad9bfffff,5:00:00,8830e0ad9bfffff,28,135.25,34.4,Gwang_Myeong
8830e0ad9bfffff,5:20:00,8830e0ad9bfffff,17,133.12,24.97,Gwang_Myeong
8830e0ad9bfffff,5:40:00,8830e0ad9bfffff,21,291.52,39.16,Gwang_Myeong
8830e0ad9bfffff,6:00:00,8830e0ad9bfffff,30,148.33,35.57,Gwang_Myeong
8830e0ad9bfffff,6:20:00,8830e0ad9bfffff,44,114.57,27.68,Gwang_Myeong
8830e0ad9bfffff,6:40:00,8830e035ddfffff,10,45.3,42.35,Beom_Gye
8830e0ad9bfffff,6:40:00,8830e0ad9bfffff,42,103.14,36.5,Gwang_Myeong
8830e0ad9bfffff,7:00:00,8830e0ad9bfffff,82,107.44,34.78,Gwang_Myeong
8830e0ad9bfffff,7:20:00,8830e0ad9bfffff,73,107.29,34.32,Gwang_Myeong
8830e0ad9bfffff,7:40:00,8830e0ad9bfffff,92,79.64,28.24,Gwang_Myeong
8830e0ad9bfffff,8:00:00,8830e0ad9bfffff,99,107.99,26.21,Gwang_Myeong
8830e0ad9bfffff,8:20:00,8830e0ac83fffff,11,53.0,25.48,서울 구로구 구로동
8830e0ad9bfffff,8:20:00,8830e0ad9bfffff,125,73.9,31.24,Gwang_Myeong
8830e0ad9bfffff,8:40:00,8830e0ad9bfffff,118,95.5,34.81,Gwang_Myeong
8830e0ad9bfffff,9:00:00,8830e0ad9bfffff,168,86.42,26.52,Gwang_Myeong
8830e0ad9bfffff,9:20:00,8830e0ad9bfffff,157,109.48,34.36,Gwang_Myeong
8830e0ad9bfffff,9:40:00,8830e0ad9bfffff,171,91.64,28.6,Gwang_Myeong
8830e0ad9bfffff,10:00:00,8830e0ad9bfffff,153,96.15,26.82,Gwang_Myeong
8830e0ad9bfffff,10:20:00,8830e0ad9bfffff,164,90.27,31.99,Gwang_Myeong
8830e0ad9bfffff,10:40:00,8830e0ad9bfffff,150,76.67,26.71,Gwang_Myeong
8830e0ad9bfffff,11:00:00,8830e0ad9bfffff,148,86.43,25.55,Gwang_Myeong
8830e0ad9bfffff,11:20:00,8830e0ad9bfffff,160,75.73,28.4,Gwang_Myeong
8830e0ad9bfffff,11:40:00,8830e0ad9bfffff,135,73.05,26.76,Gwang_Myeong
8830e0ad9bfffff,12:00:00,8830e0ad9bfffff,150,77.85,25.83,Gwang_Myeong
8830e0ad9bfffff,12:20:00,8830e0ad9bfffff,124,78.53,27.29,Gwang_Myeong
8830e0ad9bfffff,12:40:00,8830e0ad9bfffff,141,75.65,25.15,Gwang_Myeong
8830e0ad9bfffff,13:00:00,8830e0ad9bfffff,157,81.52,29.16,Gwang_Myeong
8830e0ad9bfffff,13:20:00,8830e0ad9bfffff,158,80.2,25.04,Gwang_Myeong
8830e0ad9bfffff,13:40:00,8830e0ad9bfffff,147,78.49,28.0,Gwang_Myeong
8830e0ad9bfffff,14:00:00,8830e0ad9bfffff,173,82.66,29.21,Gwang_Myeong
8830e0ad9bfffff,14:20:00,8830e0ad9bfffff,155,80.81,26.09,Gwang_Myeong
8830e0ad9bfffff,14:40:00,8830e0ad9bfffff,163,74.08,25.79,Gwang_Myeong
8830e0ad9bfffff,15:00:00,8830e0ad9bfffff,171,90.01,28.32,Gwang_Myeong
8830e0ad9bfffff,15:20:00,8830e0ad9bfffff,158,72.56,26.96,Gwang_Myeong
8830e0ad9bfffff,15:40:00,8830e0ad9bfffff,158,64.2,22.44,Gwang_Myeong
8830e0ad9bfffff,16:00:00,8830e0ad9bfffff,131,68.02,25.26,Gwang_Myeong
8830e0ad9bfffff,16:20:00,8830e0ad9bfffff,140,72.17,23.0,Gwang_Myeong
8830e0ad9bfffff,16:40:00,8830e0ad9bfffff,160,69.91,23.46,Gwang_Myeong
8830e0ad9bfffff,17:00:00,8830e0ad9bfffff,141,62.2,22.36,Gwang_Myeong
8830e0ad9bfffff,17:20:00,8830e0ad9bfffff,111,56.65,21.16,Gwang_Myeong
8830e0ad9bfffff,17:40:00,8830e0ad9bfffff,113,61.42,21.68,Gwang_Myeong
8830e0ad9bfffff,18:00:00,8830e0ad9bfffff,103,67.17,22.66,Gwang_Myeong
8830e0ad9bfffff,18:20:00,8830e0ad9bfffff,102,55.69,17.64,Gwang_Myeong
8830e0ad9bfffff,18:40:00,8830e0ad9bfffff,99,80.03,22.14,Gwang_Myeong
8830e0ad9bfffff,19:00:00,8830e0ad9bfffff,105,72.78,25.59,Gwang_Myeong
8830e0ad9bfffff,19:20:00,8830e0ad9bfffff,110,69.46,22.94,Gwang_Myeong
8830e0ad9bfffff,19:40:00,8830e0ad9bfffff,110,57.88,21.03,Gwang_Myeong
8830e0ad9bfffff,20:00:00,8830e0ad9bfffff,68,67.38,20.21,Gwang_Myeong
8830e0ad9bfffff,20:20:00,8830e0ad9bfffff,103,62.12,19.24,Gwang_Myeong
8830e0ad9bfffff,20:40:00,8830e0ad9bfffff,92,62.14,24.02,Gwang_Myeong
8830e0ad9bfffff,21:00:00,8830e0ad9bfffff,104,60.28,22.75,Gwang_Myeong
8830e0ad9bfffff,21:20:00,8830e0ad9bfffff,81,70.05,21.22,Gwang_Myeong
8830e0ad9bfffff,21:40:00,8830e0ad9bfffff,89,54.89,30.08,Gwang_Myeong
8830e0ad9bfffff,22:00:00,8830e0ad9bfffff,78,51.32,19.4,Gwang_Myeong
8830e0ad9bfffff,22:20:00,8830e0ad9bfffff,66,54.73,19.46,Gwang_Myeong
8830e0ad9bfffff,22:40:00,8830e0ad9bfffff,40,53.65,16.76,Gwang_Myeong
8830e0ad9bfffff,23:00:00,8830e0ad9bfffff,38,48.87,16.23,Gwang_Myeong
8830e0ad9bfffff,23:20:00,8830e0ad9bfffff,42,35.81,11.84,Gwang_Myeong
8830e0ada5fffff,18:40:00,8830e0a1b1fffff,11,49.73,69.65,경기 부천시 오정동
8830e0ada9fffff,18:00:00,8830e1db25fffff,11,47.55,33.98,서울 양천구 목동
8830e0adc1fffff,7:20:00,8830e0ac83fffff,11,43.09,41.26,서울 구로구 구로동
8830e0adc1fffff,10:40:00,8830e0af0bfffff,11,131.91,36.71,경기 부천시 중동
8830e0adc1fffff,13:20:00,8830e0af0bfffff,11,48.45,37.06,경기 부천시 중동
8830e0adc1fffff,14:20:00,8830e0af0bfffff,12,64.42,42.59,경기 부천시 중동
8830e0adc1fffff,15:00:00,8830e0af0bfffff,11,64.55,39.58,경기 부천시 중동
8830e0adc1fffff,17:00:00,8830e0af0bfffff,16,51.69,38.4,경기 부천시 중동
8830e0adc1fffff,17:20:00,8830e0af0bfffff,13,62.92,33.75,경기 부천시 중동
8830e0adc5fffff,8:00:00,8830e0ac83fffff,10,54.3,36.02,서울 구로구 구로동
8830e0adc5fffff,10:40:00,8830e0af0bfffff,12,55.25,44.33,경기 부천시 중동
8830e0adc9fffff,17:00:00,8830e0a1b1fffff,11,302.82,33.28,경기 부천시 오정동
8830e0adcdfffff,7:20:00,8830e0ac83fffff,10,46.8,49.62,서울 구로구 구로동
8830e0add3fffff,9:20:00,8830e035ddfffff,10,50.6,33.38,Beom_Gye
8830e0add3fffff,11:40:00,8830e0ad9bfffff,19,62.05,20.51,Gwang_Myeong
8830e0add3fffff,15:20:00,8830e0ad9bfffff,10,65.6,12.82,Gwang_Myeong
8830e0add3fffff,16:20:00,8830e0ad9bfffff,11,53.36,34.64,Gwang_Myeong
8830e0add3fffff,17:20:00,8830e0ad9bfffff,11,44.09,26.99,Gwang_Myeong
8830e0add3fffff,18:00:00,8830e0ad9bfffff,18,52.33,24.35,Gwang_Myeong
8830e0add3fffff,18:20:00,8830e0ad9bfffff,16,54.75,22.64,Gwang_Myeong
8830e0add3fffff,19:20:00,8830e0ad9bfffff,10,149.3,26.95,Gwang_Myeong
8830e0add7fffff,7:20:00,8830e0ac83fffff,13,41.92,55.98,서울 구로구 구로동
8830e0add7fffff,8:00:00,8830e0ac83fffff,13,49.69,38.8,서울 구로구 구로동
8830e0add7fffff,8:00:00,8830e0ad9bfffff,11,55.36,62.96,Gwang_Myeong
8830e0add7fffff,15:00:00,8830e0ad9bfffff,10,104.0,35.94,Gwang_Myeong
8830e0add7fffff,17:20:00,8830e0ad9bfffff,17,55.24,28.36,Gwang_Myeong
8830e0add7fffff,18:00:00,8830e0ad9bfffff,12,89.33,26.63,Gwang_Myeong
8830e0add7fffff,18:40:00,8830e0ad9bfffff,11,36.64,44.29,Gwang_Myeong
8830e0add9fffff,6:40:00,8830e1db25fffff,11,68.27,26.32,서울 양천구 목동
8830e0ae13fffff,11:00:00,8830e0a1b1fffff,10,41.3,34.13,경기 부천시 오정동
8830e0ae17fffff,9:40:00,8830e0aee9fffff,10,78.2,75.92,Gimpo_Airport
8830e0ae21fffff,17:00:00,8830e0a1b1fffff,14,54.64,27.08,경기 부천시 오정동
8830e0ae21fffff,17:00:00,8830e0af0bfffff,14,60.64,24.25,경기 부천시 중동
8830e0ae21fffff,17:20:00,8830e0af0bfffff,10,58.8,25.25,경기 부천시 중동
8830e0ae21fffff,17:40:00,8830e0af0bfffff,15,49.6,21.99,경기 부천시 중동
8830e0ae21fffff,18:00:00,8830e0a1b1fffff,18,94.83,21.88,경기 부천시 오정동
8830e0ae21fffff,18:00:00,8830e0af0bfffff,16,63.88,23.3,경기 부천시 중동
8830e0ae23fffff,10:20:00,8830e0af0bfffff,12,56.58,28.76,경기 부천시 중동
8830e0ae23fffff,13:00:00,8830e0af0bfffff,10,91.5,28.28,경기 부천시 중동
8830e0ae23fffff,14:20:00,8830e0af0bfffff,11,51.55,25.92,경기 부천시 중동
8830e0ae23fffff,15:20:00,8830e0af0bfffff,10,79.4,28.75,경기 부천시 중동
8830e0ae23fffff,17:00:00,8830e0a1b1fffff,11,46.09,30.51,경기 부천시 오정동
8830e0ae23fffff,17:00:00,8830e0af0bfffff,11,71.36,26.5,경기 부천시 중동
8830e0ae23fffff,17:20:00,8830e0a1b1fffff,13,55.08,30.0,경기 부천시 오정동
8830e0ae23fffff,17:20:00,8830e0af0bfffff,14,62.93,45.7,경기 부천시 중동
8830e0ae23fffff,17:40:00,8830e0af0bfffff,17,66.53,30.01,경기 부천시 중동
8830e0ae23fffff,18:00:00,8830e0a1b1fffff,14,68.0,30.23,경기 부천시 오정동
8830e0ae23fffff,18:00:00,8830e0af0bfffff,28,50.46,24.07,경기 부천시 중동
8830e0ae23fffff,18:00:00,8830e0af6dfffff,11,130.73,32.85,인천 계양구 계산동
8830e0ae23fffff,18:20:00,8830e0af0bfffff,10,60.7,25.95,경기 부천시 중동
8830e0ae25fffff,8:20:00,8830e0af0bfffff,13,75.77,25.91,경기 부천시 중동
8830e0ae25fffff,9:00:00,8830e0af0bfffff,16,85.5,26.74,경기 부천시 중동
8830e0ae25fffff,9:40:00,8830e0af0bfffff,11,49.09,23.43,경기 부천시 중동
8830e0ae25fffff,10:00:00,8830e0af0bfffff,12,109.25,21.54,경기 부천시 중동
8830e0ae25fffff,11:00:00,8830e0af0bfffff,15,60.0,20.51,경기 부천시 중동
8830e0ae25fffff,11:20:00,8830e0af0bfffff,19,60.16,43.81,경기 부천시 중동
8830e0ae25fffff,11:40:00,8830e0af0bfffff,15,58.2,19.97,경기 부천시 중동
8830e0ae25fffff,12:00:00,8830e0af0bfffff,14,95.21,23.84,경기 부천시 중동
8830e0ae25fffff,12:20:00,8830e0af0bfffff,16,63.5,28.77,경기 부천시 중동
8830e0ae25fffff,12:40:00,8830e0af0bfffff,14,75.71,32.15,경기 부천시 중동
8830e0ae25fffff,13:00:00,8830e0af0bfffff,10,47.1,16.56,경기 부천시 중동
8830e0ae25fffff,13:20:00,8830e0af0bfffff,16,62.38,26.18,경기 부천시 중동
8830e0ae25fffff,13:40:00,8830e0af0bfffff,13,63.62,29.54,경기 부천시 중동
8830e0ae25fffff,14:00:00,8830e0af0bfffff,16,53.06,26.41,경기 부천시 중동
8830e0ae25fffff,14:20:00,8830e0af0bfffff,13,73.15,19.45,경기 부천시 중동
8830e0ae25fffff,14:40:00,8830e0af0bfffff,16,50.13,19.81,경기 부천시 중동
8830e0ae25fffff,15:00:00,8830e0af0bfffff,20,114.5,20.8,경기 부천시 중동
8830e0ae25fffff,15:20:00,8830e0af0bfffff,11,57.91,23.8,경기 부천시 중동
8830e0ae25fffff,15:40:00,8830e0af0bfffff,11,75.73,27.79,경기 부천시 중동
8830e0ae25fffff,16:00:00,8830e0af0bfffff,12,80.0,33.6,경기 부천시 중동
8830e0ae25fffff,16:20:00,8830e0af0bfffff,18,63.39,26.42,경기 부천시 중동
8830e0ae25fffff,16:40:00,8830e0af0bfffff,15,49.67,25.16,경기 부천시 중동
8830e0ae25fffff,17:00:00,8830e0af0bfffff,15,54.93,19.06,경기 부천시 중동
8830e0ae25fffff,17:20:00,8830e0af0bfffff,34,97.97,21.15,경기 부천시 중동
8830e0ae25fffff,17:40:00,8830e0a1b1fffff,13,73.62,22.95,경기 부천시 오정동
8830e0ae25fffff,17:40:00,8830e0af0bfffff,22,57.82,24.71,경기 부천시 중동
8830e0ae25fffff,18:00:00,8830e0a1b1fffff,14,63.86,25.87,경기 부천시 오정동
8830e0ae25fffff,18:00:00,8830e0af0bfffff,31,58.55,20.79,경기 부천시 중동
8830e0ae25fffff,18:20:00,8830e0af0bfffff,21,48.43,23.24,경기 부천시 중동
8830e0ae25fffff,19:00:00,8830e0af0bfffff,11,57.73,26.97,경기 부천시 중동
8830e0ae25fffff,19:40:00,8830e0af0bfffff,13,43.46,20.42,경기 부천시 중동
8830e0ae27fffff,16:20:00,8830e0af0bfffff,10,49.8,27.91,경기 부천시 중동
8830e0ae27fffff,16:40:00,8830e0af0bfffff,10,48.8,28.83,경기 부천시 중동
8830e0ae27fffff,17:00:00,8830e0a1b1fffff,10,137.0,22.87,경기 부천시 오정동
8830e0ae27fffff,17:00:00,8830e0af0bfffff,19,58.32,20.99,경기 부천시 중동
8830e0ae27fffff,17:20:00,8830e0a1b1fffff,11,48.18,35.77,경기 부천시 오정동
8830e0ae27fffff,17:20:00,8830e0af0bfffff,17,62.18,21.84,경기 부천시 중동
8830e0ae27fffff,17:40:00,8830e0a1b1fffff,13,82.69,27.16,경기 부천시 오정동
8830e0ae27fffff,17:40:00,8830e0af0bfffff,29,51.62,21.52,경기 부천시 중동
8830e0ae27fffff,18:00:00,8830e0af0bfffff,27,55.81,21.56,경기 부천시 중동
8830e0ae27fffff,18:20:00,8830e0a1b1fffff,11,41.45,26.06,경기 부천시 오정동
8830e0ae27fffff,18:20:00,8830e0af0bfffff,22,47.18,20.17,경기 부천시 중동
8830e0ae2dfffff,17:00:00,8830e0af0bfffff,15,71.8,26.57,경기 부천시 중동
8830e0ae2dfffff,17:20:00,8830e0a1b1fffff,10,46.5,28.05,경기 부천시 오정동
8830e0ae2dfffff,17:20:00,8830e0af0bfffff,17,64.94,26.12,경기 부천시 중동
8830e0ae2dfffff,17:20:00,8830e0af6dfffff,13,180.62,17.09,인천 계양구 계산동
8830e0ae2dfffff,17:40:00,8830e0af0bfffff,19,96.79,26.39,경기 부천시 중동
8830e0ae2dfffff,18:00:00,8830e0a1b1fffff,17,69.76,28.61,경기 부천시 오정동
8830e0ae2dfffff,18:00:00,8830e0af0bfffff,24,150.83,22.06,경기 부천시 중동
8830e0ae2dfffff,18:20:00,8830e0af0bfffff,11,37.64,26.11,경기 부천시 중동
8830e0ae2dfffff,18:40:00,8830e0af0bfffff,10,139.4,19.5,경기 부천시 중동
8830e0ae31fffff,18:00:00,8830e0af0bfffff,15,49.53,24.17,경기 부천시 중동
8830e0ae35fffff,17:20:00,8830e0af0bfffff,10,87.0,27.14,경기 부천시 중동
8830e0ae37fffff,8:20:00,8830e0ae99fffff,11,59.73,37.31,서울 강서구 등촌동
8830e0ae37fffff,9:00:00,8830e0af0bfffff,11,39.64,32.17,경기 부천시 중동
8830e0ae37fffff,13:00:00,8830e0af0bfffff,11,62.73,22.2,경기 부천시 중동
8830e0ae37fffff,13:20:00,8830e0af0bfffff,10,75.6,26.09,경기 부천시 중동
8830e0ae37fffff,17:00:00,8830e0af0bfffff,10,51.2,24.23,경기 부천시 중동
8830e0ae37fffff,17:40:00,8830e0af0bfffff,12,47.92,27.41,경기 부천시 중동
8830e0ae37fffff,18:00:00,8830e0af0bfffff,22,84.5,22.33,경기 부천시 중동
8830e0ae3dfffff,8:40:00,8830e0af0bfffff,11,70.0,21.36,경기 부천시 중동
8830e0ae3dfffff,10:00:00,8830e0af0bfffff,10,79.2,26.19,경기 부천시 중동
8830e0ae3dfffff,11:20:00,8830e0af0bfffff,10,54.8,32.26,경기 부천시 중동
8830e0ae3dfffff,13:00:00,8830e0af0bfffff,11,63.64,23.99,경기 부천시 중동
8830e0ae3dfffff,13:20:00,8830e0af0bfffff,14,66.14,25.79,경기 부천시 중동
8830e0ae3dfffff,13:40:00,8830e0af0bfffff,10,56.9,27.74,경기 부천시 중동
8830e0ae3dfffff,18:00:00,8830e0af0bfffff,12,62.17,25.83,경기 부천시 중동
8830e0ae41fffff,13:00:00,8830e0a1b1fffff,10,52.8,21.56,경기 부천시 오정동
8830e0ae47fffff,0:00:00,8830e0af0bfffff,12,139.58,133.38,경기 부천시 중동
8830e0ae49fffff,7:40:00,8830e0a1b1fffff,14,50.14,24.2,경기 부천시 오정동
8830e0ae49fffff,8:00:00,8830e0a1b1fffff,10,61.4,43.25,경기 부천시 오정동
8830e0ae49fffff,13:00:00,8830e0a1b1fffff,10,74.9,27.47,경기 부천시 오정동
8830e0ae49fffff,15:20:00,8830e0a1b1fffff,12,58.0,20.07,경기 부천시 오정동
8830e0ae49fffff,17:20:00,8830e0a1b1fffff,10,60.5,22.83,경기 부천시 오정동
8830e0ae49fffff,18:00:00,8830e0af0bfffff,10,65.3,32.37,경기 부천시 중동
8830e0ae61fffff,0:00:00,8830e0a1b1fffff,10,53.9,21.27,경기 부천시 오정동
8830e0ae61fffff,13:20:00,8830e0a1b1fffff,11,96.64,30.43,경기 부천시 오정동
8830e0ae61fffff,14:20:00,8830e0a1b1fffff,10,51.3,20.26,경기 부천시 오정동
8830e0ae61fffff,14:40:00,8830e0a1b1fffff,11,66.55,25.68,경기 부천시 오정동
8830e0ae61fffff,15:40:00,8830e0a1b1fffff,12,109.17,39.16,경기 부천시 오정동
8830e0ae61fffff,16:00:00,8830e0a1b1fffff,13,72.08,20.22,경기 부천시 오정동
8830e0ae61fffff,16:20:00,8830e0a1b1fffff,11,100.45,28.66,경기 부천시 오정동
8830e0ae61fffff,16:40:00,8830e0a1b1fffff,13,53.92,22.07,경기 부천시 오정동
8830e0ae61fffff,17:00:00,8830e0a1b1fffff,23,68.35,29.9,경기 부천시 오정동
8830e0ae61fffff,17:20:00,8830e0a1b1fffff,26,52.65,19.89,경기 부천시 오정동
8830e0ae61fffff,17:40:00,8830e0a1b1fffff,19,59.58,30.03,경기 부천시 오정동
8830e0ae61fffff,17:40:00,8830e0af0bfffff,11,67.91,28.89,경기 부천시 중동
8830e0ae61fffff,18:00:00,8830e0a1b1fffff,46,47.78,26.41,경기 부천시 오정동
8830e0ae61fffff,18:00:00,8830e0af6dfffff,10,76.4,25.09,인천 계양구 계산동
8830e0ae61fffff,18:40:00,8830e0a1b1fffff,13,80.0,30.5,경기 부천시 오정동
8830e0ae63fffff,0:00:00,8830e0af0bfffff,11,98.0,53.53,경기 부천시 중동
8830e0ae65fffff,9:40:00,8830e0a1b1fffff,10,65.4,26.86,경기 부천시 오정동
8830e0ae65fffff,12:20:00,8830e0a1b1fffff,12,93.75,33.97,경기 부천시 오정동
8830e0ae65fffff,15:40:00,8830e0a1b1fffff,19,94.16,37.82,경기 부천시 오정동
8830e0ae65fffff,16:20:00,8830e0a1b1fffff,14,72.5,22.89,경기 부천시 오정동
8830e0ae65fffff,17:00:00,8830e0a1b1fffff,11,172.0,18.89,경기 부천시 오정동
8830e0ae65fffff,17:20:00,8830e0a1b1fffff,13,65.38,50.37,경기 부천시 오정동
8830e0ae65fffff,17:40:00,8830e0a1b1fffff,18,56.78,24.14,경기 부천시 오정동
8830e0ae65fffff,18:00:00,8830e0a1b1fffff,22,62.95,27.91,경기 부천시 오정동
8830e0ae65fffff,20:20:00,8830e0a1b1fffff,11,73.64,16.86,경기 부천시 오정동
8830e0ae67fffff,18:00:00,8830e0a1b1fffff,14,60.43,35.61,경기 부천시 오정동
8830e0ae67fffff,19:40:00,8830e0a1b1fffff,13,114.77,37.36,경기 부천시 오정동
8830e0ae67fffff,20:00:00,8830e0a1b1fffff,12,105.67,60.66,경기 부천시 오정동
8830e0ae6dfffff,0:00:00,8830e0a1b1fffff,15,48.87,27.14,경기 부천시 오정동
8830e0ae6dfffff,8:00:00,8830e0a1b1fffff,10,74.2,20.11,경기 부천시 오정동
8830e0ae6dfffff,8:20:00,8830e0a1b1fffff,10,86.6,19.61,경기 부천시 오정동
8830e0ae6dfffff,9:20:00,8830e0a1b1fffff,10,68.9,26.01,경기 부천시 오정동
8830e0ae6dfffff,9:40:00,8830e0a1b1fffff,10,59.6,21.35,경기 부천시 오정동
8830e0ae6dfffff,10:00:00,8830e0a1b1fffff,12,68.17,23.84,경기 부천시 오정동
8830e0ae6dfffff,10:20:00,8830e0a1b1fffff,13,78.0,25.81,경기 부천시 오정동
8830e0ae6dfffff,10:40:00,8830e0a1b1fffff,10,71.2,25.14,경기 부천시 오정동
8830e0ae6dfffff,12:20:00,8830e0a1b1fffff,12,52.92,18.96,경기 부천시 오정동
8830e0ae6dfffff,13:00:00,8830e0a1b1fffff,14,81.64,21.22,경기 부천시 오정동
8830e0ae6dfffff,13:20:00,8830e0a1b1fffff,17,64.71,20.89,경기 부천시 오정동
8830e0ae6dfffff,13:40:00,8830e0a1b1fffff,16,57.69,35.15,경기 부천시 오정동
8830e0ae6dfffff,14:00:00,8830e0a1b1fffff,13,57.31,19.05,경기 부천시 오정동
8830e0ae6dfffff,14:20:00,8830e0a1b1fffff,10,50.0,34.61,경기 부천시 오정동
8830e0ae6dfffff,14:40:00,8830e0a1b1fffff,14,64.0,19.61,경기 부천시 오정동
8830e0ae6dfffff,15:00:00,8830e0a1b1fffff,18,61.89,24.47,경기 부천시 오정동
8830e0ae6dfffff,15:20:00,8830e0a1b1fffff,12,57.17,20.28,경기 부천시 오정동
8830e0ae6dfffff,16:00:00,8830e0a1b1fffff,20,148.5,19.38,경기 부천시 오정동
8830e0ae6dfffff,16:20:00,8830e0a1b1fffff,15,60.13,30.38,경기 부천시 오정동
8830e0ae6dfffff,16:40:00,8830e0a1b1fffff,11,54.18,29.98,경기 부천시 오정동
8830e0ae6dfffff,17:00:00,8830e0a1b1fffff,10,58.4,22.01,경기 부천시 오정동
8830e0ae6dfffff,17:20:00,8830e0a1b1fffff,12,46.0,21.31,경기 부천시 오정동
8830e0ae6dfffff,18:00:00,8830e0a1b1fffff,11,80.36,24.63,경기 부천시 오정동
8830e0ae6dfffff,18:40:00,8830e0a1b1fffff,10,88.0,22.01,경기 부천시 오정동
8830e0ae6dfffff,20:00:00,8830e0a1b1fffff,10,50.3,25.39,경기 부천시 오정동
8830e0ae6dfffff,21:40:00,8830e0a1b1fffff,10,50.2,27.06,경기 부천시 오정동
8830e0ae81fffff,8:00:00,8830e0ac83fffff,10,43.8,27.72,서울 구로구 구로동
8830e0ae81fffff,8:00:00,8830e0ae99fffff,11,403.36,22.24,서울 강서구 등촌동
8830e0ae81fffff,15:00:00,8830e0ae99fffff,10,59.3,18.23,서울 강서구 등촌동
8830e0ae83fffff,0:00:00,8830e0ae99fffff,12,82.42,15.17,서울 강서구 등촌동
8830e0ae83fffff,7:00:00,8830e0ae99fffff,21,89.67,20.83,서울 강서구 등촌동
8830e0ae83fffff,7:20:00,8830e0ae99fffff,11,61.36,17.3,서울 강서구 등촌동
8830e0ae83fffff,7:40:00,8830e0ac83fffff,10,44.7,24.53,서울 구로구 구로동
8830e0ae83fffff,7:40:00,8830e0ae99fffff,14,47.0,16.88,서울 강서구 등촌동
8830e0ae83fffff,8:00:00,8830e0ac83fffff,18,37.78,30.22,서울 구로구 구로동
8830e0ae83fffff,8:00:00,8830e0ae99fffff,31,68.13,22.24,서울 강서구 등촌동
8830e0ae83fffff,8:20:00,8830e0ae99fffff,17,59.06,17.74,서울 강서구 등촌동
8830e0ae83fffff,8:40:00,8830e0ac83fffff,10,43.9,36.74,서울 구로구 구로동
8830e0ae83fffff,8:40:00,8830e0ae99fffff,20,54.1,16.37,서울 강서구 등촌동
8830e0ae83fffff,9:00:00,8830e0ae99fffff,25,91.6,22.13,서울 강서구 등촌동
8830e0ae83fffff,9:20:00,8830e0ae99fffff,19,49.58,23.71,서울 강서구 등촌동
8830e0ae83fffff,9:40:00,8830e0ae99fffff,23,105.65,22.86,서울 강서구 등촌동
8830e0ae83fffff,10:00:00,8830e0ae99fffff,25,76.68,23.5,서울 강서구 등촌동
8830e0ae83fffff,10:20:00,8830e0ae99fffff,18,124.61,24.75,서울 강서구 등촌동
8830e0ae83fffff,10:40:00,8830e0ae99fffff,20,46.6,17.55,서울 강서구 등촌동
8830e0ae83fffff,11:00:00,8830e0ae99fffff,20,66.15,18.92,서울 강서구 등촌동
8830e0ae83fffff,11:20:00,8830e0ae99fffff,31,59.29,22.89,서울 강서구 등촌동
8830e0ae83fffff,11:40:00,8830e0ae99fffff,20,65.2,23.67,서울 강서구 등촌동
8830e0ae83fffff,12:00:00,8830e0ae99fffff,26,54.96,20.33,서울 강서구 등촌동
8830e0ae83fffff,12:20:00,8830e0ae99fffff,24,66.46,18.23,서울 강서구 등촌동
8830e0ae83fffff,12:40:00,8830e0ae99fffff,24,64.04,22.96,서울 강서구 등촌동
8830e0ae83fffff,13:00:00,8830e0ae99fffff,21,56.38,44.13,서울 강서구 등촌동
8830e0ae83fffff,13:20:00,8830e0ae99fffff,30,68.73,24.05,서울 강서구 등촌동
8830e0ae83fffff,13:40:00,8830e0ae99fffff,25,68.6,24.79,서울 강서구 등촌동
8830e0ae83fffff,14:00:00,8830e0ae99fffff,34,67.68,17.38,서울 강서구 등촌동
8830e0ae83fffff,14:20:00,8830e0ae99fffff,25,84.2,19.58,서울 강서구 등촌동
8830e0ae83fffff,14:40:00,8830e0ae99fffff,18,54.44,26.45,서울 강서구 등촌동
8830e0ae83fffff,15:00:00,8830e0ae99fffff,30,47.23,18.94,서울 강서구 등촌동
8830e0ae83fffff,15:20:00,8830e0ae99fffff,41,63.34,19.48,서울 강서구 등촌동
8830e0ae83fffff,15:40:00,8830e0ae99fffff,33,62.12,23.41,서울 강서구 등촌동
8830e0ae83fffff,16:00:00,8830e0ae99fffff,22,70.27,16.38,서울 강서구 등촌동
8830e0ae83fffff,16:20:00,8830e0ae99fffff,37,65.19,22.04,서울 강서구 등촌동
8830e0ae83fffff,16:40:00,8830e0ae99fffff,30,58.93,21.07,서울 강서구 등촌동
8830e0ae83fffff,17:00:00,8830e0ae99fffff,40,84.5,17.96,서울 강서구 등촌동
8830e0ae83fffff,17:20:00,8830e0ae99fffff,16,96.63,22.79,서울 강서구 등촌동
8830e0ae83fffff,17:40:00,8830e0ae99fffff,26,51.42,24.76,서울 강서구 등촌동
8830e0ae83fffff,18:00:00,8830e0ae99fffff,33,53.3,23.22,서울 강서구 등촌동
8830e0ae83fffff,18:20:00,8830e0ae99fffff,22,59.77,19.86,서울 강서구 등촌동
8830e0ae83fffff,18:40:00,8830e0ae99fffff,12,179.58,17.07,서울 강서구 등촌동
8830e0ae83fffff,19:00:00,8830e0ae99fffff,15,50.07,18.89,서울 강서구 등촌동
8830e0ae83fffff,19:40:00,8830e0ae99fffff,13,70.23,23.57,서울 강서구 등촌동
8830e0ae83fffff,20:00:00,8830e0ae99fffff,12,47.33,23.64,서울 강서구 등촌동
8830e0ae83fffff,20:20:00,8830e0ae99fffff,13,61.38,16.52,서울 강서구 등촌동
8830e0ae83fffff,20:40:00,8830e0ae99fffff,10,54.1,18.26,서울 강서구 등촌동
8830e0ae83fffff,21:00:00,8830e0ae99fffff,12,48.33,20.46,서울 강서구 등촌동
8830e0ae83fffff,21:20:00,8830e0ae99fffff,10,66.1,16.32,서울 강서구 등촌동
8830e0ae83fffff,22:00:00,8830e0ae99fffff,12,103.25,19.48,서울 강서구 등촌동
8830e0ae87fffff,7:20:00,8830e0ae99fffff,16,42.13,34.56,서울 강서구 등촌동
8830e0ae87fffff,7:40:00,8830e0ac83fffff,10,53.5,35.08,서울 구로구 구로동
8830e0ae87fffff,7:40:00,8830e0ae99fffff,15,70.87,30.43,서울 강서구 등촌동
8830e0ae87fffff,8:00:00,8830e0ac83fffff,16,38.63,24.97,서울 구로구 구로동
8830e0ae87fffff,8:00:00,8830e0ae99fffff,24,40.88,24.15,서울 강서구 등촌동
8830e0ae87fffff,8:00:00,8830e0af0bfffff,13,57.54,31.39,경기 부천시 중동
8830e0ae87fffff,8:20:00,8830e0ac9dfffff,15,302.87,41.0,서울 양천구 신정동
8830e0ae87fffff,8:20:00,8830e0ae99fffff,10,39.3,21.93,서울 강서구 등촌동
8830e0ae87fffff,9:00:00,8830e0ae99fffff,16,74.31,26.24,서울 강서구 등촌동
8830e0ae87fffff,9:20:00,8830e0ae99fffff,11,46.36,18.39,서울 강서구 등촌동
8830e0ae87fffff,10:20:00,8830e0ae99fffff,14,82.79,19.41,서울 강서구 등촌동
8830e0ae87fffff,11:00:00,8830e0ae99fffff,11,48.36,24.67,서울 강서구 등촌동
8830e0ae87fffff,11:20:00,8830e0ae99fffff,13,67.15,20.11,서울 강서구 등촌동
8830e0ae87fffff,11:40:00,8830e0ae99fffff,12,68.92,33.22,서울 강서구 등촌동
8830e0ae87fffff,12:00:00,8830e0ae99fffff,12,74.33,34.81,서울 강서구 등촌동
8830e0ae87fffff,12:20:00,8830e0ae99fffff,13,44.54,21.64,서울 강서구 등촌동
8830e0ae87fffff,12:40:00,8830e0ae99fffff,10,47.4,20.03,서울 강서구 등촌동
8830e0ae87fffff,13:00:00,8830e0ae99fffff,17,53.53,16.82,서울 강서구 등촌동
8830e0ae87fffff,13:20:00,8830e0ae99fffff,16,64.81,20.07,서울 강서구 등촌동
8830e0ae87fffff,13:40:00,8830e0ae99fffff,12,100.5,25.92,서울 강서구 등촌동
8830e0ae87fffff,14:00:00,8830e0ae99fffff,11,81.82,22.03,서울 강서구 등촌동
8830e0ae87fffff,14:20:00,8830e0ae99fffff,14,64.57,25.59,서울 강서구 등촌동
8830e0ae87fffff,14:40:00,8830e0ae99fffff,11,93.45,18.32,서울 강서구 등촌동
8830e0ae87fffff,15:00:00,8830e0ae99fffff,12,67.67,16.84,서울 강서구 등촌동
8830e0ae87fffff,16:20:00,8830e0ae99fffff,14,47.21,29.06,서울 강서구 등촌동
8830e0ae87fffff,17:40:00,8830e0ae99fffff,11,51.09,21.96,서울 강서구 등촌동
8830e0ae87fffff,18:40:00,8830e0ae99fffff,12,54.83,19.03,서울 강서구 등촌동
8830e0ae89fffff,0:00:00,8830e0ae99fffff,11,45.18,23.97,서울 강서구 등촌동
8830e0ae89fffff,7:40:00,8830e0ac83fffff,13,45.0,37.31,서울 구로구 구로동
8830e0ae89fffff,7:40:00,8830e0ae99fffff,15,55.33,20.47,서울 강서구 등촌동
8830e0ae89fffff,8:00:00,8830e0ae99fffff,14,51.29,26.79,서울 강서구 등촌동
8830e0ae89fffff,8:20:00,8830e0ae99fffff,14,54.57,35.79,서울 강서구 등촌동
8830e0ae89fffff,8:40:00,8830e0ae99fffff,17,117.41,30.87,서울 강서구 등촌동
8830e0ae89fffff,9:00:00,8830e0ae99fffff,16,84.06,30.06,서울 강서구 등촌동
8830e0ae89fffff,9:40:00,8830e0ae99fffff,15,56.6,27.37,서울 강서구 등촌동
8830e0ae89fffff,10:00:00,8830e0ae99fffff,12,73.42,28.04,서울 강서구 등촌동
8830e0ae89fffff,10:20:00,8830e0ae99fffff,16,65.5,20.95,서울 강서구 등촌동
8830e0ae89fffff,10:40:00,8830e0ae99fffff,11,79.0,43.8,서울 강서구 등촌동
8830e0ae89fffff,11:20:00,8830e0ae99fffff,10,61.9,22.66,서울 강서구 등촌동
8830e0ae89fffff,12:00:00,8830e0ae99fffff,13,42.31,29.11,서울 강서구 등촌동
8830e0ae89fffff,12:20:00,8830e0ae99fffff,19,104.58,22.95,서울 강서구 등촌동
8830e0ae89fffff,13:00:00,8830e0ae99fffff,11,50.55,23.31,서울 강서구 등촌동
8830e0ae89fffff,13:20:00,8830e0ae99fffff,13,73.77,34.85,서울 강서구 등촌동
8830e0ae89fffff,13:40:00,8830e0ae99fffff,10,59.9,22.04,서울 강서구 등촌동
8830e0ae89fffff,14:00:00,8830e0ae99fffff,12,71.08,34.15,서울 강서구 등촌동
8830e0ae89fffff,14:20:00,8830e0ae99fffff,11,57.27,24.83,서울 강서구 등촌동
8830e0ae89fffff,14:40:00,8830e0ae99fffff,12,56.75,22.38,서울 강서구 등촌동
8830e0ae89fffff,15:00:00,8830e0ae99fffff,13,97.46,24.95,서울 강서구 등촌동
8830e0ae89fffff,15:20:00,8830e0ae99fffff,12,63.17,21.4,서울 강서구 등촌동
8830e0ae89fffff,16:00:00,8830e0aea7fffff,12,54.17,137.65,서울 양천구 목동
8830e0ae89fffff,16:20:00,8830e0ae99fffff,11,61.27,28.32,서울 강서구 등촌동
8830e0ae89fffff,17:00:00,8830e0ae99fffff,12,72.0,18.72,서울 강서구 등촌동
8830e0ae89fffff,17:20:00,8830e0ae99fffff,17,61.18,34.39,서울 강서구 등촌동
8830e0ae89fffff,17:40:00,8830e0ae99fffff,10,40.5,23.63,서울 강서구 등촌동
8830e0ae89fffff,18:00:00,8830e0ae99fffff,14,65.86,40.34,서울 강서구 등촌동
8830e0ae89fffff,18:40:00,8830e0ae99fffff,10,46.9,20.82,서울 강서구 등촌동
8830e0ae8bfffff,0:00:00,8830e0ae99fffff,17,47.35,15.76,서울 강서구 등촌동
8830e0ae8bfffff,7:20:00,8830e0ae99fffff,13,83.85,23.56,서울 강서구 등촌동
8830e0ae8bfffff,7:40:00,8830e0ae99fffff,12,86.25,23.78,서울 강서구 등촌동
8830e0ae8bfffff,8:00:00,8830e0ae99fffff,10,50.0,24.73,서울 강서구 등촌동
8830e0ae8bfffff,8:20:00,8830e0ae99fffff,15,68.2,28.16,서울 강서구 등촌동
8830e0ae8bfffff,8:40:00,8830e0ae99fffff,16,64.5,22.86,서울 강서구 등촌동
8830e0ae8bfffff,9:00:00,8830e0ae99fffff,18,62.11,17.79,서울 강서구 등촌동
8830e0ae8bfffff,9:20:00,8830e0ae99fffff,18,66.56,22.69,서울 강서구 등촌동
8830e0ae8bfffff,9:40:00,8830e0ae99fffff,24,70.83,28.19,서울 강서구 등촌동
8830e0ae8bfffff,10:00:00,8830e0ae99fffff,21,52.43,19.36,서울 강서구 등촌동
8830e0ae8bfffff,10:20:00,8830e0ae99fffff,22,57.55,21.21,서울 강서구 등촌동
8830e0ae8bfffff,10:40:00,8830e0ae99fffff,18,59.33,42.19,서울 강서구 등촌동
8830e0ae8bfffff,11:00:00,8830e0ae99fffff,22,60.45,21.73,서울 강서구 등촌동
8830e0ae8bfffff,11:20:00,8830e0ae99fffff,29,50.66,26.22,서울 강서구 등촌동
8830e0ae8bfffff,11:40:00,8830e0ae99fffff,27,52.52,22.85,서울 강서구 등촌동
8830e0ae8bfffff,12:00:00,8830e0ae99fffff,33,78.42,20.7,서울 강서구 등촌동
8830e0ae8bfffff,12:20:00,8830e0ae99fffff,23,66.65,21.19,서울 강서구 등촌동
8830e0ae8bfffff,12:40:00,8830e0ae99fffff,22,65.91,27.57,서울 강서구 등촌동
8830e0ae8bfffff,13:00:00,8830e0ae99fffff,32,54.06,22.74,서울 강서구 등촌동
8830e0ae8bfffff,13:20:00,8830e0ae99fffff,22,64.86,19.1,서울 강서구 등촌동
8830e0ae8bfffff,13:40:00,8830e0ae99fffff,23,65.3,20.86,서울 강서구 등촌동
8830e0ae8bfffff,14:00:00,8830e0ae99fffff,27,59.26,24.11,서울 강서구 등촌동
8830e0ae8bfffff,14:20:00,8830e0ae99fffff,20,49.2,22.71,서울 강서구 등촌동
8830e0ae8bfffff,14:40:00,8830e0ae99fffff,15,53.0,23.97,서울 강서구 등촌동
8830e0ae8bfffff,15:00:00,8830e0ae99fffff,30,61.7,22.81,서울 강서구 등촌동
8830e0ae8bfffff,15:20:00,8830e0ae99fffff,28,53.89,27.71,서울 강서구 등촌동
8830e0ae8bfffff,15:40:00,8830e0ae99fffff,26,67.15,14.9,서울 강서구 등촌동
8830e0ae8bfffff,16:00:00,8830e0ae99fffff,23,74.35,19.21,서울 강서구 등촌동
8830e0ae8bfffff,16:20:00,8830e0ae99fffff,15,44.8,27.7,서울 강서구 등촌동
8830e0ae8bfffff,16:40:00,8830e0ae99fffff,23,46.91,30.74,서울 강서구 등촌동
8830e0ae8bfffff,17:00:00,8830e0ae99fffff,35,66.66,28.31,서울 강서구 등촌동
8830e0ae8bfffff,17:20:00,8830e0ae99fffff,26,56.27,24.58,서울 강서구 등촌동
8830e0ae8bfffff,17:40:00,8830e0ae99fffff,23,52.04,24.41,서울 강서구 등촌동
8830e0ae8bfffff,18:00:00,8830e0a1b1fffff,11,44.73,53.08,경기 부천시 오정동
8830e0ae8bfffff,18:00:00,8830e0ae99fffff,30,65.37,29.45,서울 강서구 등촌동
8830e0ae8bfffff,18:20:00,8830e0ae99fffff,18,53.56,23.05,서울 강서구 등촌동
8830e0ae8bfffff,18:40:00,8830e0ae99fffff,14,55.93,22.74,서울 강서구 등촌동
8830e0ae8bfffff,19:00:00,8830e0ae99fffff,17,49.24,21.03,서울 강서구 등촌동
8830e0ae8bfffff,21:00:00,8830e0ae99fffff,13,106.0,20.06,서울 강서구 등촌동
8830e0ae8bfffff,21:40:00,8830e0ae99fffff,14,47.5,23.52,서울 강서구 등촌동
8830e0ae8dfffff,9:00:00,8830e0ae99fffff,12,46.67,20.0,서울 강서구 등촌동
8830e0ae91fffff,0:00:00,8830e0ae99fffff,27,89.7,23.22,서울 강서구 등촌동
8830e0ae91fffff,6:00:00,8830e0ae99fffff,11,147.91,43.66,서울 강서구 등촌동
8830e0ae91fffff,6:40:00,8830e0ae99fffff,16,77.06,25.25,서울 강서구 등촌동
8830e0ae91fffff,7:00:00,8830e0ae99fffff,11,98.82,44.61,서울 강서구 등촌동
8830e0ae91fffff,7:20:00,8830e0ae99fffff,11,112.64,31.51,서울 강서구 등촌동
8830e0ae91fffff,7:40:00,8830e0ae99fffff,14,118.93,24.2,서울 강서구 등촌동
8830e0ae91fffff,8:00:00,8830e0ac83fffff,11,52.91,43.02,서울 구로구 구로동
8830e0ae91fffff,8:00:00,8830e0ae99fffff,37,81.08,22.22,서울 강서구 등촌동
8830e0ae91fffff,8:20:00,8830e0ae99fffff,23,71.39,24.01,서울 강서구 등촌동
8830e0ae91fffff,8:40:00,8830e0ae99fffff,23,90.43,24.76,서울 강서구 등촌동
8830e0ae91fffff,9:00:00,8830e0ae99fffff,24,96.17,28.34,서울 강서구 등촌동
8830e0ae91fffff,9:20:00,8830e0ae99fffff,28,88.82,26.14,서울 강서구 등촌동
8830e0ae91fffff,9:40:00,8830e0ae99fffff,38,111.53,28.53,서울 강서구 등촌동
8830e0ae91fffff,10:00:00,8830e0ae99fffff,43,70.49,19.09,서울 강서구 등촌동
8830e0ae91fffff,10:20:00,8830e0ae99fffff,42,86.93,28.25,서울 강서구 등촌동
8830e0ae91fffff,10:40:00,8830e0ae99fffff,40,59.45,24.53,서울 강서구 등촌동
8830e0ae91fffff,11:00:00,8830e0ae99fffff,58,77.17,24.96,서울 강서구 등촌동
8830e0ae91fffff,11:20:00,8830e0ae99fffff,46,60.26,21.46,서울 강서구 등촌동
8830e0ae91fffff,11:40:00,8830e0ae99fffff,30,61.57,20.27,서울 강서구 등촌동
8830e0ae91fffff,12:00:00,8830e0ae99fffff,42,61.93,18.07,서울 강서구 등촌동
8830e0ae91fffff,12:20:00,8830e0ae99fffff,41,90.34,27.92,서울 강서구 등촌동
8830e0ae91fffff,12:40:00,8830e0ae99fffff,39,88.54,24.81,서울 강서구 등촌동
8830e0ae91fffff,13:00:00,8830e0ae99fffff,51,80.37,22.56,서울 강서구 등촌동
8830e0ae91fffff,13:20:00,8830e0ae99fffff,40,82.23,23.05,서울 강서구 등촌동
8830e0ae91fffff,13:40:00,8830e0ae99fffff,56,76.54,27.39,서울 강서구 등촌동
8830e0ae91fffff,14:00:00,8830e0ae99fffff,49,107.96,24.2,서울 강서구 등촌동
8830e0ae91fffff,14:20:00,8830e0ae99fffff,53,75.94,24.98,서울 강서구 등촌동
8830e0ae91fffff,14:40:00,8830e0ae99fffff,47,68.57,27.44,서울 강서구 등촌동
8830e0ae91fffff,15:00:00,8830e0ae99fffff,45,77.47,27.17,서울 강서구 등촌동
8830e0ae91fffff,15:20:00,8830e0ae99fffff,42,79.6,30.82,서울 강서구 등촌동
8830e0ae91fffff,15:40:00,8830e0ae99fffff,40,69.15,24.46,서울 강서구 등촌동
8830e0ae91fffff,16:00:00,8830e0ae99fffff,45,75.96,19.17,서울 강서구 등촌동
8830e0ae91fffff,16:20:00,8830e0ae99fffff,45,71.93,23.85,서울 강서구 등촌동
8830e0ae91fffff,16:40:00,8830e0ae99fffff,27,50.74,22.14,서울 강서구 등촌동
8830e0ae91fffff,17:00:00,8830e0ae99fffff,42,63.98,21.81,서울 강서구 등촌동
8830e0ae91fffff,17:20:00,8830e0ae99fffff,21,81.38,23.36,서울 강서구 등촌동
8830e0ae91fffff,17:40:00,8830e0ae99fffff,22,71.55,17.17,서울 강서구 등촌동
8830e0ae91fffff,18:00:00,8830e0ae99fffff,34,52.62,15.98,서울 강서구 등촌동
8830e0ae91fffff,18:20:00,8830e0ae99fffff,24,55.88,18.05,서울 강서구 등촌동
8830e0ae91fffff,18:40:00,8830e0ae99fffff,21,63.48,20.4,서울 강서구 등촌동
8830e0ae91fffff,19:00:00,8830e0ae99fffff,29,57.1,32.09,서울 강서구 등촌동
8830e0ae91fffff,19:20:00,8830e0ae99fffff,14,81.0,32.88,서울 강서구 등촌동
8830e0ae91fffff,19:40:00,8830e0ae99fffff,14,58.79,28.46,서울 강서구 등촌동
8830e0ae91fffff,20:00:00,8830e0ae99fffff,19,91.05,26.92,서울 강서구 등촌동
8830e0ae91fffff,20:20:00,8830e0ae99fffff,18,60.78,35.48,서울 강서구 등촌동
8830e0ae91fffff,20:40:00,8830e0ae99fffff,12,45.58,21.42,서울 강서구 등촌동
8830e0ae91fffff,21:00:00,8830e0ae99fffff,13,55.08,22.01,서울 강서구 등촌동
8830e0ae91fffff,21:20:00,8830e0ae99fffff,19,63.21,20.69,서울 강서구 등촌동
8830e0ae91fffff,21:40:00,8830e0ae99fffff,15,45.87,17.3,서울 강서구 등촌동
8830e0ae93fffff,0:00:00,8830e0ae99fffff,22,57.95,21.37,서울 강서구 등촌동
8830e0ae93fffff,7:00:00,8830e0ae99fffff,18,101.39,24.76,서울 강서구 등촌동
8830e0ae93fffff,7:20:00,8830e0ae99fffff,12,77.33,17.05,서울 강서구 등촌동
8830e0ae93fffff,7:40:00,8830e0ae99fffff,12,75.42,25.81,서울 강서구 등촌동
8830e0ae93fffff,8:00:00,8830e0ae99fffff,23,59.57,19.73,서울 강서구 등촌동
8830e0ae93fffff,8:00:00,8830e0af0bfffff,19,39.53,31.38,경기 부천시 중동
8830e0ae93fffff,8:20:00,8830e0ae99fffff,10,46.3,16.93,서울 강서구 등촌동
8830e0ae93fffff,8:40:00,8830e0ae99fffff,11,57.09,23.41,서울 강서구 등촌동
8830e0ae93fffff,9:00:00,8830e0ae99fffff,20,160.7,22.33,서울 강서구 등촌동
8830e0ae93fffff,9:20:00,8830e0ae99fffff,14,53.0,17.71,서울 강서구 등촌동
8830e0ae93fffff,9:40:00,8830e0ae99fffff,20,69.45,23.45,서울 강서구 등촌동
8830e0ae93fffff,10:00:00,8830e0ae99fffff,14,76.86,32.85,서울 강서구 등촌동
8830e0ae93fffff,10:20:00,8830e0ae99fffff,20,64.3,21.08,서울 강서구 등촌동
8830e0ae93fffff,10:40:00,8830e0ae99fffff,15,64.53,27.3,서울 강서구 등촌동
8830e0ae93fffff,11:00:00,8830e0ae99fffff,18,67.28,24.19,서울 강서구 등촌동
8830e0ae93fffff,11:20:00,8830e0ae99fffff,21,116.57,24.82,서울 강서구 등촌동
8830e0ae93fffff,11:40:00,8830e0ae99fffff,16,55.06,26.52,서울 강서구 등촌동
8830e0ae93fffff,12:00:00,8830e0ae99fffff,17,53.53,32.14,서울 강서구 등촌동
8830e0ae93fffff,12:20:00,8830e0ae99fffff,17,42.29,21.43,서울 강서구 등촌동
8830e0ae93fffff,12:40:00,8830e0ae99fffff,17,118.35,29.95,서울 강서구 등촌동
8830e0ae93fffff,13:00:00,8830e0ae99fffff,16,89.5,27.79,서울 강서구 등촌동
8830e0ae93fffff,13:20:00,8830e0ae99fffff,26,61.5,22.95,서울 강서구 등촌동
8830e0ae93fffff,13:40:00,8830e0ae99fffff,22,72.73,23.23,서울 강서구 등촌동
8830e0ae93fffff,14:00:00,8830e0ae99fffff,17,76.65,25.35,서울 강서구 등촌동
8830e0ae93fffff,14:20:00,8830e0ae99fffff,31,56.06,21.83,서울 강서구 등촌동
8830e0ae93fffff,14:40:00,8830e0ae99fffff,20,62.7,22.64,서울 강서구 등촌동
8830e0ae93fffff,15:00:00,8830e0ae99fffff,17,67.29,23.38,서울 강서구 등촌동
8830e0ae93fffff,15:20:00,8830e0ae99fffff,22,57.45,29.92,서울 강서구 등촌동
8830e0ae93fffff,15:40:00,8830e0ae99fffff,18,67.06,27.7,서울 강서구 등촌동
8830e0ae93fffff,16:00:00,8830e0ae99fffff,18,106.89,24.94,서울 강서구 등촌동
8830e0ae93fffff,16:20:00,8830e0ae99fffff,24,66.75,22.29,서울 강서구 등촌동
8830e0ae93fffff,16:40:00,8830e0ae99fffff,14,54.29,21.24,서울 강서구 등촌동
8830e0ae93fffff,17:00:00,8830e0ae99fffff,20,60.95,23.42,서울 강서구 등촌동
8830e0ae93fffff,17:20:00,8830e0ae99fffff,23,56.52,22.29,서울 강서구 등촌동
8830e0ae93fffff,17:20:00,8830e1db25fffff,17,47.24,29.39,서울 양천구 목동
8830e0ae93fffff,17:40:00,8830e0ae99fffff,17,60.35,63.93,서울 강서구 등촌동
8830e0ae93fffff,18:00:00,8830e0a1b1fffff,16,75.06,30.45,경기 부천시 오정동
8830e0ae93fffff,18:00:00,8830e0ae99fffff,33,47.06,20.67,서울 강서구 등촌동
8830e0ae93fffff,18:20:00,8830e0ae99fffff,19,67.58,20.09,서울 강서구 등촌동
8830e0ae93fffff,18:40:00,8830e0ae99fffff,10,53.3,27.14,서울 강서구 등촌동
8830e0ae93fffff,19:20:00,8830e0ae99fffff,15,112.47,21.47,서울 강서구 등촌동
8830e0ae93fffff,20:00:00,8830e0ae99fffff,14,89.5,49.75,서울 강서구 등촌동
8830e0ae93fffff,20:20:00,8830e0ae99fffff,11,45.91,23.24,서울 강서구 등촌동
8830e0ae93fffff,21:00:00,8830e0ae99fffff,14,58.36,24.98,서울 강서구 등촌동
8830e0ae93fffff,21:20:00,8830e0ae99fffff,10,58.9,24.72,서울 강서구 등촌동
8830e0ae93fffff,21:40:00,8830e0ae99fffff,11,76.82,27.12,서울 강서구 등촌동
8830e0ae95fffff,7:20:00,8830e0af0bfffff,12,66.5,31.6,경기 부천시 중동
8830e0ae95fffff,7:40:00,8830e0ae99fffff,25,65.96,22.55,서울 강서구 등촌동
8830e0ae95fffff,8:00:00,8830e0ae99fffff,18,51.33,17.9,서울 강서구 등촌동
8830e0ae95fffff,8:20:00,8830e0ae99fffff,25,69.92,28.13,서울 강서구 등촌동
8830e0ae95fffff,9:00:00,8830e0ae99fffff,16,66.88,35.66,서울 강서구 등촌동
8830e0ae95fffff,9:20:00,8830e0ae99fffff,15,155.53,26.02,서울 강서구 등촌동
8830e0ae95fffff,9:40:00,8830e0ae99fffff,11,43.82,20.49,서울 강서구 등촌동
8830e0ae95fffff,10:00:00,8830e0ae99fffff,19,92.79,22.28,서울 강서구 등촌동
8830e0ae95fffff,10:20:00,8830e0ae99fffff,12,112.42,17.81,서울 강서구 등촌동
8830e0ae95fffff,10:40:00,8830e0ae99fffff,17,54.65,21.61,서울 강서구 등촌동
8830e0ae95fffff,11:00:00,8830e0ae99fffff,16,79.0,38.21,서울 강서구 등촌동
8830e0ae95fffff,11:20:00,8830e0ae99fffff,28,42.07,17.26,서울 강서구 등촌동
8830e0ae95fffff,11:40:00,8830e0ae99fffff,13,69.38,21.36,서울 강서구 등촌동
8830e0ae95fffff,12:00:00,8830e0ae99fffff,13,43.23,24.11,서울 강서구 등촌동
8830e0ae95fffff,12:20:00,8830e0ae99fffff,22,63.82,20.04,서울 강서구 등촌동
8830e0ae95fffff,12:40:00,8830e0ae99fffff,16,68.94,23.09,서울 강서구 등촌동
8830e0ae95fffff,13:00:00,8830e0ae99fffff,14,64.14,20.33,서울 강서구 등촌동
8830e0ae95fffff,13:20:00,8830e0ae99fffff,20,58.65,23.51,서울 강서구 등촌동
8830e0ae95fffff,13:40:00,8830e0ae99fffff,18,70.06,17.79,서울 강서구 등촌동
8830e0ae95fffff,14:00:00,8830e0ae99fffff,13,58.54,19.74,서울 강서구 등촌동
8830e0ae95fffff,14:20:00,8830e0ae99fffff,14,59.5,17.54,서울 강서구 등촌동
8830e0ae95fffff,14:40:00,8830e0ae99fffff,15,66.2,19.43,서울 강서구 등촌동
8830e0ae95fffff,15:00:00,8830e0ae99fffff,22,64.09,17.54,서울 강서구 등촌동
8830e0ae95fffff,15:20:00,8830e0ae99fffff,16,66.81,15.01,서울 강서구 등촌동
8830e0ae95fffff,15:40:00,8830e0ae99fffff,11,48.91,27.86,서울 강서구 등촌동
8830e0ae95fffff,16:00:00,8830e0ae99fffff,24,47.83,17.78,서울 강서구 등촌동
8830e0ae95fffff,16:20:00,8830e0ae99fffff,10,71.6,17.55,서울 강서구 등촌동
8830e0ae95fffff,17:20:00,8830e0ae99fffff,11,97.91,21.79,서울 강서구 등촌동
8830e0ae95fffff,17:40:00,8830e0ae99fffff,23,94.0,25.02,서울 강서구 등촌동
8830e0ae95fffff,18:00:00,8830e0ae99fffff,16,57.56,17.83,서울 강서구 등촌동
8830e0ae97fffff,7:20:00,8830e0ae99fffff,10,120.2,24.4,서울 강서구 등촌동
8830e0ae97fffff,8:00:00,8830e0ae99fffff,23,62.83,25.4,서울 강서구 등촌동
8830e0ae97fffff,9:00:00,8830e0ae99fffff,11,129.18,21.97,서울 강서구 등촌동
8830e0ae97fffff,9:20:00,8830e0ae99fffff,10,82.6,26.42,서울 강서구 등촌동
8830e0ae97fffff,10:00:00,8830e0ae99fffff,10,61.8,21.03,서울 강서구 등촌동
8830e0ae97fffff,10:20:00,8830e0ae99fffff,12,86.0,27.3,서울 강서구 등촌동
8830e0ae97fffff,11:00:00,8830e0ae99fffff,10,79.5,34.07,서울 강서구 등촌동
8830e0ae97fffff,11:20:00,8830e0ae99fffff,10,75.9,20.54,서울 강서구 등촌동
8830e0ae97fffff,12:40:00,8830e0ae99fffff,11,59.73,24.42,서울 강서구 등촌동
8830e0ae97fffff,13:00:00,8830e0ae99fffff,10,146.4,27.28,서울 강서구 등촌동
8830e0ae97fffff,13:40:00,8830e0ae99fffff,13,64.85,30.37,서울 강서구 등촌동
8830e0ae97fffff,14:20:00,8830e0ae99fffff,11,70.18,26.92,서울 강서구 등촌동
8830e0ae97fffff,16:20:00,8830e0ae99fffff,10,49.6,22.15,서울 강서구 등촌동
8830e0ae97fffff,17:20:00,8830e0ae99fffff,10,42.2,54.87,서울 강서구 등촌동
8830e0ae97fffff,18:40:00,8830e0ae99fffff,10,56.1,17.61,서울 강서구 등촌동
8830e0ae99fffff,0:00:00,8830e0ae99fffff,172,71.79,25.45,서울 강서구 등촌동
8830e0ae99fffff,0:20:00,8830e0ae99fffff,12,72.58,27.23,서울 강서구 등촌동
8830e0ae99fffff,0:40:00,8830e0ae99fffff,18,121.11,20.28,서울 강서구 등촌동
8830e0ae99fffff,1:00:00,8830e0ae99fffff,23,69.74,15.06,서울 강서구 등촌동
8830e0ae99fffff,1:20:00,8830e0ae99fffff,20,82.1,37.36,서울 강서구 등촌동
8830e0ae99fffff,1:40:00,8830e0ae99fffff,19,163.16,50.64,서울 강서구 등촌동
8830e0ae99fffff,2:00:00,8830e0ae99fffff,16,179.06,42.4,서울 강서구 등촌동
8830e0ae99fffff,2:20:00,8830e0ae99fffff,20,72.05,29.18,서울 강서구 등촌동
8830e0ae99fffff,2:40:00,8830e0ae99fffff,11,59.82,24.32,서울 강서구 등촌동
8830e0ae99fffff,3:20:00,8830e0ae99fffff,12,105.67,57.42,서울 강서구 등촌동
8830e0ae99fffff,4:00:00,8830e0ae99fffff,14,99.14,50.04,서울 강서구 등촌동
8830e0ae99fffff,4:20:00,8830e0ae99fffff,20,151.4,27.76,서울 강서구 등촌동
8830e0ae99fffff,4:40:00,8830e0ae99fffff,31,221.68,47.09,서울 강서구 등촌동
8830e0ae99fffff,5:00:00,8830e0ae99fffff,23,250.3,39.39,서울 강서구 등촌동
8830e0ae99fffff,5:20:00,8830e0ae99fffff,51,217.84,53.43,서울 강서구 등촌동
8830e0ae99fffff,5:40:00,8830e0ae99fffff,38,166.71,34.73,서울 강서구 등촌동
8830e0ae99fffff,6:00:00,8830e0ae99fffff,49,232.51,46.73,서울 강서구 등촌동
8830e0ae99fffff,6:20:00,8830e0ae99fffff,65,160.75,44.44,서울 강서구 등촌동
8830e0ae99fffff,6:40:00,8830e0ae99fffff,52,153.75,28.51,서울 강서구 등촌동
8830e0ae99fffff,7:00:00,8830e0ae99fffff,110,157.41,31.99,서울 강서구 등촌동
8830e0ae99fffff,7:20:00,8830e0ae99fffff,114,162.1,28.9,서울 강서구 등촌동
8830e0ae99fffff,7:40:00,8830e0ae99fffff,118,124.35,35.54,서울 강서구 등촌동
8830e0ae99fffff,8:00:00,8830e0ae99fffff,172,129.99,28.71,서울 강서구 등촌동
8830e0ae99fffff,8:20:00,8830e0ae99fffff,193,106.51,32.41,서울 강서구 등촌동
8830e0ae99fffff,8:40:00,8830e0ae99fffff,216,114.5,27.22,서울 강서구 등촌동
8830e0ae99fffff,9:00:00,8830e0ae99fffff,249,114.1,26.22,서울 강서구 등촌동
8830e0ae99fffff,9:20:00,8830e0ae99fffff,283,87.38,27.09,서울 강서구 등촌동
8830e0ae99fffff,9:40:00,8830e0ae99fffff,285,90.81,28.18,서울 강서구 등촌동
8830e0ae99fffff,10:00:00,8830e0ae99fffff,299,82.21,28.81,서울 강서구 등촌동
8830e0ae99fffff,10:20:00,8830e0ae99fffff,309,81.52,27.05,서울 강서구 등촌동
8830e0ae99fffff,10:40:00,8830e0ae99fffff,270,81.52,24.89,서울 강서구 등촌동
8830e0ae99fffff,11:00:00,8830e0ae99fffff,326,90.17,25.27,서울 강서구 등촌동
8830e0ae99fffff,11:20:00,8830e0ae99fffff,303,90.44,26.19,서울 강서구 등촌동
8830e0ae99fffff,11:40:00,8830e0ae99fffff,331,78.64,28.49,서울 강서구 등촌동
8830e0ae99fffff,12:00:00,8830e0ae99fffff,366,81.58,26.58,서울 강서구 등촌동
8830e0ae99fffff,12:20:00,8830e0ae99fffff,328,77.05,27.55,서울 강서구 등촌동
8830e0ae99fffff,12:40:00,8830e0ae99fffff,325,80.53,27.48,서울 강서구 등촌동
8830e0ae99fffff,13:00:00,8830e0ae99fffff,330,89.74,26.4,서울 강서구 등촌동
8830e0ae99fffff,13:20:00,8830e0ae99fffff,329,85.26,27.69,서울 강서구 등촌동
8830e0ae99fffff,13:40:00,8830e0ae99fffff,331,81.79,26.28,서울 강서구 등촌동
8830e0ae99fffff,14:00:00,8830e0ae99fffff,352,84.68,25.78,서울 강서구 등촌동
8830e0ae99fffff,14:20:00,8830e0ae99fffff,342,81.41,26.23,서울 강서구 등촌동
8830e0ae99fffff,14:40:00,8830e0ae99fffff,333,77.62,24.85,서울 강서구 등촌동
8830e0ae99fffff,15:00:00,8830e0ae99fffff,318,84.34,26.65,서울 강서구 등촌동
8830e0ae99fffff,15:20:00,8830e0ae99fffff,341,66.37,24.83,서울 강서구 등촌동
8830e0ae99fffff,15:40:00,8830e0ae99fffff,304,76.48,23.46,서울 강서구 등촌동
8830e0ae99fffff,16:00:00,8830e0ae99fffff,268,64.51,22.57,서울 강서구 등촌동
8830e0ae99fffff,16:20:00,8830e0ae99fffff,296,72.28,24.48,서울 강서구 등촌동
8830e0ae99fffff,16:40:00,8830e0ae99fffff,243,67.28,24.31,서울 강서구 등촌동
8830e0ae99fffff,17:00:00,8830e0ae99fffff,245,68.55,23.29,서울 강서구 등촌동
8830e0ae99fffff,17:20:00,8830e0ae99fffff,211,68.87,20.49,서울 강서구 등촌동
8830e0ae99fffff,17:40:00,8830e0ae99fffff,213,68.22,20.74,서울 강서구 등촌동
8830e0ae99fffff,18:00:00,8830e0ae99fffff,200,67.4,20.18,서울 강서구 등촌동
8830e0ae99fffff,18:00:00,8830e0aea7fffff,16,72.31,27.51,서울 양천구 목동
8830e0ae99fffff,18:20:00,8830e0ae99fffff,170,74.12,26.23,서울 강서구 등촌동
8830e0ae99fffff,18:40:00,8830e0ae99fffff,157,65.22,24.06,서울 강서구 등촌동
8830e0ae99fffff,19:00:00,8830e0ae99fffff,147,71.14,27.01,서울 강서구 등촌동
8830e0ae99fffff,19:20:00,8830e0ae99fffff,123,76.07,30.05,서울 강서구 등촌동
8830e0ae99fffff,19:40:00,8830e0ae99fffff,100,69.71,28.93,서울 강서구 등촌동
8830e0ae99fffff,20:00:00,8830e0ae99fffff,145,62.5,26.41,서울 강서구 등촌동
8830e0ae99fffff,20:20:00,8830e0ae99fffff,126,57.08,29.57,서울 강서구 등촌동
8830e0ae99fffff,20:40:00,8830e0ae99fffff,125,54.14,25.5,서울 강서구 등촌동
8830e0ae99fffff,21:00:00,8830e0ae99fffff,102,52.82,31.62,서울 강서구 등촌동
8830e0ae99fffff,21:20:00,8830e0ae99fffff,110,55.39,26.26,서울 강서구 등촌동
8830e0ae99fffff,21:40:00,8830e0ae99fffff,87,57.75,23.58,서울 강서구 등촌동
8830e0ae99fffff,22:00:00,8830e0ae99fffff,83,79.81,25.11,서울 강서구 등촌동
8830e0ae99fffff,22:20:00,8830e0ae99fffff,54,72.69,21.45,서울 강서구 등촌동
8830e0ae99fffff,22:40:00,8830e0ae99fffff,51,52.75,22.24,서울 강서구 등촌동
8830e0ae99fffff,23:00:00,8830e0ae99fffff,44,46.77,18.57,서울 강서구 등촌동
8830e0ae99fffff,23:20:00,8830e0ae99fffff,32,34.5,14.85,서울 강서구 등촌동
8830e0ae9bfffff,0:00:00,8830e0ae99fffff,29,68.0,21.19,서울 강서구 등촌동
8830e0ae9bfffff,5:00:00,8830e0ae99fffff,11,136.73,75.24,서울 강서구 등촌동
8830e0ae9bfffff,6:40:00,8830e0ae99fffff,13,126.54,26.63,서울 강서구 등촌동
8830e0ae9bfffff,7:00:00,8830e0ae99fffff,12,81.83,28.09,서울 강서구 등촌동
8830e0ae9bfffff,7:20:00,8830e0ae99fffff,15,91.2,31.33,서울 강서구 등촌동
8830e0ae9bfffff,7:40:00,8830e0ae99fffff,30,92.53,18.28,서울 강서구 등촌동
8830e0ae9bfffff,8:00:00,8830e0ae99fffff,30,106.43,26.49,서울 강서구 등촌동
8830e0ae9bfffff,8:20:00,8830e0ae99fffff,37,76.32,21.6,서울 강서구 등촌동
8830e0ae9bfffff,8:40:00,8830e0ae99fffff,44,75.75,22.84,서울 강서구 등촌동
8830e0ae9bfffff,9:00:00,8830e0ae99fffff,32,65.78,19.92,서울 강서구 등촌동
8830e0ae9bfffff,9:20:00,8830e0ae99fffff,39,85.41,28.39,서울 강서구 등촌동
8830e0ae9bfffff,9:40:00,8830e0ae99fffff,48,80.65,22.23,서울 강서구 등촌동
8830e0ae9bfffff,10:00:00,8830e0ae99fffff,51,89.12,30.1,서울 강서구 등촌동
8830e0ae9bfffff,10:20:00,8830e0ae99fffff,46,75.46,26.93,서울 강서구 등촌동
8830e0ae9bfffff,10:40:00,8830e0ae99fffff,41,77.66,22.09,서울 강서구 등촌동
8830e0ae9bfffff,11:00:00,8830e0ae99fffff,51,74.43,29.66,서울 강서구 등촌동
8830e0ae9bfffff,11:20:00,8830e0ae99fffff,49,74.98,21.1,서울 강서구 등촌동
8830e0ae9bfffff,11:40:00,8830e0ae99fffff,60,87.43,20.39,서울 강서구 등촌동
8830e0ae9bfffff,12:00:00,8830e0ae99fffff,64,90.88,31.54,서울 강서구 등촌동
8830e0ae9bfffff,12:20:00,8830e0ae99fffff,58,65.86,20.37,서울 강서구 등촌동
8830e0ae9bfffff,12:40:00,8830e0ae99fffff,57,60.28,23.33,서울 강서구 등촌동
8830e0ae9bfffff,13:00:00,8830e0ae99fffff,50,85.8,24.92,서울 강서구 등촌동
8830e0ae9bfffff,13:20:00,8830e0ae99fffff,67,84.87,23.1,서울 강서구 등촌동
8830e0ae9bfffff,13:40:00,8830e0ae99fffff,59,74.78,23.92,서울 강서구 등촌동
8830e0ae9bfffff,14:00:00,8830e0ae99fffff,75,98.21,25.6,서울 강서구 등촌동
8830e0ae9bfffff,14:20:00,8830e0ae99fffff,52,71.88,18.36,서울 강서구 등촌동
8830e0ae9bfffff,14:40:00,8830e0ae99fffff,63,63.21,19.89,서울 강서구 등촌동
8830e0ae9bfffff,15:00:00,8830e0ae99fffff,53,66.11,25.53,서울 강서구 등촌동
8830e0ae9bfffff,15:20:00,8830e0ae99fffff,64,67.77,21.34,서울 강서구 등촌동
8830e0ae9bfffff,15:40:00,8830e0ae99fffff,77,69.13,21.6,서울 강서구 등촌동
8830e0ae9bfffff,16:00:00,8830e0ae99fffff,50,60.52,22.96,서울 강서구 등촌동
8830e0ae9bfffff,16:20:00,8830e0ae99fffff,54,66.96,20.3,서울 강서구 등촌동
8830e0ae9bfffff,16:40:00,8830e0ae99fffff,47,53.74,17.81,서울 강서구 등촌동
8830e0ae9bfffff,17:00:00,8830e0ae99fffff,47,80.02,29.06,서울 강서구 등촌동
8830e0ae9bfffff,17:20:00,8830e0ae99fffff,33,75.7,20.75,서울 강서구 등촌동
8830e0ae9bfffff,17:40:00,8830e0ae99fffff,34,62.35,18.77,서울 강서구 등촌동
8830e0ae9bfffff,18:00:00,8830e0ae99fffff,38,55.68,18.45,서울 강서구 등촌동
8830e0ae9bfffff,18:00:00,8830e0aea7fffff,14,60.71,23.22,서울 양천구 목동
8830e0ae9bfffff,18:20:00,8830e0ae99fffff,31,55.03,20.15,서울 강서구 등촌동
8830e0ae9bfffff,18:40:00,8830e0ae99fffff,21,54.43,23.08,서울 강서구 등촌동
8830e0ae9bfffff,19:00:00,8830e0ae99fffff,37,53.95,27.83,서울 강서구 등촌동
8830e0ae9bfffff,19:20:00,8830e0ae99fffff,23,53.83,24.56,서울 강서구 등촌동
8830e0ae9bfffff,19:40:00,8830e0ae99fffff,17,151.41,63.38,서울 강서구 등촌동
8830e0ae9bfffff,20:00:00,8830e0ae99fffff,24,60.38,44.06,서울 강서구 등촌동
8830e0ae9bfffff,20:20:00,8830e0ae99fffff,26,60.88,26.77,서울 강서구 등촌동
8830e0ae9bfffff,20:40:00,8830e0ae99fffff,15,52.13,20.79,서울 강서구 등촌동
8830e0ae9bfffff,21:00:00,8830e0ae99fffff,21,128.19,16.0,서울 강서구 등촌동
8830e0ae9bfffff,21:20:00,8830e0ae99fffff,18,56.22,26.65,서울 강서구 등촌동
8830e0ae9bfffff,21:40:00,8830e0ae99fffff,15,133.4,21.07,서울 강서구 등촌동
8830e0ae9bfffff,22:00:00,8830e0ae99fffff,13,48.0,22.66,서울 강서구 등촌동
8830e0ae9bfffff,22:40:00,8830e0ae99fffff,10,46.6,12.42,서울 강서구 등촌동
8830e0ae9bfffff,23:00:00,8830e0ae99fffff,11,45.64,13.12,서울 강서구 등촌동
8830e0ae9bfffff,23:20:00,8830e0ae99fffff,10,38.2,11.83,서울 강서구 등촌동
8830e0ae9dfffff,0:00:00,8830e0ae99fffff,49,65.96,20.81,서울 강서구 등촌동
8830e0ae9dfffff,6:00:00,8830e0ae99fffff,10,71.1,25.06,서울 강서구 등촌동
8830e0ae9dfffff,6:20:00,8830e0ae99fffff,13,88.15,37.27,서울 강서구 등촌동
8830e0ae9dfffff,6:40:00,8830e0ae99fffff,21,115.81,38.84,서울 강서구 등촌동
8830e0ae9dfffff,7:00:00,8830e0ae99fffff,31,107.71,25.17,서울 강서구 등촌동
8830e0ae9dfffff,7:20:00,8830e0ae99fffff,19,124.68,25.69,서울 강서구 등촌동
8830e0ae9dfffff,7:40:00,8830e0ae99fffff,23,54.48,22.02,서울 강서구 등촌동
8830e0ae9dfffff,8:00:00,8830e0a1b1fffff,11,41.82,49.0,경기 부천시 오정동
8830e0ae9dfffff,8:00:00,8830e0ae99fffff,30,81.2,23.19,서울 강서구 등촌동
8830e0ae9dfffff,8:20:00,8830e0ae99fffff,55,62.6,23.1,서울 강서구 등촌동
8830e0ae9dfffff,8:40:00,8830e0ae99fffff,39,62.08,24.92,서울 강서구 등촌동
8830e0ae9dfffff,9:00:00,8830e0ae99fffff,43,92.51,27.15,서울 강서구 등촌동
8830e0ae9dfffff,9:20:00,8830e0ae99fffff,39,78.64,33.06,서울 강서구 등촌동
8830e0ae9dfffff,9:40:00,8830e0ae99fffff,56,94.89,26.04,서울 강서구 등촌동
8830e0ae9dfffff,10:00:00,8830e0ae99fffff,57,70.42,28.52,서울 강서구 등촌동
8830e0ae9dfffff,10:20:00,8830e0ae99fffff,63,64.67,28.04,서울 강서구 등촌동
8830e0ae9dfffff,10:40:00,8830e0ae99fffff,59,74.75,25.41,서울 강서구 등촌동
8830e0ae9dfffff,11:00:00,8830e0ae99fffff,56,72.71,21.15,서울 강서구 등촌동
8830e0ae9dfffff,11:20:00,8830e0ae99fffff,67,73.7,33.4,서울 강서구 등촌동
8830e0ae9dfffff,11:40:00,8830e0ae99fffff,76,71.78,24.77,서울 강서구 등촌동
8830e0ae9dfffff,12:00:00,8830e0ae99fffff,86,62.85,29.9,서울 강서구 등촌동
8830e0ae9dfffff,12:20:00,8830e0ae99fffff,72,68.0,30.78,서울 강서구 등촌동
8830e0ae9dfffff,12:40:00,8830e0ae99fffff,73,77.59,30.16,서울 강서구 등촌동
8830e0ae9dfffff,13:00:00,8830e0ae99fffff,77,67.47,26.88,서울 강서구 등촌동
8830e0ae9dfffff,13:20:00,8830e0ae99fffff,77,96.87,29.52,서울 강서구 등촌동
8830e0ae9dfffff,13:40:00,8830e0ae99fffff,81,84.23,26.6,서울 강서구 등촌동
8830e0ae9dfffff,14:00:00,8830e0ae99fffff,79,66.84,28.67,서울 강서구 등촌동
8830e0ae9dfffff,14:20:00,8830e0ae99fffff,70,71.47,25.83,서울 강서구 등촌동
8830e0ae9dfffff,14:40:00,8830e0ae99fffff,85,70.81,23.37,서울 강서구 등촌동
8830e0ae9dfffff,15:00:00,8830e0ae99fffff,68,79.18,26.95,서울 강서구 등촌동
8830e0ae9dfffff,15:20:00,8830e0ae99fffff,64,79.34,31.35,서울 강서구 등촌동
8830e0ae9dfffff,15:40:00,8830e0ae99fffff,66,69.3,30.03,서울 강서구 등촌동
8830e0ae9dfffff,16:00:00,8830e0ae99fffff,58,63.93,32.45,서울 강서구 등촌동
8830e0ae9dfffff,16:20:00,8830e0ae99fffff,58,70.48,25.69,서울 강서구 등촌동
8830e0ae9dfffff,16:40:00,8830e0ae99fffff,59,73.85,26.92,서울 강서구 등촌동
8830e0ae9dfffff,17:00:00,8830e0ae99fffff,68,66.94,24.43,서울 강서구 등촌동
8830e0ae9dfffff,17:20:00,8830e0ae99fffff,63,85.52,28.55,서울 강서구 등촌동
8830e0ae9dfffff,17:40:00,8830e0ae99fffff,46,60.61,19.42,서울 강서구 등촌동
8830e0ae9dfffff,18:00:00,8830e0ae99fffff,71,67.25,25.49,서울 강서구 등촌동
8830e0ae9dfffff,18:20:00,8830e0ae99fffff,48,64.48,26.8,서울 강서구 등촌동
8830e0ae9dfffff,18:40:00,8830e0ae99fffff,56,51.2,24.83,서울 강서구 등촌동
8830e0ae9dfffff,19:00:00,8830e0ae99fffff,49,55.96,21.7,서울 강서구 등촌동
8830e0ae9dfffff,19:20:00,8830e0ae99fffff,39,72.51,26.8,서울 강서구 등촌동
8830e0ae9dfffff,19:40:00,8830e0ae99fffff,32,63.72,24.3,서울 강서구 등촌동
8830e0ae9dfffff,20:00:00,8830e0ae99fffff,36,63.42,27.25,서울 강서구 등촌동
8830e0ae9dfffff,20:20:00,8830e0ae99fffff,31,70.26,32.36,서울 강서구 등촌동
8830e0ae9dfffff,20:40:00,8830e0ae99fffff,46,52.48,28.86,서울 강서구 등촌동
8830e0ae9dfffff,21:00:00,8830e0ae99fffff,37,48.7,26.94,서울 강서구 등촌동
8830e0ae9dfffff,21:20:00,8830e0ae99fffff,23,54.74,31.44,서울 강서구 등촌동
8830e0ae9dfffff,21:40:00,8830e0ae99fffff,27,59.48,25.5,서울 강서구 등촌동
8830e0ae9dfffff,22:00:00,8830e0ae99fffff,22,48.14,27.8,서울 강서구 등촌동
8830e0ae9dfffff,22:20:00,8830e0ae99fffff,11,56.55,27.31,서울 강서구 등촌동
8830e0ae9dfffff,22:40:00,8830e0ae99fffff,16,57.19,47.99,서울 강서구 등촌동
8830e0ae9dfffff,23:00:00,8830e0ae99fffff,13,46.38,20.98,서울 강서구 등촌동
8830e0ae9dfffff,23:20:00,8830e0ae99fffff,10,37.0,15.08,서울 강서구 등촌동
8830e0aea1fffff,0:00:00,8830e0aea7fffff,19,49.16,16.24,서울 양천구 목동
8830e0aea1fffff,4:20:00,8830e0aea7fffff,14,161.36,35.3,서울 양천구 목동
8830e0aea1fffff,4:40:00,8830e0aea7fffff,22,213.36,44.01,서울 양천구 목동
8830e0aea1fffff,5:00:00,8830e0aea7fffff,13,229.69,40.56,서울 양천구 목동
8830e0aea1fffff,5:20:00,8830e0aea7fffff,13,177.62,70.32,서울 양천구 목동
8830e0aea1fffff,5:40:00,8830e0aea7fffff,12,283.33,34.28,서울 양천구 목동
8830e0aea1fffff,6:00:00,8830e0aea7fffff,15,150.47,33.18,서울 양천구 목동
8830e0aea1fffff,7:00:00,8830e0aea7fffff,21,138.67,35.5,서울 양천구 목동
8830e0aea1fffff,7:20:00,8830e0aea7fffff,12,132.67,25.66,서울 양천구 목동
8830e0aea1fffff,9:00:00,8830e0aea7fffff,12,202.25,31.25,서울 양천구 목동
8830e0aea1fffff,9:40:00,8830e0aea7fffff,10,100.3,32.82,서울 양천구 목동
8830e0aea1fffff,10:00:00,8830e0aea7fffff,11,123.91,23.97,서울 양천구 목동
8830e0aea1fffff,10:20:00,8830e0aea7fffff,18,80.39,34.36,서울 양천구 목동
8830e0aea1fffff,11:00:00,8830e0aea7fffff,10,115.7,28.62,서울 양천구 목동
8830e0aea1fffff,11:20:00,8830e0aea7fffff,14,57.93,21.47,서울 양천구 목동
8830e0aea1fffff,11:40:00,8830e0aea7fffff,16,85.63,32.03,서울 양천구 목동
8830e0aea1fffff,12:40:00,8830e0aea7fffff,12,118.17,23.33,서울 양천구 목동
8830e0aea1fffff,13:00:00,8830e0aea7fffff,20,170.4,25.36,서울 양천구 목동
8830e0aea1fffff,13:20:00,8830e0aea7fffff,12,69.33,26.04,서울 양천구 목동
8830e0aea1fffff,13:40:00,8830e0aea7fffff,17,69.65,23.35,서울 양천구 목동
8830e0aea1fffff,14:00:00,8830e0aea7fffff,19,132.26,30.4,서울 양천구 목동
8830e0aea1fffff,14:20:00,8830e0aea7fffff,16,119.31,30.99,서울 양천구 목동
8830e0aea1fffff,14:40:00,8830e0aea7fffff,14,58.86,19.12,서울 양천구 목동
8830e0aea1fffff,15:00:00,8830e0aea7fffff,17,81.12,35.76,서울 양천구 목동
8830e0aea1fffff,15:20:00,8830e0aea7fffff,17,49.88,24.04,서울 양천구 목동
8830e0aea1fffff,15:40:00,8830e0aea7fffff,11,109.36,22.91,서울 양천구 목동
8830e0aea1fffff,17:20:00,8830e0aea7fffff,14,96.29,20.22,서울 양천구 목동
8830e0aea1fffff,17:40:00,8830e0aea7fffff,12,44.33,22.2,서울 양천구 목동
8830e0aea1fffff,18:20:00,8830e0aea7fffff,12,133.0,25.09,서울 양천구 목동
8830e0aea1fffff,19:00:00,8830e0aea7fffff,10,95.2,13.82,서울 양천구 목동
8830e0aea1fffff,23:00:00,8830e0aea7fffff,11,49.0,23.51,서울 양천구 목동
8830e0aea3fffff,0:00:00,8830e0aea7fffff,45,85.4,29.87,서울 양천구 목동
8830e0aea3fffff,4:40:00,8830e0aea7fffff,11,89.18,25.66,서울 양천구 목동
8830e0aea3fffff,5:00:00,8830e0aea7fffff,14,81.21,27.85,서울 양천구 목동
8830e0aea3fffff,5:20:00,8830e0aea7fffff,13,117.23,19.48,서울 양천구 목동
8830e0aea3fffff,6:00:00,8830e0aea7fffff,12,117.17,26.4,서울 양천구 목동
8830e0aea3fffff,7:00:00,8830e0aea7fffff,19,154.37,28.15,서울 양천구 목동
8830e0aea3fffff,7:20:00,8830e0aea7fffff,24,96.5,22.77,서울 양천구 목동
8830e0aea3fffff,7:40:00,8830e0aea7fffff,15,104.0,27.53,서울 양천구 목동
8830e0aea3fffff,8:00:00,8830e0ae99fffff,10,45.7,27.11,서울 강서구 등촌동
8830e0aea3fffff,8:00:00,8830e0aea7fffff,19,103.37,21.95,서울 양천구 목동
8830e0aea3fffff,8:20:00,8830e0aea7fffff,22,85.36,25.39,서울 양천구 목동
8830e0aea3fffff,8:40:00,8830e0aea7fffff,24,141.63,26.8,서울 양천구 목동
8830e0aea3fffff,9:00:00,8830e0aea7fffff,29,149.38,26.08,서울 양천구 목동
8830e0aea3fffff,9:20:00,8830e0ac9dfffff,10,186.0,44.59,서울 양천구 신정동
8830e0aea3fffff,9:20:00,8830e0aea7fffff,22,157.18,33.49,서울 양천구 목동
8830e0aea3fffff,9:40:00,8830e0aea7fffff,41,75.76,32.94,서울 양천구 목동
8830e0aea3fffff,10:00:00,8830e0aea7fffff,30,119.23,31.1,서울 양천구 목동
8830e0aea3fffff,10:20:00,8830e0aea7fffff,32,71.59,29.6,서울 양천구 목동
8830e0aea3fffff,10:40:00,8830e0aea7fffff,31,73.81,20.24,서울 양천구 목동
8830e0aea3fffff,11:00:00,8830e0aea7fffff,23,76.52,18.86,서울 양천구 목동
8830e0aea3fffff,11:20:00,8830e0aea7fffff,23,70.52,22.22,서울 양천구 목동
8830e0aea3fffff,11:40:00,8830e0aea7fffff,17,86.29,16.97,서울 양천구 목동
8830e0aea3fffff,12:00:00,8830e0aea7fffff,17,54.18,28.94,서울 양천구 목동
8830e0aea3fffff,12:20:00,8830e0aea7fffff,22,95.82,23.44,서울 양천구 목동
8830e0aea3fffff,12:40:00,8830e0aea7fffff,29,79.1,27.99,서울 양천구 목동
8830e0aea3fffff,13:00:00,8830e0aea7fffff,30,88.7,25.85,서울 양천구 목동
8830e0aea3fffff,13:20:00,8830e0aea7fffff,40,85.5,24.93,서울 양천구 목동
8830e0aea3fffff,13:40:00,8830e0aea7fffff,38,130.11,23.02,서울 양천구 목동
8830e0aea3fffff,14:00:00,8830e0aea7fffff,37,67.49,18.24,서울 양천구 목동
8830e0aea3fffff,14:20:00,8830e0aea7fffff,49,62.18,26.19,서울 양천구 목동
8830e0aea3fffff,14:40:00,8830e0aea7fffff,38,84.5,32.54,서울 양천구 목동
8830e0aea3fffff,15:00:00,8830e0aea7fffff,44,73.68,27.44,서울 양천구 목동
8830e0aea3fffff,15:20:00,8830e0aea7fffff,27,62.7,24.71,서울 양천구 목동
8830e0aea3fffff,15:40:00,8830e0aea7fffff,34,78.88,23.72,서울 양천구 목동
8830e0aea3fffff,16:00:00,8830e0aea7fffff,29,62.93,20.84,서울 양천구 목동
8830e0aea3fffff,16:20:00,8830e0aea7fffff,41,77.02,20.98,서울 양천구 목동
8830e0aea3fffff,16:40:00,8830e0aea7fffff,31,67.35,18.11,서울 양천구 목동
8830e0aea3fffff,17:00:00,8830e0aea7fffff,30,74.3,19.16,서울 양천구 목동
8830e0aea3fffff,17:20:00,8830e0aea7fffff,25,87.28,19.63,서울 양천구 목동
8830e0aea3fffff,17:40:00,8830e0aea7fffff,29,54.72,16.23,서울 양천구 목동
8830e0aea3fffff,18:00:00,8830e0aea7fffff,27,77.48,21.04,서울 양천구 목동
8830e0aea3fffff,18:20:00,8830e0aea7fffff,33,56.36,24.07,서울 양천구 목동
8830e0aea3fffff,18:40:00,8830e0aea7fffff,27,78.48,17.67,서울 양천구 목동
8830e0aea3fffff,19:00:00,8830e0aea7fffff,17,77.18,18.98,서울 양천구 목동
8830e0aea3fffff,19:20:00,8830e0aea7fffff,12,48.67,21.65,서울 양천구 목동
8830e0aea3fffff,19:40:00,8830e0aea7fffff,18,61.22,18.7,서울 양천구 목동
8830e0aea3fffff,20:00:00,8830e0aea7fffff,14,63.29,13.36,서울 양천구 목동
8830e0aea3fffff,20:20:00,8830e0aea7fffff,25,87.12,21.91,서울 양천구 목동
8830e0aea3fffff,20:40:00,8830e0aea7fffff,19,68.05,24.92,서울 양천구 목동
8830e0aea3fffff,21:00:00,8830e0aea7fffff,17,62.76,18.52,서울 양천구 목동
8830e0aea3fffff,21:20:00,8830e0aea7fffff,21,53.1,21.69,서울 양천구 목동
8830e0aea3fffff,21:40:00,8830e0aea7fffff,10,60.1,12.57,서울 양천구 목동
8830e0aea3fffff,22:00:00,8830e0aea7fffff,14,54.64,16.96,서울 양천구 목동
8830e0aea3fffff,22:20:00,8830e0aea7fffff,17,48.12,18.7,서울 양천구 목동
8830e0aea3fffff,22:40:00,8830e0aea7fffff,14,56.79,18.95,서울 양천구 목동
8830e0aea3fffff,23:00:00,8830e0aea7fffff,18,47.61,19.75,서울 양천구 목동
8830e0aea5fffff,0:00:00,8830e0aea7fffff,13,69.92,21.45,서울 양천구 목동
8830e0aea5fffff,5:00:00,8830e0aea7fffff,25,294.6,38.33,서울 양천구 목동
8830e0aea5fffff,5:40:00,8830e0aea7fffff,15,111.6,49.92,서울 양천구 목동
8830e0aea5fffff,7:00:00,8830e0aea7fffff,13,212.23,34.6,서울 양천구 목동
8830e0aea5fffff,8:40:00,8830e0aea7fffff,10,94.7,24.46,서울 양천구 목동
8830e0aea5fffff,9:00:00,8830e0aea7fffff,13,69.15,24.55,서울 양천구 목동
8830e0aea5fffff,9:40:00,8830e0aea7fffff,11,191.36,20.84,서울 양천구 목동
8830e0aea5fffff,10:00:00,8830e0aea7fffff,14,97.57,36.91,서울 양천구 목동
8830e0aea5fffff,10:20:00,8830e0aea7fffff,17,145.94,27.72,서울 양천구 목동
8830e0aea5fffff,10:40:00,8830e0aea7fffff,15,56.67,36.23,서울 양천구 목동
8830e0aea5fffff,11:20:00,8830e0aea7fffff,14,95.93,24.46,서울 양천구 목동
8830e0aea5fffff,11:40:00,8830e0aea7fffff,13,107.85,29.98,서울 양천구 목동
8830e0aea5fffff,13:00:00,8830e0aea7fffff,14,76.71,29.29,서울 양천구 목동
8830e0aea5fffff,13:20:00,8830e0aea7fffff,13,68.38,34.64,서울 양천구 목동
8830e0aea5fffff,13:40:00,8830e0aea7fffff,15,71.53,22.87,서울 양천구 목동
8830e0aea5fffff,14:00:00,8830e0aea7fffff,12,102.25,35.06,서울 양천구 목동
8830e0aea5fffff,14:20:00,8830e0aea7fffff,11,72.27,22.42,서울 양천구 목동
8830e0aea5fffff,14:40:00,8830e0aea7fffff,15,110.93,25.02,서울 양천구 목동
8830e0aea5fffff,15:00:00,8830e0aea7fffff,11,61.0,35.14,서울 양천구 목동
8830e0aea5fffff,15:20:00,8830e0aea7fffff,11,255.82,26.87,서울 양천구 목동
8830e0aea5fffff,18:00:00,8830e0aea7fffff,11,71.91,13.73,서울 양천구 목동
8830e0aea7fffff,0:00:00,8830e0aea7fffff,328,58.82,15.8,서울 양천구 목동
8830e0aea7fffff,0:20:00,8830e0aea7fffff,30,65.93,18.26,서울 양천구 목동
8830e0aea7fffff,0:40:00,8830e0aea7fffff,43,80.28,14.95,서울 양천구 목동
8830e0aea7fffff,1:00:00,8830e0aea7fffff,40,60.13,12.52,서울 양천구 목동
8830e0aea7fffff,1:20:00,8830e0aea7fffff,44,71.55,15.63,서울 양천구 목동
8830e0aea7fffff,1:40:00,8830e0aea7fffff,38,80.58,13.05,서울 양천구 목동
8830e0aea7fffff,2:00:00,8830e0aea7fffff,38,57.18,15.14,서울 양천구 목동
8830e0aea7fffff,2:20:00,8830e0aea7fffff,44,69.32,11.36,서울 양천구 목동
8830e0aea7fffff,2:40:00,8830e0aea7fffff,39,70.62,16.09,서울 양천구 목동
8830e0aea7fffff,3:00:00,8830e0aea7fffff,33,101.73,18.95,서울 양천구 목동
8830e0aea7fffff,3:20:00,8830e0aea7fffff,43,96.6,19.08,서울 양천구 목동
8830e0aea7fffff,3:40:00,8830e0aea7fffff,51,133.22,28.04,서울 양천구 목동
8830e0aea7fffff,4:00:00,8830e0aea7fffff,70,208.36,28.62,서울 양천구 목동
8830e0aea7fffff,4:20:00,8830e0aea7fffff,86,258.91,39.56,서울 양천구 목동
8830e0aea7fffff,4:40:00,8830e0aea7fffff,101,200.62,37.76,서울 양천구 목동
8830e0aea7fffff,5:00:00,8830e0aea7fffff,84,186.1,29.31,서울 양천구 목동
8830e0aea7fffff,5:20:00,8830e0aea7fffff,87,211.53,38.56,서울 양천구 목동
8830e0aea7fffff,5:40:00,8830e0aea7fffff,92,161.04,33.88,서울 양천구 목동
8830e0aea7fffff,6:00:00,8830e0aea7fffff,97,211.32,32.15,서울 양천구 목동
8830e0aea7fffff,6:20:00,8830e0aea7fffff,93,186.89,32.99,서울 양천구 목동
8830e0aea7fffff,6:40:00,8830e0aea7fffff,95,184.54,35.88,서울 양천구 목동
8830e0aea7fffff,7:00:00,8830e0aea7fffff,175,157.01,27.4,서울 양천구 목동
8830e0aea7fffff,7:20:00,8830e0aea7fffff,158,124.01,25.19,서울 양천구 목동
8830e0aea7fffff,7:40:00,8830e0aea7fffff,181,141.56,28.53,서울 양천구 목동
8830e0aea7fffff,8:00:00,8830e0ae99fffff,10,54.0,28.12,서울 강서구 등촌동
8830e0aea7fffff,8:00:00,8830e0aea7fffff,164,120.4,29.57,서울 양천구 목동
8830e0aea7fffff,8:00:00,8830e1db25fffff,11,71.36,20.67,서울 양천구 목동
8830e0aea7fffff,8:20:00,8830e0ae99fffff,14,53.64,26.09,서울 강서구 등촌동
8830e0aea7fffff,8:20:00,8830e0aea7fffff,187,132.42,28.11,서울 양천구 목동
8830e0aea7fffff,8:40:00,8830e0aea7fffff,194,120.34,26.83,서울 양천구 목동
8830e0aea7fffff,9:00:00,8830e0aea7fffff,239,118.87,27.79,서울 양천구 목동
8830e0aea7fffff,9:20:00,8830e0aea7fffff,250,127.08,27.08,서울 양천구 목동
8830e0aea7fffff,9:40:00,8830e0aea7fffff,264,119.7,30.27,서울 양천구 목동
8830e0aea7fffff,10:00:00,8830e0aea7fffff,301,114.83,29.87,서울 양천구 목동
8830e0aea7fffff,10:20:00,8830e0aea7fffff,245,113.46,25.86,서울 양천구 목동
8830e0aea7fffff,10:40:00,8830e0aea7fffff,239,112.04,26.09,서울 양천구 목동
8830e0aea7fffff,11:00:00,8830e0aea7fffff,241,102.58,26.52,서울 양천구 목동
8830e0aea7fffff,11:20:00,8830e0aea7fffff,238,86.24,25.26,서울 양천구 목동
8830e0aea7fffff,11:40:00,8830e0aea7fffff,218,107.77,26.38,서울 양천구 목동
8830e0aea7fffff,12:00:00,8830e0aea7fffff,278,109.71,29.55,서울 양천구 목동
8830e0aea7fffff,12:20:00,8830e0aea7fffff,251,116.51,30.11,서울 양천구 목동
8830e0aea7fffff,12:40:00,8830e0ac9dfffff,10,345.3,43.58,서울 양천구 신정동
8830e0aea7fffff,12:40:00,8830e0aea7fffff,244,99.59,25.33,서울 양천구 목동
8830e0aea7fffff,13:00:00,8830e0aea7fffff,272,111.88,26.72,서울 양천구 목동
8830e0aea7fffff,13:20:00,8830e0aea7fffff,306,97.07,27.77,서울 양천구 목동
8830e0aea7fffff,13:40:00,8830e0aea7fffff,260,95.06,22.93,서울 양천구 목동
8830e0aea7fffff,14:00:00,8830e0aea7fffff,297,88.95,23.8,서울 양천구 목동
8830e0aea7fffff,14:20:00,8830e0aea7fffff,252,98.23,26.05,서울 양천구 목동
8830e0aea7fffff,14:40:00,8830e0aea7fffff,244,101.31,23.71,서울 양천구 목동
8830e0aea7fffff,15:00:00,8830e0aea7fffff,223,92.93,23.61,서울 양천구 목동
8830e0aea7fffff,15:20:00,8830e0aea7fffff,268,98.9,27.43,서울 양천구 목동
8830e0aea7fffff,15:40:00,8830e0aea7fffff,279,92.67,25.04,서울 양천구 목동
8830e0aea7fffff,16:00:00,8830e0aea7fffff,218,90.83,23.41,서울 양천구 목동
8830e0aea7fffff,16:20:00,8830e0aea7fffff,230,85.93,27.89,서울 양천구 목동
8830e0aea7fffff,16:40:00,8830e0aea7fffff,188,100.24,22.12,서울 양천구 목동
8830e0aea7fffff,17:00:00,8830e0aea7fffff,207,79.45,21.95,서울 양천구 목동
8830e0aea7fffff,17:20:00,8830e0aea7fffff,227,78.3,21.26,서울 양천구 목동
8830e0aea7fffff,17:40:00,8830e0aea7fffff,215,76.45,21.27,서울 양천구 목동
8830e0aea7fffff,18:00:00,8830e0aea7fffff,168,75.67,18.73,서울 양천구 목동
8830e0aea7fffff,18:20:00,8830e0aea7fffff,160,69.61,19.53,서울 양천구 목동
8830e0aea7fffff,18:40:00,8830e0aea7fffff,135,94.32,23.65,서울 양천구 목동
8830e0aea7fffff,19:00:00,8830e0aea7fffff,119,95.74,21.8,서울 양천구 목동
8830e0aea7fffff,19:20:00,8830e0aea7fffff,109,74.39,22.2,서울 양천구 목동
8830e0aea7fffff,19:40:00,8830e0aea7fffff,106,88.19,23.63,서울 양천구 목동
8830e0aea7fffff,20:00:00,8830e0aea7fffff,111,90.22,21.8,서울 양천구 목동
8830e0aea7fffff,20:20:00,8830e0aea7fffff,105,93.1,23.73,서울 양천구 목동
8830e0aea7fffff,20:40:00,8830e0aea7fffff,108,80.99,20.78,서울 양천구 목동
8830e0aea7fffff,21:00:00,8830e0aea7fffff,79,83.14,19.86,서울 양천구 목동
8830e0aea7fffff,21:20:00,8830e0aea7fffff,95,67.28,23.65,서울 양천구 목동
8830e0aea7fffff,21:40:00,8830e0aea7fffff,81,53.31,16.16,서울 양천구 목동
8830e0aea7fffff,22:00:00,8830e0aea7fffff,77,55.12,16.16,서울 양천구 목동
8830e0aea7fffff,22:20:00,8830e0aea7fffff,54,52.94,17.35,서울 양천구 목동
8830e0aea7fffff,22:40:00,8830e0aea7fffff,59,57.0,15.96,서울 양천구 목동
8830e0aea7fffff,23:00:00,8830e0aea7fffff,58,48.66,11.49,서울 양천구 목동
8830e0aea7fffff,23:20:00,8830e0aea7fffff,58,35.09,12.58,서울 양천구 목동
8830e0aea9fffff,6:40:00,8830e0ae99fffff,10,50.7,18.2,서울 강서구 등촌동
8830e0aeabfffff,0:00:00,8830e0aea7fffff,12,94.67,28.54,서울 양천구 목동
8830e0aeabfffff,8:00:00,8830e0ae99fffff,22,52.27,22.34,서울 강서구 등촌동
8830e0aeabfffff,8:40:00,8830e0ae99fffff,11,37.73,21.15,서울 강서구 등촌동
8830e0aeabfffff,9:00:00,8830e0ae99fffff,13,41.77,28.32,서울 강서구 등촌동
8830e0aeabfffff,10:40:00,8830e0aea7fffff,11,78.36,27.23,서울 양천구 목동
8830e0aeabfffff,12:00:00,8830e0aea7fffff,10,56.5,35.22,서울 양천구 목동
8830e0aeabfffff,12:20:00,8830e0ae99fffff,13,55.92,27.69,서울 강서구 등촌동
8830e0aeabfffff,13:00:00,8830e0aea7fffff,10,69.6,20.33,서울 양천구 목동
8830e0aeabfffff,14:40:00,8830e0aea7fffff,11,66.73,24.74,서울 양천구 목동
8830e0aeabfffff,15:00:00,8830e0aea7fffff,14,57.5,23.38,서울 양천구 목동
8830e0aeabfffff,16:00:00,8830e0aea7fffff,11,50.55,17.64,서울 양천구 목동
8830e0aeabfffff,17:00:00,8830e0aea7fffff,16,67.25,30.86,서울 양천구 목동
8830e0aeabfffff,17:40:00,8830e0aea7fffff,12,53.75,21.52,서울 양천구 목동
8830e0aeabfffff,18:00:00,8830e0ae99fffff,10,47.2,22.08,서울 강서구 등촌동
8830e0aeabfffff,18:00:00,8830e0aea7fffff,16,75.44,18.04,서울 양천구 목동
8830e0aeadfffff,7:20:00,8830e0ac83fffff,10,84.9,27.92,서울 구로구 구로동
8830e0aeadfffff,8:00:00,8830e0ae99fffff,11,42.27,45.67,서울 강서구 등촌동
8830e0aeadfffff,8:40:00,8830e0af0bfffff,13,46.38,29.85,경기 부천시 중동
8830e0aeadfffff,10:40:00,8830e0af0bfffff,10,68.5,29.49,경기 부천시 중동
8830e0aeadfffff,11:00:00,8830e0af0bfffff,10,56.9,27.41,경기 부천시 중동
8830e0aeadfffff,13:40:00,8830e0af0bfffff,12,83.75,27.4,경기 부천시 중동
8830e0aeadfffff,14:00:00,8830e0af0bfffff,13,58.38,27.08,경기 부천시 중동
8830e0aeadfffff,15:20:00,8830e0aea7fffff,10,77.6,21.97,서울 양천구 목동
8830e0aeadfffff,15:40:00,8830e0af0bfffff,10,65.9,32.02,경기 부천시 중동
8830e0aeadfffff,17:00:00,8830e0af0bfffff,11,59.36,32.19,경기 부천시 중동
8830e0aeb1fffff,7:20:00,8830e0ac83fffff,15,72.87,21.64,서울 구로구 구로동
8830e0aeb1fffff,7:20:00,8830e0ae99fffff,11,48.36,30.94,서울 강서구 등촌동
8830e0aeb1fffff,7:40:00,8830e0ac83fffff,11,78.0,26.86,서울 구로구 구로동
8830e0aeb1fffff,8:00:00,8830e0ae99fffff,30,42.67,24.93,서울 강서구 등촌동
8830e0aeb1fffff,8:20:00,8830e0ae99fffff,17,55.53,28.69,서울 강서구 등촌동
8830e0aeb1fffff,8:40:00,8830e1db25fffff,12,52.67,23.42,서울 양천구 목동
8830e0aeb1fffff,13:00:00,8830e0ae99fffff,10,41.3,28.05,서울 강서구 등촌동
8830e0aeb1fffff,14:20:00,8830e0ae99fffff,10,68.1,19.53,서울 강서구 등촌동
8830e0aeb1fffff,17:00:00,8830e0ae99fffff,10,70.1,27.17,서울 강서구 등촌동
8830e0aeb3fffff,7:40:00,8830e0ae99fffff,16,60.0,32.67,서울 강서구 등촌동
8830e0aeb3fffff,8:00:00,8830e0ae99fffff,23,44.09,27.65,서울 강서구 등촌동
8830e0aeb3fffff,8:00:00,8830e1db25fffff,10,51.2,25.31,서울 양천구 목동
8830e0aeb5fffff,0:00:00,8830e0ae99fffff,10,76.5,46.26,서울 강서구 등촌동
8830e0aeb5fffff,0:00:00,8830e0aea7fffff,26,69.38,35.57,서울 양천구 목동
8830e0aeb5fffff,7:40:00,8830e0ae99fffff,20,48.75,23.4,서울 강서구 등촌동
8830e0aeb5fffff,8:00:00,8830e0ac83fffff,11,46.09,27.53,서울 구로구 구로동
8830e0aeb5fffff,8:00:00,8830e0ae99fffff,29,62.72,25.93,서울 강서구 등촌동
8830e0aeb5fffff,8:00:00,8830e1db25fffff,13,48.85,16.87,서울 양천구 목동
8830e0aeb5fffff,8:20:00,8830e0ac83fffff,10,59.4,31.02,서울 구로구 구로동
8830e0aeb5fffff,8:20:00,8830e0ae99fffff,12,52.58,23.22,서울 강서구 등촌동
8830e0aeb5fffff,9:40:00,8830e0aea7fffff,11,60.27,28.33,서울 양천구 목동
8830e0aeb5fffff,10:20:00,8830e0aea7fffff,12,116.33,19.16,서울 양천구 목동
8830e0aeb5fffff,12:00:00,8830e0ae99fffff,11,82.82,32.82,서울 강서구 등촌동
8830e0aeb5fffff,12:40:00,8830e0aea7fffff,13,66.31,24.45,서울 양천구 목동
8830e0aeb5fffff,13:20:00,8830e0aea7fffff,11,66.82,20.37,서울 양천구 목동
8830e0aeb5fffff,15:00:00,8830e0aea7fffff,15,80.87,22.7,서울 양천구 목동
8830e0aeb5fffff,16:40:00,8830e0aea7fffff,15,79.07,20.27,서울 양천구 목동
8830e0aeb5fffff,17:20:00,8830e0aea7fffff,10,57.6,22.23,서울 양천구 목동
8830e0aeb5fffff,17:40:00,8830e0aea7fffff,11,59.82,24.8,서울 양천구 목동
8830e0aeb5fffff,18:20:00,8830e0aea7fffff,11,53.0,14.42,서울 양천구 목동
8830e0aeb5fffff,18:40:00,8830e0aea7fffff,12,44.33,16.99,서울 양천구 목동
8830e0aeb5fffff,19:00:00,8830e0aea7fffff,11,54.73,22.63,서울 양천구 목동
8830e0aeb7fffff,8:00:00,8830e0ae99fffff,16,45.44,29.34,서울 강서구 등촌동
8830e0aeb9fffff,7:00:00,8830e0ae99fffff,10,52.1,22.3,서울 강서구 등촌동
8830e0aeb9fffff,8:00:00,8830e0ac83fffff,13,42.38,28.16,서울 구로구 구로동
8830e0aeb9fffff,8:00:00,8830e0ae99fffff,18,158.5,25.28,서울 강서구 등촌동
8830e0aeb9fffff,8:20:00,8830e0ae99fffff,19,73.79,25.99,서울 강서구 등촌동
8830e0aeb9fffff,8:40:00,8830e0ae99fffff,12,106.83,21.39,서울 강서구 등촌동
8830e0aeb9fffff,9:00:00,8830e0ae99fffff,15,69.0,19.2,서울 강서구 등촌동
8830e0aeb9fffff,9:20:00,8830e0ae99fffff,11,89.36,30.58,서울 강서구 등촌동
8830e0aeb9fffff,9:40:00,8830e0ae99fffff,11,64.45,25.98,서울 강서구 등촌동
8830e0aeb9fffff,10:00:00,8830e0ae99fffff,10,79.9,20.15,서울 강서구 등촌동
8830e0aeb9fffff,10:40:00,8830e0ae99fffff,10,75.9,29.09,서울 강서구 등촌동
8830e0aeb9fffff,11:00:00,8830e0ae99fffff,13,76.31,34.46,서울 강서구 등촌동
8830e0aeb9fffff,11:20:00,8830e0ae99fffff,16,64.63,26.49,서울 강서구 등촌동
8830e0aeb9fffff,11:40:00,8830e0ae99fffff,17,57.0,20.23,서울 강서구 등촌동
8830e0aeb9fffff,12:00:00,8830e0ae99fffff,11,60.27,21.42,서울 강서구 등촌동
8830e0aeb9fffff,12:20:00,8830e0ae99fffff,11,83.64,17.03,서울 강서구 등촌동
8830e0aeb9fffff,12:40:00,8830e0ae99fffff,15,97.47,23.96,서울 강서구 등촌동
8830e0aeb9fffff,13:00:00,8830e0ae99fffff,16,59.44,46.54,서울 강서구 등촌동
8830e0aeb9fffff,13:20:00,8830e0ae99fffff,13,55.0,20.86,서울 강서구 등촌동
8830e0aeb9fffff,13:40:00,8830e0ae99fffff,14,75.64,21.06,서울 강서구 등촌동
8830e0aeb9fffff,14:00:00,8830e0ae99fffff,18,75.0,20.52,서울 강서구 등촌동
8830e0aeb9fffff,15:20:00,8830e0ae99fffff,19,151.0,20.62,서울 강서구 등촌동
8830e0aeb9fffff,15:40:00,8830e0ae99fffff,10,57.7,23.36,서울 강서구 등촌동
8830e0aeb9fffff,16:00:00,8830e0ae99fffff,15,134.53,20.01,서울 강서구 등촌동
8830e0aeb9fffff,16:40:00,8830e0ae99fffff,10,92.4,16.14,서울 강서구 등촌동
8830e0aeb9fffff,17:20:00,8830e0ae99fffff,12,59.17,32.3,서울 강서구 등촌동
8830e0aeb9fffff,17:40:00,8830e0ae99fffff,13,49.62,23.36,서울 강서구 등촌동
8830e0aebdfffff,7:40:00,8830e0ae99fffff,29,44.55,24.89,서울 강서구 등촌동
8830e0aebdfffff,8:00:00,8830e0ae99fffff,24,61.83,21.76,서울 강서구 등촌동
8830e0aebdfffff,8:20:00,8830e0ae99fffff,17,48.06,24.64,서울 강서구 등촌동
8830e0aebdfffff,8:20:00,8830e1db25fffff,10,52.1,34.58,서울 양천구 목동
8830e0aebdfffff,8:40:00,8830e0ae99fffff,14,53.57,29.27,서울 강서구 등촌동
8830e0aebdfffff,9:20:00,8830e0ae99fffff,12,51.25,28.76,서울 강서구 등촌동
8830e0aebdfffff,11:20:00,8830e0ae99fffff,11,64.64,24.07,서울 강서구 등촌동
8830e0aec1fffff,0:00:00,8830e0aee9fffff,16,125.38,46.83,Gimpo_Airport
8830e0aec1fffff,8:40:00,8830e0ae99fffff,10,40.0,47.59,서울 강서구 등촌동
8830e0aec1fffff,12:00:00,8830e0aee9fffff,11,145.36,41.23,Gimpo_Airport
8830e0aec1fffff,14:40:00,8830e0ae99fffff,11,68.18,59.72,서울 강서구 등촌동
8830e0aec1fffff,18:00:00,8830e0ae99fffff,11,154.36,60.12,서울 강서구 등촌동
8830e0aec1fffff,18:20:00,8830e0aee9fffff,10,138.7,166.45,Gimpo_Airport
8830e0aec1fffff,18:40:00,8830e0aee9fffff,11,142.36,55.69,Gimpo_Airport
8830e0aec1fffff,19:00:00,8830e0aee9fffff,11,105.91,29.73,Gimpo_Airport
8830e0aec1fffff,20:00:00,8830e0aee9fffff,11,115.45,15.68,Gimpo_Airport
8830e0aec1fffff,20:40:00,8830e0aee9fffff,10,98.8,31.09,Gimpo_Airport
8830e0aec3fffff,8:00:00,8830e0ae99fffff,10,93.8,33.69,서울 강서구 등촌동
8830e0aec3fffff,13:40:00,8830e0ae99fffff,12,48.75,23.41,서울 강서구 등촌동
8830e0aec3fffff,15:20:00,8830e0ae99fffff,13,46.23,20.46,서울 강서구 등촌동
8830e0aec3fffff,15:40:00,8830e0ae99fffff,13,88.23,29.44,서울 강서구 등촌동
8830e0aec3fffff,17:20:00,8830e0ae99fffff,13,187.85,66.38,서울 강서구 등촌동
8830e0aec3fffff,18:20:00,8830e0ae99fffff,10,59.1,24.7,서울 강서구 등촌동
8830e0aec5fffff,11:20:00,8830e0aee9fffff,11,135.73,287.97,Gimpo_Airport
8830e0aec7fffff,8:40:00,8830e0ae99fffff,11,96.0,36.76,서울 강서구 등촌동
8830e0aec9fffff,0:00:00,8830e0aee9fffff,22,77.73,14.33,Gimpo_Airport
8830e0aec9fffff,7:00:00,8830e0aee9fffff,12,67.25,107.56,Gimpo_Airport
8830e0aec9fffff,8:20:00,8830e0ae99fffff,14,93.71,28.15,서울 강서구 등촌동
8830e0aec9fffff,10:00:00,8830e0aee9fffff,11,99.82,60.72,Gimpo_Airport
8830e0aec9fffff,11:00:00,8830e0aee9fffff,10,67.9,19.79,Gimpo_Airport
8830e0aec9fffff,18:00:00,8830e0aee9fffff,14,97.14,16.07,Gimpo_Airport
8830e0aecbfffff,8:00:00,8830e0ae99fffff,19,64.58,23.33,서울 강서구 등촌동
8830e0aecbfffff,8:20:00,8830e0ae99fffff,19,51.58,19.57,서울 강서구 등촌동
8830e0aecbfffff,8:20:00,8830e1db25fffff,10,40.8,44.82,서울 양천구 목동
8830e0aecbfffff,8:40:00,8830e0ae99fffff,11,41.82,25.32,서울 강서구 등촌동
8830e0aecbfffff,9:00:00,8830e0ae99fffff,12,78.75,31.95,서울 강서구 등촌동
8830e0aecbfffff,9:00:00,8830e0af0bfffff,10,40.3,82.46,경기 부천시 중동
8830e0aecbfffff,9:20:00,8830e0ae99fffff,11,88.82,27.67,서울 강서구 등촌동
8830e0aecbfffff,9:40:00,8830e0ae99fffff,15,64.33,29.38,서울 강서구 등촌동
8830e0aecbfffff,10:40:00,8830e0ae99fffff,11,63.27,49.43,서울 강서구 등촌동
8830e0aecbfffff,11:00:00,8830e0ae99fffff,10,75.8,28.54,서울 강서구 등촌동
8830e0aecbfffff,12:00:00,8830e0ae99fffff,11,91.82,39.83,서울 강서구 등촌동
8830e0aecbfffff,12:40:00,8830e0ae99fffff,13,57.92,23.99,서울 강서구 등촌동
8830e0aecbfffff,13:00:00,8830e0ae99fffff,13,67.23,32.63,서울 강서구 등촌동
8830e0aecbfffff,13:20:00,8830e0ae99fffff,14,76.07,28.91,서울 강서구 등촌동
8830e0aecbfffff,13:40:00,8830e0ae99fffff,10,50.9,39.02,서울 강서구 등촌동
8830e0aecbfffff,14:00:00,8830e0ae99fffff,12,59.17,27.86,서울 강서구 등촌동
8830e0aecbfffff,14:20:00,8830e0ae99fffff,13,86.23,27.79,서울 강서구 등촌동
8830e0aecbfffff,14:40:00,8830e0ae99fffff,11,58.09,19.26,서울 강서구 등촌동
8830e0aecbfffff,17:20:00,8830e0ae99fffff,14,60.86,31.81,서울 강서구 등촌동
8830e0aecbfffff,18:00:00,8830e0ae99fffff,16,61.88,27.9,서울 강서구 등촌동
8830e0aecbfffff,18:40:00,8830e0ae99fffff,10,166.3,21.62,서울 강서구 등촌동
8830e0aecdfffff,0:00:00,8830e0aee9fffff,18,264.83,36.25,Gimpo_Airport
8830e0aecdfffff,7:00:00,8830e0aee9fffff,13,144.46,95.63,Gimpo_Airport
8830e0aecdfffff,8:00:00,8830e0aee9fffff,12,117.42,110.92,Gimpo_Airport
8830e0aecdfffff,8:20:00,8830e0aee9fffff,14,76.14,277.55,Gimpo_Airport
8830e0aecdfffff,11:20:00,8830e0aee9fffff,14,83.71,118.91,Gimpo_Airport
8830e0aecdfffff,11:40:00,8830e0aee9fffff,11,89.91,217.74,Gimpo_Airport
8830e0aecdfffff,13:00:00,8830e0ae99fffff,10,118.5,78.18,서울 강서구 등촌동
8830e0aecdfffff,13:00:00,8830e0aee9fffff,10,75.6,137.64,Gimpo_Airport
8830e0aecdfffff,18:20:00,8830e0aee9fffff,13,87.62,61.52,Gimpo_Airport
8830e0aecdfffff,19:00:00,8830e0aee9fffff,14,127.79,27.44,Gimpo_Airport
8830e0aecdfffff,23:00:00,8830e0aee9fffff,10,55.9,19.58,Gimpo_Airport
8830e0aed1fffff,9:40:00,8830e0ae99fffff,14,50.0,22.88,서울 강서구 등촌동
8830e0aed1fffff,10:40:00,8830e0ae99fffff,14,67.5,17.87,서울 강서구 등촌동
8830e0aed1fffff,11:00:00,8830e0ae99fffff,13,64.69,20.04,서울 강서구 등촌동
8830e0aed1fffff,11:40:00,8830e0ae99fffff,10,80.3,21.39,서울 강서구 등촌동
8830e0aed1fffff,12:00:00,8830e0ae99fffff,14,66.07,37.0,서울 강서구 등촌동
8830e0aed1fffff,12:40:00,8830e0ae99fffff,12,50.5,19.95,서울 강서구 등촌동
8830e0aed1fffff,13:00:00,8830e0ae99fffff,10,63.8,38.63,서울 강서구 등촌동
8830e0aed1fffff,14:20:00,8830e0ae99fffff,14,81.64,33.05,서울 강서구 등촌동
8830e0aed1fffff,14:40:00,8830e0ae99fffff,12,53.5,21.11,서울 강서구 등촌동
8830e0aed1fffff,15:00:00,8830e0ae99fffff,14,57.57,28.3,서울 강서구 등촌동
8830e0aed1fffff,15:20:00,8830e0ae99fffff,11,54.18,32.92,서울 강서구 등촌동
8830e0aed1fffff,15:40:00,8830e0ae99fffff,17,132.88,43.43,서울 강서구 등촌동
8830e0aed1fffff,16:40:00,8830e0ae99fffff,10,66.2,25.33,서울 강서구 등촌동
8830e0aed1fffff,17:00:00,8830e0ae99fffff,12,144.5,22.23,서울 강서구 등촌동
8830e0aed1fffff,17:40:00,8830e0ae99fffff,15,62.87,26.36,서울 강서구 등촌동
8830e0aed1fffff,18:00:00,8830e0ae99fffff,16,40.56,20.38,서울 강서구 등촌동
8830e0aed3fffff,0:00:00,8830e0ae99fffff,22,72.73,26.7,서울 강서구 등촌동
8830e0aed3fffff,7:00:00,8830e0ae99fffff,18,65.89,44.15,서울 강서구 등촌동
8830e0aed3fffff,7:40:00,8830e0ae99fffff,16,125.31,34.17,서울 강서구 등촌동
8830e0aed3fffff,8:00:00,8830e0ae99fffff,20,65.95,21.93,서울 강서구 등촌동
8830e0aed3fffff,8:20:00,8830e0ae99fffff,25,98.92,24.35,서울 강서구 등촌동
8830e0aed3fffff,8:40:00,8830e0ae99fffff,43,79.51,22.22,서울 강서구 등촌동
8830e0aed3fffff,9:00:00,8830e0ae99fffff,23,94.04,27.57,서울 강서구 등촌동
8830e0aed3fffff,9:20:00,8830e0ae99fffff,41,89.68,23.83,서울 강서구 등촌동
8830e0aed3fffff,9:40:00,8830e0ae99fffff,44,77.0,25.76,서울 강서구 등촌동
8830e0aed3fffff,10:00:00,8830e0ae99fffff,58,66.66,26.19,서울 강서구 등촌동
8830e0aed3fffff,10:20:00,8830e0ae99fffff,54,62.28,24.39,서울 강서구 등촌동
8830e0aed3fffff,10:40:00,8830e0ae99fffff,61,60.74,27.44,서울 강서구 등촌동
8830e0aed3fffff,11:00:00,8830e0ae99fffff,56,55.61,27.16,서울 강서구 등촌동
8830e0aed3fffff,11:20:00,8830e0ae99fffff,77,57.01,22.73,서울 강서구 등촌동
8830e0aed3fffff,11:40:00,8830e0ae99fffff,99,67.35,29.11,서울 강서구 등촌동
8830e0aed3fffff,12:00:00,8830e0ae99fffff,108,60.65,27.9,서울 강서구 등촌동
8830e0aed3fffff,12:20:00,8830e0ae99fffff,116,62.38,23.52,서울 강서구 등촌동
8830e0aed3fffff,12:40:00,8830e0ae99fffff,83,63.16,29.46,서울 강서구 등촌동
8830e0aed3fffff,13:00:00,8830e0ae99fffff,75,74.35,19.57,서울 강서구 등촌동
8830e0aed3fffff,13:20:00,8830e0ae99fffff,65,77.83,25.73,서울 강서구 등촌동
8830e0aed3fffff,13:40:00,8830e0ae99fffff,77,74.18,28.06,서울 강서구 등촌동
8830e0aed3fffff,14:00:00,8830e0ae99fffff,65,102.91,23.97,서울 강서구 등촌동
8830e0aed3fffff,14:20:00,8830e0ae99fffff,81,69.19,24.59,서울 강서구 등촌동
8830e0aed3fffff,14:40:00,8830e0ae99fffff,59,63.19,21.97,서울 강서구 등촌동
8830e0aed3fffff,15:00:00,8830e0ae99fffff,49,63.35,26.34,서울 강서구 등촌동
8830e0aed3fffff,15:20:00,8830e0ae99fffff,50,59.44,24.24,서울 강서구 등촌동
8830e0aed3fffff,15:40:00,8830e0ae99fffff,48,69.73,21.04,서울 강서구 등촌동
8830e0aed3fffff,16:00:00,8830e0ae99fffff,59,55.08,19.46,서울 강서구 등촌동
8830e0aed3fffff,16:20:00,8830e0ae99fffff,44,51.55,24.11,서울 강서구 등촌동
8830e0aed3fffff,16:40:00,8830e0ae99fffff,52,64.67,17.88,서울 강서구 등촌동
8830e0aed3fffff,17:00:00,8830e0ae99fffff,58,62.86,26.43,서울 강서구 등촌동
8830e0aed3fffff,17:20:00,8830e0ae99fffff,45,60.96,20.37,서울 강서구 등촌동
8830e0aed3fffff,17:40:00,8830e0ae99fffff,36,66.78,23.96,서울 강서구 등촌동
8830e0aed3fffff,18:00:00,8830e0ae99fffff,47,54.96,23.43,서울 강서구 등촌동
8830e0aed3fffff,18:20:00,8830e0ae99fffff,31,68.45,16.19,서울 강서구 등촌동
8830e0aed3fffff,18:40:00,8830e0ae99fffff,39,83.08,22.51,서울 강서구 등촌동
8830e0aed3fffff,19:00:00,8830e0ae99fffff,30,68.2,25.21,서울 강서구 등촌동
8830e0aed3fffff,19:20:00,8830e0ae99fffff,20,56.35,26.22,서울 강서구 등촌동
8830e0aed3fffff,19:40:00,8830e0ae99fffff,23,72.09,17.52,서울 강서구 등촌동
8830e0aed3fffff,20:00:00,8830e0ae99fffff,25,60.92,23.76,서울 강서구 등촌동
8830e0aed3fffff,20:40:00,8830e0ae99fffff,21,75.95,22.99,서울 강서구 등촌동
8830e0aed3fffff,21:00:00,8830e0ae99fffff,21,49.33,24.0,서울 강서구 등촌동
8830e0aed3fffff,21:20:00,8830e0ae99fffff,14,55.21,24.35,서울 강서구 등촌동
8830e0aed3fffff,21:40:00,8830e0ae99fffff,16,52.38,30.2,서울 강서구 등촌동
8830e0aed3fffff,22:00:00,8830e0ae99fffff,18,58.61,32.44,서울 강서구 등촌동
8830e0aed5fffff,0:00:00,8830e0ae99fffff,17,49.53,18.21,서울 강서구 등촌동
8830e0aed5fffff,10:20:00,8830e0ae99fffff,12,60.92,36.63,서울 강서구 등촌동
8830e0aed5fffff,10:40:00,8830e0ae99fffff,15,49.07,63.76,서울 강서구 등촌동
8830e0aed5fffff,11:20:00,8830e0ae99fffff,14,73.5,41.69,서울 강서구 등촌동
8830e0aed5fffff,11:40:00,8830e0ae99fffff,10,71.1,23.75,서울 강서구 등촌동
8830e0aed5fffff,12:00:00,8830e0ae99fffff,12,154.83,23.95,서울 강서구 등촌동
8830e0aed5fffff,12:20:00,8830e0ae99fffff,17,85.59,32.46,서울 강서구 등촌동
8830e0aed5fffff,12:40:00,8830e0ae99fffff,23,50.09,27.09,서울 강서구 등촌동
8830e0aed5fffff,13:00:00,8830e0ae99fffff,26,69.38,21.99,서울 강서구 등촌동
8830e0aed5fffff,13:20:00,8830e0ae99fffff,20,54.9,26.6,서울 강서구 등촌동
8830e0aed5fffff,13:40:00,8830e0ae99fffff,21,55.1,106.26,서울 강서구 등촌동
8830e0aed5fffff,14:00:00,8830e0ae99fffff,18,68.67,38.3,서울 강서구 등촌동
8830e0aed5fffff,14:20:00,8830e0ae99fffff,23,54.78,24.15,서울 강서구 등촌동
8830e0aed5fffff,14:40:00,8830e0ae99fffff,20,79.25,31.78,서울 강서구 등촌동
8830e0aed5fffff,15:00:00,8830e0ae99fffff,27,74.33,23.19,서울 강서구 등촌동
8830e0aed5fffff,15:20:00,8830e0ae99fffff,24,53.5,27.13,서울 강서구 등촌동
8830e0aed5fffff,15:40:00,8830e0ae99fffff,21,65.86,23.0,서울 강서구 등촌동
8830e0aed5fffff,16:00:00,8830e0ae99fffff,19,50.79,29.92,서울 강서구 등촌동
8830e0aed5fffff,16:20:00,8830e0ae99fffff,17,85.47,31.42,서울 강서구 등촌동
8830e0aed5fffff,16:20:00,8830e0af0bfffff,11,79.36,49.39,경기 부천시 중동
8830e0aed5fffff,16:40:00,8830e0ae99fffff,19,157.47,23.23,서울 강서구 등촌동
8830e0aed5fffff,17:00:00,8830e0a1b1fffff,25,204.72,30.32,경기 부천시 오정동
8830e0aed5fffff,17:00:00,8830e0ae99fffff,28,61.89,23.23,서울 강서구 등촌동
8830e0aed5fffff,17:00:00,8830e0aea7fffff,10,51.0,35.74,서울 양천구 목동
8830e0aed5fffff,17:00:00,8830e0af0bfffff,12,76.75,39.19,경기 부천시 중동
8830e0aed5fffff,17:20:00,8830e0a1b1fffff,13,240.08,36.78,경기 부천시 오정동
8830e0aed5fffff,17:20:00,8830e0ae99fffff,40,74.4,26.88,서울 강서구 등촌동
8830e0aed5fffff,17:20:00,8830e0af0bfffff,17,74.35,50.16,경기 부천시 중동
8830e0aed5fffff,17:40:00,8830e0ae99fffff,30,50.13,23.18,서울 강서구 등촌동
8830e0aed5fffff,17:40:00,8830e0af0bfffff,23,129.7,44.31,경기 부천시 중동
8830e0aed5fffff,18:00:00,8830e0a1b1fffff,25,55.92,39.22,경기 부천시 오정동
8830e0aed5fffff,18:00:00,8830e0ae99fffff,41,57.8,31.91,서울 강서구 등촌동
8830e0aed5fffff,18:20:00,8830e0a1b1fffff,18,58.5,46.13,경기 부천시 오정동
8830e0aed5fffff,18:20:00,8830e0ae99fffff,24,73.5,25.7,서울 강서구 등촌동
8830e0aed5fffff,18:20:00,8830e0af0bfffff,16,235.75,28.8,경기 부천시 중동
8830e0aed5fffff,18:40:00,8830e0a1b1fffff,10,46.0,40.39,경기 부천시 오정동
8830e0aed5fffff,18:40:00,8830e0ae99fffff,19,102.74,26.32,서울 강서구 등촌동
8830e0aed5fffff,18:40:00,8830e0af0bfffff,18,126.83,39.82,경기 부천시 중동
8830e0aed5fffff,19:00:00,8830e0ae99fffff,20,67.5,30.54,서울 강서구 등촌동
8830e0aed5fffff,19:20:00,8830e0ae99fffff,16,52.19,33.0,서울 강서구 등촌동
8830e0aed5fffff,19:40:00,8830e0ae99fffff,13,73.92,25.9,서울 강서구 등촌동
8830e0aed5fffff,20:00:00,8830e0ae99fffff,10,62.2,18.81,서울 강서구 등촌동
8830e0aed5fffff,20:20:00,8830e0ae99fffff,15,55.07,28.63,서울 강서구 등촌동
8830e0aed5fffff,21:00:00,8830e0ae99fffff,14,54.5,20.03,서울 강서구 등촌동
8830e0aed5fffff,22:20:00,8830e0ae99fffff,14,54.93,24.89,서울 강서구 등촌동
8830e0aed5fffff,22:40:00,8830e0ae99fffff,10,55.4,17.38,서울 강서구 등촌동
8830e0aed7fffff,0:00:00,8830e0ae99fffff,59,56.44,28.84,서울 강서구 등촌동
8830e0aed7fffff,0:40:00,8830e0ae99fffff,12,58.17,19.41,서울 강서구 등촌동
8830e0aed7fffff,1:20:00,8830e0ae99fffff,14,99.43,26.28,서울 강서구 등촌동
8830e0aed7fffff,6:00:00,8830e0ae99fffff,10,100.1,20.11,서울 강서구 등촌동
8830e0aed7fffff,7:00:00,8830e0ae99fffff,42,84.02,34.67,서울 강서구 등촌동
8830e0aed7fffff,7:20:00,8830e0ae99fffff,29,85.24,23.85,서울 강서구 등촌동
8830e0aed7fffff,7:40:00,8830e0ae99fffff,25,122.12,34.3,서울 강서구 등촌동
8830e0aed7fffff,8:00:00,8830e0ae99fffff,37,88.27,24.91,서울 강서구 등촌동
8830e0aed7fffff,8:20:00,8830e0ae99fffff,44,96.36,29.1,서울 강서구 등촌동
8830e0aed7fffff,8:40:00,8830e0ae99fffff,47,73.68,20.76,서울 강서구 등촌동
8830e0aed7fffff,9:00:00,8830e0ae99fffff,41,69.51,42.42,서울 강서구 등촌동
8830e0aed7fffff,9:20:00,8830e0ae99fffff,65,103.0,28.7,서울 강서구 등촌동
8830e0aed7fffff,9:40:00,8830e0ae99fffff,54,101.2,34.84,서울 강서구 등촌동
8830e0aed7fffff,10:00:00,8830e0ae99fffff,85,76.36,22.72,서울 강서구 등촌동
8830e0aed7fffff,10:20:00,8830e0ae99fffff,80,60.63,24.82,서울 강서구 등촌동
8830e0aed7fffff,10:40:00,8830e0ae99fffff,80,79.83,22.43,서울 강서구 등촌동
8830e0aed7fffff,11:00:00,8830e0ae99fffff,94,75.87,27.89,서울 강서구 등촌동
8830e0aed7fffff,11:20:00,8830e0ae99fffff,130,69.43,25.47,서울 강서구 등촌동
8830e0aed7fffff,11:40:00,8830e0ae99fffff,120,76.29,26.36,서울 강서구 등촌동
8830e0aed7fffff,12:00:00,8830e0ae99fffff,120,68.08,23.35,서울 강서구 등촌동
8830e0aed7fffff,12:20:00,8830e0ae99fffff,113,63.48,23.24,서울 강서구 등촌동
8830e0aed7fffff,12:40:00,8830e0ae99fffff,115,71.57,24.53,서울 강서구 등촌동
8830e0aed7fffff,13:00:00,8830e0ae99fffff,98,77.2,28.15,서울 강서구 등촌동
8830e0aed7fffff,13:20:00,8830e0ae99fffff,104,84.21,23.76,서울 강서구 등촌동
8830e0aed7fffff,13:40:00,8830e0ae99fffff,92,80.34,36.63,서울 강서구 등촌동
8830e0aed7fffff,14:00:00,8830e0ae99fffff,120,68.78,24.84,서울 강서구 등촌동
8830e0aed7fffff,14:20:00,8830e0ae99fffff,110,72.35,23.81,서울 강서구 등촌동
8830e0aed7fffff,14:40:00,8830e0ae99fffff,104,68.78,23.11,서울 강서구 등촌동
8830e0aed7fffff,15:00:00,8830e0ae99fffff,104,72.41,27.07,서울 강서구 등촌동
8830e0aed7fffff,15:20:00,8830e0ae99fffff,104,63.47,26.11,서울 강서구 등촌동
8830e0aed7fffff,15:40:00,8830e0ae99fffff,114,68.66,32.83,서울 강서구 등촌동
8830e0aed7fffff,16:00:00,8830e0ae99fffff,94,63.6,27.79,서울 강서구 등촌동
8830e0aed7fffff,16:00:00,8830e0aea7fffff,10,70.7,24.58,서울 양천구 목동
8830e0aed7fffff,16:20:00,8830e0ac99fffff,11,59.55,24.21,Kintex
8830e0aed7fffff,16:20:00,8830e0ae99fffff,99,67.82,23.59,서울 강서구 등촌동
8830e0aed7fffff,16:40:00,8830e0ae99fffff,88,73.03,22.95,서울 강서구 등촌동
8830e0aed7fffff,17:00:00,8830e0ae99fffff,86,68.7,23.93,서울 강서구 등촌동
8830e0aed7fffff,17:20:00,8830e0ae99fffff,102,63.07,27.11,서울 강서구 등촌동
8830e0aed7fffff,17:20:00,8830e0af0bfffff,10,61.8,49.85,경기 부천시 중동
8830e0aed7fffff,17:40:00,8830e0ae99fffff,79,66.38,23.91,서울 강서구 등촌동
8830e0aed7fffff,17:40:00,8830e0af0bfffff,10,53.5,42.74,경기 부천시 중동
8830e0aed7fffff,18:00:00,8830e0a1b1fffff,16,43.81,45.64,경기 부천시 오정동
8830e0aed7fffff,18:00:00,8830e0ae99fffff,124,63.11,26.81,서울 강서구 등촌동
8830e0aed7fffff,18:20:00,8830e0ae99fffff,90,60.54,26.46,서울 강서구 등촌동
8830e0aed7fffff,18:40:00,8830e0ae99fffff,68,63.82,26.93,서울 강서구 등촌동
8830e0aed7fffff,19:00:00,8830e0a1b1fffff,13,81.31,40.31,경기 부천시 오정동
8830e0aed7fffff,19:00:00,8830e0ae99fffff,82,58.9,27.25,서울 강서구 등촌동
8830e0aed7fffff,19:20:00,8830e0ae99fffff,65,62.74,27.57,서울 강서구 등촌동
8830e0aed7fffff,19:40:00,8830e0ae99fffff,70,63.39,25.89,서울 강서구 등촌동
8830e0aed7fffff,20:00:00,8830e0ae99fffff,70,54.34,33.89,서울 강서구 등촌동
8830e0aed7fffff,20:20:00,8830e0ae99fffff,64,57.22,23.49,서울 강서구 등촌동
8830e0aed7fffff,20:40:00,8830e0ae99fffff,82,48.91,23.27,서울 강서구 등촌동
8830e0aed7fffff,21:00:00,8830e0ae99fffff,59,61.56,24.39,서울 강서구 등촌동
8830e0aed7fffff,21:20:00,8830e0ae99fffff,48,52.46,23.77,서울 강서구 등촌동
8830e0aed7fffff,21:40:00,8830e0ae99fffff,48,80.6,24.16,서울 강서구 등촌동
8830e0aed7fffff,22:00:00,8830e0ae99fffff,33,48.27,32.82,서울 강서구 등촌동
8830e0aed7fffff,22:20:00,8830e0ae99fffff,22,48.91,22.04,서울 강서구 등촌동
8830e0aed7fffff,22:40:00,8830e0ae99fffff,24,42.0,24.46,서울 강서구 등촌동
8830e0aed7fffff,23:00:00,8830e0ae99fffff,16,38.0,16.49,서울 강서구 등촌동
8830e0aed7fffff,23:20:00,8830e0ae99fffff,19,33.95,11.48,서울 강서구 등촌동
8830e0aeddfffff,0:00:00,8830e0ae99fffff,13,56.31,37.09,서울 강서구 등촌동
8830e0aeddfffff,12:20:00,8830e0ae99fffff,12,92.83,32.33,서울 강서구 등촌동
8830e0aeddfffff,12:40:00,8830e0ae99fffff,15,91.13,31.87,서울 강서구 등촌동
8830e0aeddfffff,13:00:00,8830e0ae99fffff,19,55.0,27.15,서울 강서구 등촌동
8830e0aeddfffff,13:40:00,8830e0ae99fffff,14,58.71,25.28,서울 강서구 등촌동
8830e0aeddfffff,14:20:00,8830e0ae99fffff,14,80.29,24.94,서울 강서구 등촌동
8830e0aeddfffff,14:40:00,8830e0ae99fffff,15,134.4,26.63,서울 강서구 등촌동
8830e0aeddfffff,15:00:00,8830e0ae99fffff,12,66.25,36.74,서울 강서구 등촌동
8830e0aeddfffff,15:20:00,8830e0ae99fffff,11,58.82,23.55,서울 강서구 등촌동
8830e0aeddfffff,15:40:00,8830e0ae99fffff,15,49.8,29.45,서울 강서구 등촌동
8830e0aeddfffff,16:20:00,8830e0ae99fffff,14,65.57,43.58,서울 강서구 등촌동
8830e0aeddfffff,16:40:00,8830e0ae99fffff,10,57.1,12.22,서울 강서구 등촌동
8830e0aeddfffff,17:00:00,8830e0ae99fffff,10,56.6,30.49,서울 강서구 등촌동
8830e0aeddfffff,17:20:00,8830e0ae99fffff,10,39.8,23.82,서울 강서구 등촌동
8830e0aeddfffff,18:00:00,8830e0ae99fffff,12,51.92,21.3,서울 강서구 등촌동
8830e0aee3fffff,3:40:00,8830e0af0bfffff,14,215.93,38.65,경기 부천시 중동
8830e0aee3fffff,4:00:00,8830e0af0bfffff,12,288.08,38.74,경기 부천시 중동
8830e0aee3fffff,4:40:00,8830e0af0bfffff,11,389.73,37.84,경기 부천시 중동
8830e0aee5fffff,8:00:00,8830e0ae99fffff,10,38.2,231.49,서울 강서구 등촌동
8830e0aee7fffff,3:40:00,8830e0af0bfffff,10,251.5,43.75,경기 부천시 중동
8830e0aee7fffff,4:40:00,8830e0af0bfffff,14,259.36,44.88,경기 부천시 중동
8830e0aee7fffff,5:00:00,8830e0af0bfffff,10,401.0,47.43,경기 부천시 중동
8830e0aee9fffff,0:00:00,8830e0aee9fffff,41,137.02,108.58,Gimpo_Airport
8830e0aee9fffff,7:00:00,8830e0aee9fffff,13,93.92,52.06,Gimpo_Airport
8830e0aee9fffff,8:00:00,8830e0aee9fffff,11,98.82,230.15,Gimpo_Airport
8830e0aee9fffff,8:20:00,8830e0aee9fffff,18,77.11,53.28,Gimpo_Airport
8830e0aee9fffff,8:40:00,8830e0aee9fffff,13,97.62,52.45,Gimpo_Airport
8830e0aee9fffff,9:00:00,8830e0aee9fffff,16,135.5,114.98,Gimpo_Airport
8830e0aee9fffff,9:20:00,8830e0aee9fffff,35,121.57,140.26,Gimpo_Airport
8830e0aee9fffff,9:40:00,8830e0aee9fffff,26,147.92,210.58,Gimpo_Airport
8830e0aee9fffff,10:00:00,8830e0aee9fffff,21,136.38,111.49,Gimpo_Airport
8830e0aee9fffff,10:20:00,8830e0aee9fffff,16,138.25,99.84,Gimpo_Airport
8830e0aee9fffff,10:40:00,8830e0aee9fffff,23,116.65,82.25,Gimpo_Airport
8830e0aee9fffff,11:00:00,8830e0aee9fffff,21,108.14,152.7,Gimpo_Airport
8830e0aee9fffff,11:20:00,8830e0aee9fffff,17,92.47,100.59,Gimpo_Airport
8830e0aee9fffff,11:40:00,8830e0aee9fffff,16,103.38,90.14,Gimpo_Airport
8830e0aee9fffff,12:00:00,8830e0aee9fffff,12,165.58,162.62,Gimpo_Airport
8830e0aee9fffff,12:20:00,8830e0aee9fffff,18,79.11,79.33,Gimpo_Airport
8830e0aee9fffff,12:40:00,8830e0aee9fffff,25,108.84,79.28,Gimpo_Airport
8830e0aee9fffff,13:00:00,8830e0aee9fffff,22,138.68,124.34,Gimpo_Airport
8830e0aee9fffff,13:20:00,8830e0aee9fffff,25,123.12,170.04,Gimpo_Airport
8830e0aee9fffff,13:40:00,8830e0aee9fffff,23,119.13,130.36,Gimpo_Airport
8830e0aee9fffff,14:00:00,8830e0aee9fffff,25,95.92,73.07,Gimpo_Airport
8830e0aee9fffff,14:20:00,8830e0aee9fffff,19,98.95,97.67,Gimpo_Airport
8830e0aee9fffff,14:40:00,8830e0aee9fffff,20,82.85,76.65,Gimpo_Airport
8830e0aee9fffff,15:00:00,8830e0aee9fffff,10,150.1,125.2,Gimpo_Airport
8830e0aee9fffff,15:20:00,8830e0aee9fffff,18,136.06,116.43,Gimpo_Airport
8830e0aee9fffff,16:00:00,8830e0aee9fffff,11,108.73,83.39,Gimpo_Airport
8830e0aee9fffff,17:20:00,8830e0aee9fffff,10,187.3,190.06,Gimpo_Airport
8830e0aee9fffff,19:00:00,8830e0aee9fffff,17,162.59,55.43,Gimpo_Airport
8830e0aeebfffff,17:20:00,8830e0ae99fffff,10,46.8,165.99,서울 강서구 등촌동
8830e0aeebfffff,17:40:00,8830e0ae99fffff,26,52.08,148.71,서울 강서구 등촌동
8830e0aeebfffff,18:00:00,8830e0ae99fffff,17,69.24,180.31,서울 강서구 등촌동
8830e0af01fffff,0:00:00,8830e0af0bfffff,34,51.91,22.39,경기 부천시 중동
8830e0af01fffff,5:40:00,8830e0af0bfffff,11,279.73,35.2,경기 부천시 중동
8830e0af01fffff,6:00:00,8830e0af0bfffff,20,232.55,33.8,경기 부천시 중동
8830e0af01fffff,6:20:00,8830e0af0bfffff,10,258.8,45.44,경기 부천시 중동
8830e0af01fffff,6:40:00,8830e0af0bfffff,15,141.07,20.92,경기 부천시 중동
8830e0af01fffff,7:00:00,8830e0af0bfffff,19,92.11,28.71,경기 부천시 중동
8830e0af01fffff,7:20:00,8830e0af0bfffff,23,110.7,44.84,경기 부천시 중동
8830e0af01fffff,7:40:00,8830e0af0bfffff,22,88.55,31.79,경기 부천시 중동
8830e0af01fffff,8:00:00,8830e0af0bfffff,24,89.58,21.02,경기 부천시 중동
8830e0af01fffff,8:20:00,8830e0af0bfffff,40,70.5,31.73,경기 부천시 중동
8830e0af01fffff,8:40:00,8830e0af0bfffff,42,75.88,25.2,경기 부천시 중동
8830e0af01fffff,9:00:00,8830e0af0bfffff,76,76.96,23.03,경기 부천시 중동
8830e0af01fffff,9:20:00,8830e0af0bfffff,74,67.31,21.5,경기 부천시 중동
8830e0af01fffff,9:40:00,8830e0af0bfffff,85,71.55,24.14,경기 부천시 중동
8830e0af01fffff,10:00:00,8830e0af0bfffff,67,70.66,21.54,경기 부천시 중동
8830e0af01fffff,10:20:00,8830e0af0bfffff,69,72.33,23.75,경기 부천시 중동
8830e0af01fffff,10:40:00,8830e0af0bfffff,98,69.53,19.41,경기 부천시 중동
8830e0af01fffff,11:00:00,8830e0af0bfffff,94,68.43,23.96,경기 부천시 중동
8830e0af01fffff,11:20:00,8830e0af0bfffff,82,63.82,25.69,경기 부천시 중동
8830e0af01fffff,11:40:00,8830e0af0bfffff,82,60.21,20.87,경기 부천시 중동
8830e0af01fffff,12:00:00,8830e0af0bfffff,89,56.88,18.39,경기 부천시 중동
8830e0af01fffff,12:20:00,8830e0af0bfffff,70,60.9,20.69,경기 부천시 중동
8830e0af01fffff,12:40:00,8830e0af0bfffff,79,59.65,23.86,경기 부천시 중동
8830e0af01fffff,13:00:00,8830e0af0bfffff,77,71.7,19.92,경기 부천시 중동
8830e0af01fffff,13:20:00,8830e0af0bfffff,73,77.84,18.91,경기 부천시 중동
8830e0af01fffff,13:40:00,8830e0af0bfffff,93,79.19,24.0,경기 부천시 중동
8830e0af01fffff,14:00:00,8830e0af0bfffff,87,73.17,22.8,경기 부천시 중동
8830e0af01fffff,14:20:00,8830e0af0bfffff,96,82.77,22.79,경기 부천시 중동
8830e0af01fffff,14:40:00,8830e0af0bfffff,83,76.88,19.81,경기 부천시 중동
8830e0af01fffff,15:00:00,8830e0af0bfffff,84,61.92,19.9,경기 부천시 중동
8830e0af01fffff,15:20:00,8830e0af0bfffff,99,79.72,21.68,경기 부천시 중동
8830e0af01fffff,15:40:00,8830e0af0bfffff,79,56.51,24.39,경기 부천시 중동
8830e0af01fffff,16:00:00,8830e0af0bfffff,74,52.32,21.09,경기 부천시 중동
8830e0af01fffff,16:20:00,8830e0af0bfffff,57,52.3,18.06,경기 부천시 중동
8830e0af01fffff,16:40:00,8830e0af0bfffff,63,59.68,21.35,경기 부천시 중동
8830e0af01fffff,17:00:00,8830e0af0bfffff,80,60.21,22.59,경기 부천시 중동
8830e0af01fffff,17:20:00,8830e0af0bfffff,63,50.86,18.71,경기 부천시 중동
8830e0af01fffff,17:40:00,8830e0af0bfffff,57,61.25,22.26,경기 부천시 중동
8830e0af01fffff,18:00:00,8830e0af0bfffff,55,58.24,21.7,경기 부천시 중동
8830e0af01fffff,18:20:00,8830e0af0bfffff,52,49.92,22.67,경기 부천시 중동
8830e0af01fffff,18:40:00,8830e0af0bfffff,40,51.7,17.29,경기 부천시 중동
8830e0af01fffff,19:00:00,8830e0af0bfffff,43,50.14,19.31,경기 부천시 중동
8830e0af01fffff,19:20:00,8830e0af0bfffff,31,46.0,29.84,경기 부천시 중동
8830e0af01fffff,19:40:00,8830e0af0bfffff,29,52.28,22.75,경기 부천시 중동
8830e0af01fffff,20:00:00,8830e0af0bfffff,27,63.81,22.38,경기 부천시 중동
8830e0af01fffff,20:20:00,8830e0af0bfffff,34,51.12,21.39,경기 부천시 중동
8830e0af01fffff,20:40:00,8830e0af0bfffff,25,52.48,14.6,경기 부천시 중동
8830e0af01fffff,21:00:00,8830e0af0bfffff,18,53.33,21.74,경기 부천시 중동
8830e0af01fffff,21:20:00,8830e0af0bfffff,20,52.65,16.37,경기 부천시 중동
8830e0af01fffff,21:40:00,8830e0af0bfffff,12,50.67,22.0,경기 부천시 중동
8830e0af01fffff,22:00:00,8830e0af0bfffff,13,68.15,27.27,경기 부천시 중동
8830e0af03fffff,0:00:00,8830e0af0bfffff,43,66.63,17.61,경기 부천시 중동
8830e0af03fffff,5:20:00,8830e0af0bfffff,11,137.64,40.22,경기 부천시 중동
8830e0af03fffff,6:00:00,8830e0af0bfffff,13,154.08,45.08,경기 부천시 중동
8830e0af03fffff,6:20:00,8830e0af0bfffff,22,111.09,31.47,경기 부천시 중동
8830e0af03fffff,6:40:00,8830e0af0bfffff,13,179.85,27.7,경기 부천시 중동
8830e0af03fffff,7:00:00,8830e0a1b1fffff,35,100.91,22.78,경기 부천시 오정동
8830e0af03fffff,7:00:00,8830e0af0bfffff,32,62.94,17.02,경기 부천시 중동
8830e0af03fffff,7:20:00,8830e0a1b1fffff,14,81.36,27.89,경기 부천시 오정동
8830e0af03fffff,7:20:00,8830e0af0bfffff,11,117.64,31.23,경기 부천시 중동
8830e0af03fffff,7:40:00,8830e0af0bfffff,20,69.9,24.34,경기 부천시 중동
8830e0af03fffff,8:00:00,8830e0af0bfffff,25,58.28,16.97,경기 부천시 중동
8830e0af03fffff,8:20:00,8830e0af0bfffff,38,61.97,20.32,경기 부천시 중동
8830e0af03fffff,8:40:00,8830e0af0bfffff,38,62.37,21.34,경기 부천시 중동
8830e0af03fffff,9:00:00,8830e0af0bfffff,55,69.71,19.84,경기 부천시 중동
8830e0af03fffff,9:20:00,8830e0af0bfffff,59,77.53,20.99,경기 부천시 중동
8830e0af03fffff,9:40:00,8830e0af0bfffff,74,112.53,26.17,경기 부천시 중동
8830e0af03fffff,10:00:00,8830e0af0bfffff,91,72.49,26.74,경기 부천시 중동
8830e0af03fffff,10:20:00,8830e0af0bfffff,83,72.19,22.02,경기 부천시 중동
8830e0af03fffff,10:40:00,8830e0af0bfffff,77,58.22,21.48,경기 부천시 중동
8830e0af03fffff,11:00:00,8830e0a1b1fffff,12,56.42,27.03,경기 부천시 오정동
8830e0af03fffff,11:00:00,8830e0af0bfffff,87,59.91,21.62,경기 부천시 중동
8830e0af03fffff,11:20:00,8830e0a1b1fffff,13,43.92,34.1,경기 부천시 오정동
8830e0af03fffff,11:20:00,8830e0af0bfffff,82,60.91,21.38,경기 부천시 중동
8830e0af03fffff,11:40:00,8830e0af0bfffff,70,60.9,22.21,경기 부천시 중동
8830e0af03fffff,12:00:00,8830e0af0bfffff,69,60.94,19.75,경기 부천시 중동
8830e0af03fffff,12:20:00,8830e0af0bfffff,80,59.78,24.07,경기 부천시 중동
8830e0af03fffff,12:40:00,8830e0a1b1fffff,11,155.0,46.08,경기 부천시 오정동
8830e0af03fffff,12:40:00,8830e0af0bfffff,88,70.48,20.77,경기 부천시 중동
8830e0af03fffff,13:00:00,8830e0af0bfffff,92,66.99,19.06,경기 부천시 중동
8830e0af03fffff,13:20:00,8830e0af0bfffff,98,71.67,26.35,경기 부천시 중동
8830e0af03fffff,13:40:00,8830e0af0bfffff,103,72.06,25.05,경기 부천시 중동
8830e0af03fffff,14:00:00,8830e0af0bfffff,79,58.23,24.47,경기 부천시 중동
8830e0af03fffff,14:20:00,8830e0a1b1fffff,11,93.18,26.67,경기 부천시 오정동
8830e0af03fffff,14:20:00,8830e0af0bfffff,98,73.64,21.02,경기 부천시 중동
8830e0af03fffff,14:40:00,8830e0af0bfffff,86,63.08,23.34,경기 부천시 중동
8830e0af03fffff,15:00:00,8830e0a1b1fffff,12,77.92,30.84,경기 부천시 오정동
8830e0af03fffff,15:00:00,8830e0af0bfffff,77,65.92,27.58,경기 부천시 중동
8830e0af03fffff,15:20:00,8830e0af0bfffff,102,62.99,21.91,경기 부천시 중동
8830e0af03fffff,15:40:00,8830e0af0bfffff,99,55.61,23.9,경기 부천시 중동
8830e0af03fffff,16:00:00,8830e0af0bfffff,76,56.67,20.38,경기 부천시 중동
8830e0af03fffff,16:20:00,8830e0af0bfffff,93,66.71,23.08,경기 부천시 중동
8830e0af03fffff,16:40:00,8830e0a1b1fffff,11,58.09,27.22,경기 부천시 오정동
8830e0af03fffff,16:40:00,8830e0af0bfffff,88,51.64,23.09,경기 부천시 중동
8830e0af03fffff,17:00:00,8830e0af0bfffff,70,55.81,20.44,경기 부천시 중동
8830e0af03fffff,17:00:00,8830e0af6dfffff,11,54.64,24.57,인천 계양구 계산동
8830e0af03fffff,17:20:00,8830e0af0bfffff,77,50.77,19.93,경기 부천시 중동
8830e0af03fffff,17:40:00,8830e0af0bfffff,65,57.89,18.3,경기 부천시 중동
8830e0af03fffff,18:00:00,8830e0a1b1fffff,11,55.0,19.0,경기 부천시 오정동
8830e0af03fffff,18:00:00,8830e0af0bfffff,68,55.97,20.39,경기 부천시 중동
8830e0af03fffff,18:20:00,8830e0af0bfffff,55,52.93,20.37,경기 부천시 중동
8830e0af03fffff,18:40:00,8830e0af0bfffff,50,57.74,20.48,경기 부천시 중동
8830e0af03fffff,19:00:00,8830e0af0bfffff,46,50.8,25.71,경기 부천시 중동
8830e0af03fffff,19:20:00,8830e0af0bfffff,48,58.81,24.55,경기 부천시 중동
8830e0af03fffff,19:40:00,8830e0af0bfffff,37,51.27,25.34,경기 부천시 중동
8830e0af03fffff,20:00:00,8830e0af0bfffff,38,46.92,27.4,경기 부천시 중동
8830e0af03fffff,20:20:00,8830e0af0bfffff,30,62.57,19.91,경기 부천시 중동
8830e0af03fffff,20:40:00,8830e0af0bfffff,33,68.64,25.96,경기 부천시 중동
8830e0af03fffff,21:00:00,8830e0af0bfffff,38,58.42,28.22,경기 부천시 중동
8830e0af03fffff,21:20:00,8830e0af0bfffff,33,71.55,26.68,경기 부천시 중동
8830e0af03fffff,21:40:00,8830e0af0bfffff,29,48.93,22.78,경기 부천시 중동
8830e0af03fffff,22:00:00,8830e0af0bfffff,23,64.26,33.83,경기 부천시 중동
8830e0af03fffff,22:20:00,8830e0af0bfffff,24,62.38,27.93,경기 부천시 중동
8830e0af03fffff,22:40:00,8830e0af0bfffff,14,131.57,17.53,경기 부천시 중동
8830e0af03fffff,23:00:00,8830e0af0bfffff,22,49.0,21.07,경기 부천시 중동
8830e0af05fffff,8:00:00,8830e0af0bfffff,21,56.9,21.05,경기 부천시 중동
8830e0af05fffff,8:20:00,8830e0af0bfffff,14,63.36,25.01,경기 부천시 중동
8830e0af05fffff,8:40:00,8830e0af0bfffff,28,80.36,23.86,경기 부천시 중동
8830e0af05fffff,9:00:00,8830e0af0bfffff,29,61.0,22.55,경기 부천시 중동
8830e0af05fffff,9:00:00,8830e0af6dfffff,15,45.2,32.11,인천 계양구 계산동
8830e0af05fffff,9:20:00,8830e0af0bfffff,27,57.56,17.63,경기 부천시 중동
8830e0af05fffff,9:40:00,8830e0af0bfffff,24,74.54,24.52,경기 부천시 중동
8830e0af05fffff,10:00:00,8830e0af0bfffff,26,60.85,21.62,경기 부천시 중동
8830e0af05fffff,10:20:00,8830e0af0bfffff,20,54.5,26.86,경기 부천시 중동
8830e0af05fffff,10:40:00,8830e0af0bfffff,19,65.53,17.49,경기 부천시 중동
8830e0af05fffff,11:00:00,8830e0af0bfffff,31,55.61,22.32,경기 부천시 중동
8830e0af05fffff,11:20:00,8830e0af0bfffff,31,74.74,23.73,경기 부천시 중동
8830e0af05fffff,11:40:00,8830e0af0bfffff,35,66.26,24.07,경기 부천시 중동
8830e0af05fffff,12:00:00,8830e0af0bfffff,28,73.75,24.89,경기 부천시 중동
8830e0af05fffff,12:20:00,8830e0af0bfffff,30,80.63,23.63,경기 부천시 중동
8830e0af05fffff,12:40:00,8830e0af0bfffff,23,71.61,22.78,경기 부천시 중동
8830e0af05fffff,13:00:00,8830e0af0bfffff,34,77.76,22.06,경기 부천시 중동
8830e0af05fffff,13:20:00,8830e0af0bfffff,23,55.96,25.96,경기 부천시 중동
8830e0af05fffff,13:40:00,8830e0af0bfffff,23,49.3,20.64,경기 부천시 중동
8830e0af05fffff,14:00:00,8830e0af0bfffff,41,61.95,20.39,경기 부천시 중동
8830e0af05fffff,14:20:00,8830e0af0bfffff,31,66.23,19.39,경기 부천시 중동
8830e0af05fffff,14:40:00,8830e0af0bfffff,36,49.94,24.15,경기 부천시 중동
8830e0af05fffff,14:40:00,8830e0af6dfffff,11,40.73,27.42,인천 계양구 계산동
8830e0af05fffff,15:00:00,8830e0af0bfffff,30,53.1,18.48,경기 부천시 중동
8830e0af05fffff,15:20:00,8830e0af0bfffff,32,54.44,20.59,경기 부천시 중동
8830e0af05fffff,15:40:00,8830e0af0bfffff,23,62.7,22.46,경기 부천시 중동
8830e0af05fffff,16:00:00,8830e0af0bfffff,27,53.37,18.95,경기 부천시 중동
8830e0af05fffff,16:20:00,8830e0af0bfffff,27,53.67,20.32,경기 부천시 중동
8830e0af05fffff,16:40:00,8830e0af0bfffff,25,49.16,20.16,경기 부천시 중동
8830e0af05fffff,17:00:00,8830e0af0bfffff,30,62.1,23.12,경기 부천시 중동
8830e0af05fffff,17:20:00,8830e0af0bfffff,25,62.0,27.56,경기 부천시 중동
8830e0af05fffff,17:20:00,8830e0af6dfffff,10,45.4,24.04,인천 계양구 계산동
8830e0af05fffff,17:40:00,8830e0af0bfffff,30,59.6,22.47,경기 부천시 중동
8830e0af05fffff,18:00:00,8830e0a1b1fffff,18,69.33,24.63,경기 부천시 오정동
8830e0af05fffff,18:00:00,8830e0af0bfffff,23,49.78,20.03,경기 부천시 중동
8830e0af05fffff,18:00:00,8830e0af6dfffff,12,45.17,25.87,인천 계양구 계산동
8830e0af05fffff,18:20:00,8830e0af0bfffff,21,48.86,18.78,경기 부천시 중동
8830e0af05fffff,18:40:00,8830e0af0bfffff,14,40.71,22.6,경기 부천시 중동
8830e0af05fffff,19:00:00,8830e0af0bfffff,13,51.15,24.6,경기 부천시 중동
8830e0af05fffff,20:00:00,8830e0af0bfffff,11,56.82,23.8,경기 부천시 중동
8830e0af05fffff,20:40:00,8830e0af0bfffff,11,60.91,31.81,경기 부천시 중동
8830e0af05fffff,21:20:00,8830e0af0bfffff,17,87.65,35.5,경기 부천시 중동
8830e0af05fffff,21:40:00,8830e0af0bfffff,11,70.73,30.69,경기 부천시 중동
8830e0af07fffff,8:00:00,8830e0af0bfffff,10,45.6,25.31,경기 부천시 중동
8830e0af07fffff,8:20:00,8830e0af0bfffff,10,54.0,23.16,경기 부천시 중동
8830e0af07fffff,8:40:00,8830e0af0bfffff,24,60.5,24.22,경기 부천시 중동
8830e0af07fffff,9:00:00,8830e0af0bfffff,19,53.32,18.3,경기 부천시 중동
8830e0af07fffff,9:20:00,8830e0af0bfffff,27,83.41,24.97,경기 부천시 중동
8830e0af07fffff,9:40:00,8830e0af0bfffff,33,76.18,17.99,경기 부천시 중동
8830e0af07fffff,10:00:00,8830e0af0bfffff,25,76.56,23.45,경기 부천시 중동
8830e0af07fffff,10:20:00,8830e0af0bfffff,38,71.05,23.53,경기 부천시 중동
8830e0af07fffff,10:40:00,8830e0af0bfffff,27,61.48,21.75,경기 부천시 중동
8830e0af07fffff,11:00:00,8830e0af0bfffff,32,51.06,18.27,경기 부천시 중동
8830e0af07fffff,11:20:00,8830e0af0bfffff,28,80.14,26.81,경기 부천시 중동
8830e0af07fffff,11:40:00,8830e0af0bfffff,34,68.03,21.06,경기 부천시 중동
8830e0af07fffff,12:00:00,8830e0af0bfffff,22,53.68,22.23,경기 부천시 중동
8830e0af07fffff,12:20:00,8830e0af0bfffff,33,55.88,22.02,경기 부천시 중동
8830e0af07fffff,12:40:00,8830e0af0bfffff,30,64.0,19.54,경기 부천시 중동
8830e0af07fffff,13:00:00,8830e0af0bfffff,33,65.55,21.27,경기 부천시 중동
8830e0af07fffff,13:20:00,8830e0a1b1fffff,10,76.2,43.78,경기 부천시 오정동
8830e0af07fffff,13:20:00,8830e0af0bfffff,26,68.12,28.1,경기 부천시 중동
8830e0af07fffff,13:40:00,8830e0af0bfffff,40,64.1,19.04,경기 부천시 중동
8830e0af07fffff,14:00:00,8830e0af0bfffff,45,54.42,23.8,경기 부천시 중동
8830e0af07fffff,14:20:00,8830e0af0bfffff,28,64.0,18.59,경기 부천시 중동
8830e0af07fffff,14:40:00,8830e0af0bfffff,33,68.73,19.4,경기 부천시 중동
8830e0af07fffff,15:00:00,8830e0af0bfffff,30,68.07,21.66,경기 부천시 중동
8830e0af07fffff,15:20:00,8830e0af0bfffff,35,83.26,23.91,경기 부천시 중동
8830e0af07fffff,15:40:00,8830e0a1b1fffff,12,66.0,35.52,경기 부천시 오정동
8830e0af07fffff,15:40:00,8830e0af0bfffff,30,62.77,19.11,경기 부천시 중동
8830e0af07fffff,16:00:00,8830e0af0bfffff,42,60.86,20.21,경기 부천시 중동
8830e0af07fffff,16:20:00,8830e0af0bfffff,26,65.5,23.3,경기 부천시 중동
8830e0af07fffff,16:40:00,8830e0af0bfffff,28,65.14,21.12,경기 부천시 중동
8830e0af07fffff,17:00:00,8830e0a1b1fffff,16,54.13,29.31,경기 부천시 오정동
8830e0af07fffff,17:00:00,8830e0af0bfffff,21,57.48,17.58,경기 부천시 중동
8830e0af07fffff,17:20:00,8830e0af0bfffff,27,106.7,19.4,경기 부천시 중동
8830e0af07fffff,17:20:00,8830e0af6dfffff,13,49.23,26.22,인천 계양구 계산동
8830e0af07fffff,17:40:00,8830e0a1b1fffff,14,45.5,37.01,경기 부천시 오정동
8830e0af07fffff,17:40:00,8830e0af0bfffff,28,57.5,22.22,경기 부천시 중동
8830e0af07fffff,17:40:00,8830e0af6dfffff,10,58.3,18.84,인천 계양구 계산동
8830e0af07fffff,18:00:00,8830e0a1b1fffff,38,54.89,33.33,경기 부천시 오정동
8830e0af07fffff,18:00:00,8830e0af0bfffff,54,56.72,19.62,경기 부천시 중동
8830e0af07fffff,18:00:00,8830e0af6dfffff,28,49.14,25.25,인천 계양구 계산동
8830e0af07fffff,18:20:00,8830e0a1b1fffff,36,43.97,39.12,경기 부천시 오정동
8830e0af07fffff,18:20:00,8830e0af0bfffff,34,63.06,21.05,경기 부천시 중동
8830e0af07fffff,18:20:00,8830e0af6dfffff,10,35.5,25.39,인천 계양구 계산동
8830e0af07fffff,18:40:00,8830e0a1b1fffff,11,51.64,28.72,경기 부천시 오정동
8830e0af07fffff,18:40:00,8830e0af0bfffff,20,50.95,21.22,경기 부천시 중동
8830e0af07fffff,19:00:00,8830e0a1b1fffff,13,41.15,34.59,경기 부천시 오정동
8830e0af07fffff,19:00:00,8830e0af0bfffff,17,107.88,17.47,경기 부천시 중동
8830e0af07fffff,19:20:00,8830e0af0bfffff,12,73.92,16.46,경기 부천시 중동
8830e0af07fffff,19:40:00,8830e0af0bfffff,11,48.55,16.44,경기 부천시 중동
8830e0af07fffff,20:20:00,8830e0af0bfffff,12,52.83,31.68,경기 부천시 중동
8830e0af07fffff,20:40:00,8830e0af0bfffff,12,83.5,27.96,경기 부천시 중동
8830e0af09fffff,0:00:00,8830e0af0bfffff,60,54.13,18.54,경기 부천시 중동
8830e0af09fffff,2:00:00,8830e0af0bfffff,10,57.6,29.0,경기 부천시 중동
8830e0af09fffff,6:00:00,8830e0af0bfffff,11,97.09,55.41,경기 부천시 중동
8830e0af09fffff,6:40:00,8830e0af0bfffff,15,61.8,30.78,경기 부천시 중동
8830e0af09fffff,7:00:00,8830e0af0bfffff,23,86.96,25.93,경기 부천시 중동
8830e0af09fffff,7:20:00,8830e0af0bfffff,34,93.68,28.68,경기 부천시 중동
8830e0af09fffff,7:40:00,8830e0af0bfffff,20,89.2,17.27,경기 부천시 중동
8830e0af09fffff,8:00:00,8830e0af0bfffff,44,88.89,26.38,경기 부천시 중동
8830e0af09fffff,8:20:00,8830e0af0bfffff,52,58.6,27.25,경기 부천시 중동
8830e0af09fffff,8:40:00,8830e0af0bfffff,50,90.76,27.17,경기 부천시 중동
8830e0af09fffff,9:00:00,8830e0af0bfffff,79,64.92,26.02,경기 부천시 중동
8830e0af09fffff,9:20:00,8830e0af0bfffff,74,66.35,27.37,경기 부천시 중동
8830e0af09fffff,9:40:00,8830e0af0bfffff,89,60.39,25.76,경기 부천시 중동
8830e0af09fffff,10:00:00,8830e0af0bfffff,107,76.58,25.36,경기 부천시 중동
8830e0af09fffff,10:20:00,8830e0af0bfffff,124,74.12,76.18,경기 부천시 중동
8830e0af09fffff,10:40:00,8830e0af0bfffff,133,68.0,25.01,경기 부천시 중동
8830e0af09fffff,11:00:00,8830e0af0bfffff,133,67.09,24.93,경기 부천시 중동
8830e0af09fffff,11:20:00,8830e0af0bfffff,116,58.46,22.35,경기 부천시 중동
8830e0af09fffff,11:40:00,8830e0af0bfffff,141,56.12,22.55,경기 부천시 중동
8830e0af09fffff,12:00:00,8830e0af0bfffff,157,59.89,24.22,경기 부천시 중동
8830e0af09fffff,12:20:00,8830e0af0bfffff,118,75.31,23.52,경기 부천시 중동
8830e0af09fffff,12:40:00,8830e0af0bfffff,156,62.1,24.67,경기 부천시 중동
8830e0af09fffff,13:00:00,8830e0af0bfffff,136,60.57,24.91,경기 부천시 중동
8830e0af09fffff,13:20:00,8830e0af0bfffff,135,82.63,25.39,경기 부천시 중동
8830e0af09fffff,13:20:00,8830e0af6dfffff,11,47.64,43.75,인천 계양구 계산동
8830e0af09fffff,13:40:00,8830e0af0bfffff,133,64.79,24.69,경기 부천시 중동
8830e0af09fffff,14:00:00,8830e0af0bfffff,168,58.06,22.33,경기 부천시 중동
8830e0af09fffff,14:00:00,8830e0af6dfffff,11,74.55,27.31,인천 계양구 계산동
8830e0af09fffff,14:20:00,8830e0af0bfffff,142,65.95,23.95,경기 부천시 중동
8830e0af09fffff,14:40:00,8830e0af0bfffff,123,61.63,23.42,경기 부천시 중동
8830e0af09fffff,14:40:00,8830e0af6dfffff,10,57.0,29.57,인천 계양구 계산동
8830e0af09fffff,15:00:00,8830e0af0bfffff,129,62.49,23.15,경기 부천시 중동
8830e0af09fffff,15:20:00,8830e0af0bfffff,120,63.34,24.83,경기 부천시 중동
8830e0af09fffff,15:40:00,8830e0af0bfffff,130,58.84,21.61,경기 부천시 중동
8830e0af09fffff,16:00:00,8830e0af0bfffff,130,70.34,22.51,경기 부천시 중동
8830e0af09fffff,16:20:00,8830e0af0bfffff,113,60.01,21.46,경기 부천시 중동
8830e0af09fffff,16:40:00,8830e0af0bfffff,138,57.77,23.03,경기 부천시 중동
8830e0af09fffff,17:00:00,8830e0af0bfffff,121,64.06,22.1,경기 부천시 중동
8830e0af09fffff,17:20:00,8830e0af0bfffff,129,57.4,20.16,경기 부천시 중동
8830e0af09fffff,17:40:00,8830e0af0bfffff,108,63.6,20.13,경기 부천시 중동
8830e0af09fffff,17:40:00,8830e0af6dfffff,10,56.4,33.04,인천 계양구 계산동
8830e0af09fffff,18:00:00,8830e0a1b1fffff,11,49.36,36.03,경기 부천시 오정동
8830e0af09fffff,18:00:00,8830e0af0bfffff,122,58.27,20.4,경기 부천시 중동
8830e0af09fffff,18:00:00,8830e0af6dfffff,11,55.18,23.67,인천 계양구 계산동
8830e0af09fffff,18:20:00,8830e0af0bfffff,94,61.48,21.36,경기 부천시 중동
8830e0af09fffff,18:40:00,8830e0af0bfffff,96,51.83,20.8,경기 부천시 중동
8830e0af09fffff,19:00:00,8830e0af0bfffff,78,49.14,19.82,경기 부천시 중동
8830e0af09fffff,19:00:00,8830e0af6dfffff,10,57.1,32.01,인천 계양구 계산동
8830e0af09fffff,19:20:00,8830e0af0bfffff,77,55.38,23.83,경기 부천시 중동
8830e0af09fffff,19:40:00,8830e0af0bfffff,71,57.08,26.36,경기 부천시 중동
8830e0af09fffff,20:00:00,8830e0af0bfffff,82,70.93,19.86,경기 부천시 중동
8830e0af09fffff,20:20:00,8830e0af0bfffff,75,73.56,25.66,경기 부천시 중동
8830e0af09fffff,20:40:00,8830e0af0bfffff,77,56.77,22.93,경기 부천시 중동
8830e0af09fffff,21:00:00,8830e0af0bfffff,63,52.94,24.67,경기 부천시 중동
8830e0af09fffff,21:20:00,8830e0af0bfffff,52,54.56,27.06,경기 부천시 중동
8830e0af09fffff,21:40:00,8830e0af0bfffff,45,56.71,24.2,경기 부천시 중동
8830e0af09fffff,22:00:00,8830e0af0bfffff,33,45.39,20.67,경기 부천시 중동
8830e0af09fffff,22:20:00,8830e0af0bfffff,37,44.89,26.72,경기 부천시 중동
8830e0af09fffff,22:40:00,8830e0af0bfffff,26,55.58,29.0,경기 부천시 중동
8830e0af09fffff,23:00:00,8830e0af0bfffff,27,46.78,16.87,경기 부천시 중동
8830e0af09fffff,23:20:00,8830e0af0bfffff,22,35.27,23.33,경기 부천시 중동
8830e0af0bfffff,0:00:00,8830e0a1b1fffff,10,73.8,30.19,경기 부천시 오정동
8830e0af0bfffff,0:00:00,8830e0af0bfffff,385,59.89,20.85,경기 부천시 중동
8830e0af0bfffff,0:00:00,8830e0af6dfffff,15,75.67,31.36,인천 계양구 계산동
8830e0af0bfffff,0:20:00,8830e0af0bfffff,21,95.48,37.01,경기 부천시 중동
8830e0af0bfffff,0:40:00,8830e0af0bfffff,39,52.67,26.25,경기 부천시 중동
8830e0af0bfffff,1:00:00,8830e0af0bfffff,44,68.73,25.82,경기 부천시 중동
8830e0af0bfffff,1:20:00,8830e0af0bfffff,40,62.0,26.81,경기 부천시 중동
8830e0af0bfffff,1:40:00,8830e0af0bfffff,33,87.67,26.81,경기 부천시 중동
8830e0af0bfffff,2:00:00,8830e0af0bfffff,37,62.11,34.29,경기 부천시 중동
8830e0af0bfffff,2:20:00,8830e0af0bfffff,25,75.0,23.91,경기 부천시 중동
8830e0af0bfffff,2:40:00,8830e0af0bfffff,27,54.81,22.38,경기 부천시 중동
8830e0af0bfffff,3:00:00,8830e0af0bfffff,26,58.69,19.76,경기 부천시 중동
8830e0af0bfffff,3:20:00,8830e0af0bfffff,15,82.53,21.02,경기 부천시 중동
8830e0af0bfffff,3:40:00,8830e0af0bfffff,17,164.06,26.64,경기 부천시 중동
8830e0af0bfffff,4:00:00,8830e0af0bfffff,21,192.71,30.48,경기 부천시 중동
8830e0af0bfffff,4:20:00,8830e0af0bfffff,38,176.39,42.35,경기 부천시 중동
8830e0af0bfffff,4:40:00,8830e0af0bfffff,26,303.73,46.55,경기 부천시 중동
8830e0af0bfffff,5:00:00,8830e0af0bfffff,46,145.33,35.56,경기 부천시 중동
8830e0af0bfffff,5:20:00,8830e0af0bfffff,41,184.66,42.81,경기 부천시 중동
8830e0af0bfffff,5:40:00,8830e0af0bfffff,40,241.78,47.06,경기 부천시 중동
8830e0af0bfffff,6:00:00,8830e0af0bfffff,49,159.47,34.71,경기 부천시 중동
8830e0af0bfffff,6:20:00,8830e0af0bfffff,45,177.56,33.44,경기 부천시 중동
8830e0af0bfffff,6:40:00,8830e0af0bfffff,57,226.18,54.68,경기 부천시 중동
8830e0af0bfffff,7:00:00,8830e0af0bfffff,121,165.74,32.36,경기 부천시 중동
8830e0af0bfffff,7:20:00,8830e0af0bfffff,87,133.91,25.4,경기 부천시 중동
8830e0af0bfffff,7:40:00,8830e0af0bfffff,108,118.06,36.98,경기 부천시 중동
8830e0af0bfffff,8:00:00,8830e0af0bfffff,130,87.41,26.36,경기 부천시 중동
8830e0af0bfffff,8:20:00,8830e0af0bfffff,141,83.42,25.75,경기 부천시 중동
8830e0af0bfffff,8:40:00,8830e0af0bfffff,198,90.69,30.12,경기 부천시 중동
8830e0af0bfffff,9:00:00,8830e0af0bfffff,225,80.18,25.1,경기 부천시 중동
8830e0af0bfffff,9:20:00,8830e0af0bfffff,252,85.91,26.49,경기 부천시 중동
8830e0af0bfffff,9:40:00,8830e0af0bfffff,283,77.34,26.04,경기 부천시 중동
8830e0af0bfffff,10:00:00,8830e0af0bfffff,320,86.06,25.38,경기 부천시 중동
8830e0af0bfffff,10:20:00,8830e0af0bfffff,327,74.57,24.09,경기 부천시 중동
8830e0af0bfffff,10:40:00,8830e0af0bfffff,367,71.36,26.77,경기 부천시 중동
8830e0af0bfffff,11:00:00,8830e0af0bfffff,381,69.82,23.53,경기 부천시 중동
8830e0af0bfffff,11:20:00,8830e0af0bfffff,421,63.0,24.95,경기 부천시 중동
8830e0af0bfffff,11:40:00,8830e0af0bfffff,429,61.61,21.28,경기 부천시 중동
8830e0af0bfffff,12:00:00,8830e0af0bfffff,480,64.79,24.32,경기 부천시 중동
8830e0af0bfffff,12:00:00,8830e0af6dfffff,14,59.93,19.48,인천 계양구 계산동
8830e0af0bfffff,12:20:00,8830e0af0bfffff,464,63.58,22.07,경기 부천시 중동
8830e0af0bfffff,12:40:00,8830e0af0bfffff,437,67.91,21.96,경기 부천시 중동
8830e0af0bfffff,12:40:00,8830e0af6dfffff,11,73.64,36.88,인천 계양구 계산동
8830e0af0bfffff,13:00:00,8830e0a1b1fffff,12,47.0,41.17,경기 부천시 오정동
8830e0af0bfffff,13:00:00,8830e0af0bfffff,508,64.32,24.52,경기 부천시 중동
8830e0af0bfffff,13:20:00,8830e0af0bfffff,467,67.84,23.4,경기 부천시 중동
8830e0af0bfffff,13:40:00,8830e0a1b1fffff,10,58.3,37.5,경기 부천시 오정동
8830e0af0bfffff,13:40:00,8830e0af0bfffff,500,73.3,25.49,경기 부천시 중동
8830e0af0bfffff,14:00:00,8830e0af0bfffff,480,68.3,23.95,경기 부천시 중동
8830e0af0bfffff,14:20:00,8830e0a1b1fffff,11,57.45,31.39,경기 부천시 오정동
8830e0af0bfffff,14:20:00,8830e0af0bfffff,467,65.0,24.68,경기 부천시 중동
8830e0af0bfffff,14:20:00,8830e0af6dfffff,10,150.8,28.38,인천 계양구 계산동
8830e0af0bfffff,14:40:00,8830e0af0bfffff,449,67.21,23.16,경기 부천시 중동
8830e0af0bfffff,14:40:00,8830e0af6dfffff,19,59.26,28.2,인천 계양구 계산동
8830e0af0bfffff,15:00:00,8830e0a1b1fffff,12,65.75,28.06,경기 부천시 오정동
8830e0af0bfffff,15:00:00,8830e0af0bfffff,492,69.07,24.42,경기 부천시 중동
8830e0af0bfffff,15:00:00,8830e0af6dfffff,16,55.69,25.7,인천 계양구 계산동
8830e0af0bfffff,15:20:00,8830e0a1b1fffff,13,49.85,23.69,경기 부천시 오정동
8830e0af0bfffff,15:20:00,8830e0af0bfffff,461,71.23,25.82,경기 부천시 중동
8830e0af0bfffff,15:40:00,8830e0af0bfffff,426,60.84,23.62,경기 부천시 중동
8830e0af0bfffff,15:40:00,8830e0af6dfffff,14,58.5,22.16,인천 계양구 계산동
8830e0af0bfffff,16:00:00,8830e0a1b1fffff,11,56.18,34.37,경기 부천시 오정동
8830e0af0bfffff,16:00:00,8830e0af0bfffff,420,63.74,23.41,경기 부천시 중동
8830e0af0bfffff,16:00:00,8830e0af6dfffff,16,59.94,22.69,인천 계양구 계산동
8830e0af0bfffff,16:20:00,8830e0a1b1fffff,16,60.88,23.34,경기 부천시 오정동
8830e0af0bfffff,16:20:00,8830e0af0bfffff,378,62.4,31.14,경기 부천시 중동
8830e0af0bfffff,16:20:00,8830e0af6dfffff,21,81.86,21.88,인천 계양구 계산동
8830e0af0bfffff,16:40:00,8830e0a1b1fffff,18,58.89,34.28,경기 부천시 오정동
8830e0af0bfffff,16:40:00,8830e0af0bfffff,392,59.28,20.93,경기 부천시 중동
8830e0af0bfffff,17:00:00,8830e0ac99fffff,12,47.0,37.35,Kintex
8830e0af0bfffff,17:00:00,8830e0af0bfffff,383,62.9,22.48,경기 부천시 중동
8830e0af0bfffff,17:00:00,8830e0af6dfffff,11,125.0,22.73,인천 계양구 계산동
8830e0af0bfffff,17:20:00,8830e0a1b1fffff,13,56.69,25.72,경기 부천시 오정동
8830e0af0bfffff,17:20:00,8830e0af0bfffff,375,64.27,22.52,경기 부천시 중동
8830e0af0bfffff,17:20:00,8830e0af6dfffff,11,67.36,27.44,인천 계양구 계산동
8830e0af0bfffff,17:40:00,8830e0a1b1fffff,17,137.76,25.84,경기 부천시 오정동
8830e0af0bfffff,17:40:00,8830e0af0bfffff,383,61.94,25.34,경기 부천시 중동
8830e0af0bfffff,17:40:00,8830e0af6dfffff,12,48.75,27.17,인천 계양구 계산동
8830e0af0bfffff,18:00:00,8830e0a1b1fffff,18,49.5,32.48,경기 부천시 오정동
8830e0af0bfffff,18:00:00,8830e0af0bfffff,387,62.51,24.85,경기 부천시 중동
8830e0af0bfffff,18:00:00,8830e0af6dfffff,16,75.44,27.49,인천 계양구 계산동
8830e0af0bfffff,18:20:00,8830e0a1b1fffff,20,63.7,46.23,경기 부천시 오정동
8830e0af0bfffff,18:20:00,8830e0af0bfffff,351,55.91,22.6,경기 부천시 중동
8830e0af0bfffff,18:20:00,8830e0af6dfffff,20,50.15,26.86,인천 계양구 계산동
8830e0af0bfffff,18:40:00,8830e0a1b1fffff,11,49.18,52.9,경기 부천시 오정동
8830e0af0bfffff,18:40:00,8830e0af0bfffff,343,54.96,22.69,경기 부천시 중동
8830e0af0bfffff,18:40:00,8830e0af6dfffff,15,81.87,29.16,인천 계양구 계산동
8830e0af0bfffff,19:00:00,8830e0a1b1fffff,11,56.0,30.61,경기 부천시 오정동
8830e0af0bfffff,19:00:00,8830e0af0bfffff,317,59.27,22.69,경기 부천시 중동
8830e0af0bfffff,19:00:00,8830e0af6dfffff,13,114.31,24.52,인천 계양구 계산동
8830e0af0bfffff,19:20:00,8830e0a1b1fffff,11,49.0,42.47,경기 부천시 오정동
8830e0af0bfffff,19:20:00,8830e0af0bfffff,306,54.13,26.1,경기 부천시 중동
8830e0af0bfffff,19:20:00,8830e0af6dfffff,14,50.64,18.72,인천 계양구 계산동
8830e0af0bfffff,19:40:00,8830e0af0bfffff,291,58.28,23.21,경기 부천시 중동
8830e0af0bfffff,20:00:00,8830e0af0bfffff,272,63.09,24.6,경기 부천시 중동
8830e0af0bfffff,20:20:00,8830e0a1b1fffff,11,55.18,20.5,경기 부천시 오정동
8830e0af0bfffff,20:20:00,8830e0af0bfffff,274,62.18,22.23,경기 부천시 중동
8830e0af0bfffff,20:40:00,8830e0af0bfffff,234,61.35,25.32,경기 부천시 중동
8830e0af0bfffff,21:00:00,8830e0a1b1fffff,10,40.0,30.9,경기 부천시 오정동
8830e0af0bfffff,21:00:00,8830e0af0bfffff,205,58.93,26.33,경기 부천시 중동
8830e0af0bfffff,21:00:00,8830e0af6dfffff,12,69.92,35.35,인천 계양구 계산동
8830e0af0bfffff,21:20:00,8830e0a1b1fffff,10,50.7,24.9,경기 부천시 오정동
8830e0af0bfffff,21:20:00,8830e0af0bfffff,188,59.16,33.1,경기 부천시 중동
8830e0af0bfffff,21:40:00,8830e0af0bfffff,184,62.89,25.95,경기 부천시 중동
8830e0af0bfffff,22:00:00,8830e0af0bfffff,154,57.14,25.31,경기 부천시 중동
8830e0af0bfffff,22:20:00,8830e0af0bfffff,116,56.69,20.55,경기 부천시 중동
8830e0af0bfffff,22:40:00,8830e0af0bfffff,97,60.69,20.25,경기 부천시 중동
8830e0af0bfffff,23:00:00,8830e0af0bfffff,133,48.18,25.87,경기 부천시 중동
8830e0af0bfffff,23:20:00,8830e0af0bfffff,87,35.32,16.07,경기 부천시 중동
8830e0af0dfffff,8:00:00,8830e0af0bfffff,13,76.69,17.49,경기 부천시 중동
8830e0af0dfffff,8:40:00,8830e0af0bfffff,12,91.67,26.33,경기 부천시 중동
8830e0af0dfffff,9:00:00,8830e0af0bfffff,26,63.27,20.18,경기 부천시 중동
8830e0af0dfffff,9:20:00,8830e0af0bfffff,14,74.79,24.41,경기 부천시 중동
8830e0af0dfffff,9:40:00,8830e0af0bfffff,23,64.13,20.44,경기 부천시 중동
8830e0af0dfffff,10:00:00,8830e0af0bfffff,23,66.78,23.58,경기 부천시 중동
8830e0af0dfffff,10:20:00,8830e0af0bfffff,19,59.42,24.48,경기 부천시 중동
8830e0af0dfffff,10:40:00,8830e0af0bfffff,15,68.33,26.27,경기 부천시 중동
8830e0af0dfffff,11:00:00,8830e0af0bfffff,13,81.46,26.94,경기 부천시 중동
8830e0af0dfffff,11:20:00,8830e0af0bfffff,23,60.13,30.95,경기 부천시 중동
8830e0af0dfffff,11:40:00,8830e0af0bfffff,18,61.78,22.11,경기 부천시 중동
8830e0af0dfffff,12:00:00,8830e0af0bfffff,15,51.53,24.05,경기 부천시 중동
8830e0af0dfffff,12:20:00,8830e0af0bfffff,23,72.3,21.43,경기 부천시 중동
8830e0af0dfffff,12:40:00,8830e0af0bfffff,20,67.2,25.04,경기 부천시 중동
8830e0af0dfffff,13:00:00,8830e0af0bfffff,20,56.3,23.97,경기 부천시 중동
8830e0af0dfffff,13:20:00,8830e0af0bfffff,25,62.84,21.8,경기 부천시 중동
8830e0af0dfffff,13:40:00,8830e0af0bfffff,22,58.05,28.91,경기 부천시 중동
8830e0af0dfffff,14:00:00,8830e0af0bfffff,27,50.07,20.79,경기 부천시 중동
8830e0af0dfffff,14:20:00,8830e0af0bfffff,25,61.4,22.69,경기 부천시 중동
8830e0af0dfffff,14:40:00,8830e0af0bfffff,19,60.21,18.21,경기 부천시 중동
8830e0af0dfffff,14:40:00,8830e0af6dfffff,10,43.5,17.34,인천 계양구 계산동
8830e0af0dfffff,15:00:00,8830e0af0bfffff,30,58.23,29.46,경기 부천시 중동
8830e0af0dfffff,15:20:00,8830e0af0bfffff,20,67.65,17.16,경기 부천시 중동
8830e0af0dfffff,15:40:00,8830e0af0bfffff,31,64.16,16.4,경기 부천시 중동
8830e0af0dfffff,16:00:00,8830e0af0bfffff,28,57.71,25.72,경기 부천시 중동
8830e0af0dfffff,16:20:00,8830e0af0bfffff,26,59.46,23.21,경기 부천시 중동
8830e0af0dfffff,16:40:00,8830e0af0bfffff,12,51.17,20.88,경기 부천시 중동
8830e0af0dfffff,17:00:00,8830e0af0bfffff,20,46.75,19.05,경기 부천시 중동
8830e0af0dfffff,17:20:00,8830e0af0bfffff,17,52.71,19.1,경기 부천시 중동
8830e0af0dfffff,17:40:00,8830e0af0bfffff,17,47.94,20.31,경기 부천시 중동
8830e0af0dfffff,18:00:00,8830e0af0bfffff,16,49.63,22.67,경기 부천시 중동
8830e0af0dfffff,18:40:00,8830e0af0bfffff,12,63.67,24.76,경기 부천시 중동
8830e0af0dfffff,19:00:00,8830e0af0bfffff,11,47.0,20.96,경기 부천시 중동
8830e0af11fffff,0:00:00,8830e0af0bfffff,21,60.57,24.54,경기 부천시 중동
8830e0af11fffff,8:20:00,8830e0af0bfffff,15,96.0,26.0,경기 부천시 중동
8830e0af11fffff,8:40:00,8830e0af0bfffff,25,73.12,24.09,경기 부천시 중동
8830e0af11fffff,9:00:00,8830e0af0bfffff,21,63.62,18.58,경기 부천시 중동
8830e0af11fffff,9:20:00,8830e0af0bfffff,28,121.79,23.41,경기 부천시 중동
8830e0af11fffff,9:40:00,8830e0af0bfffff,32,71.31,22.48,경기 부천시 중동
8830e0af11fffff,10:00:00,8830e0af0bfffff,35,62.17,20.82,경기 부천시 중동
8830e0af11fffff,10:20:00,8830e0af0bfffff,34,56.38,22.72,경기 부천시 중동
8830e0af11fffff,10:40:00,8830e0af0bfffff,47,59.87,22.64,경기 부천시 중동
8830e0af11fffff,11:00:00,8830e0af0bfffff,52,58.58,23.72,경기 부천시 중동
8830e0af11fffff,11:20:00,8830e0af0bfffff,31,58.94,20.82,경기 부천시 중동
8830e0af11fffff,11:40:00,8830e0af0bfffff,36,50.39,19.39,경기 부천시 중동
8830e0af11fffff,12:00:00,8830e0af0bfffff,41,56.07,20.29,경기 부천시 중동
8830e0af11fffff,12:20:00,8830e0af0bfffff,47,58.89,20.98,경기 부천시 중동
8830e0af11fffff,12:40:00,8830e0a1b1fffff,11,165.73,29.05,경기 부천시 오정동
8830e0af11fffff,12:40:00,8830e0af0bfffff,44,53.02,22.61,경기 부천시 중동
8830e0af11fffff,13:00:00,8830e0af0bfffff,46,48.7,21.84,경기 부천시 중동
8830e0af11fffff,13:20:00,8830e0af0bfffff,43,76.65,21.87,경기 부천시 중동
8830e0af11fffff,13:40:00,8830e0af0bfffff,65,74.52,25.55,경기 부천시 중동
8830e0af11fffff,14:00:00,8830e0af0bfffff,56,56.23,22.62,경기 부천시 중동
8830e0af11fffff,14:00:00,8830e0af6dfffff,11,51.55,28.76,인천 계양구 계산동
8830e0af11fffff,14:20:00,8830e0af0bfffff,49,60.31,21.62,경기 부천시 중동
8830e0af11fffff,14:20:00,8830e0af6dfffff,11,70.91,27.59,인천 계양구 계산동
8830e0af11fffff,14:40:00,8830e0af0bfffff,52,59.96,22.61,경기 부천시 중동
8830e0af11fffff,15:00:00,8830e0af0bfffff,57,51.56,19.87,경기 부천시 중동
8830e0af11fffff,15:20:00,8830e0a1b1fffff,10,66.5,29.03,경기 부천시 오정동
8830e0af11fffff,15:20:00,8830e0af0bfffff,47,60.4,20.72,경기 부천시 중동
8830e0af11fffff,15:40:00,8830e0af0bfffff,50,52.96,17.18,경기 부천시 중동
8830e0af11fffff,16:00:00,8830e0af0bfffff,53,52.23,23.33,경기 부천시 중동
8830e0af11fffff,16:20:00,8830e0af0bfffff,52,58.81,21.63,경기 부천시 중동
8830e0af11fffff,16:40:00,8830e0af0bfffff,47,56.66,22.27,경기 부천시 중동
8830e0af11fffff,17:00:00,8830e0af0bfffff,51,54.59,19.48,경기 부천시 중동
8830e0af11fffff,17:00:00,8830e0af6dfffff,12,56.5,30.6,인천 계양구 계산동
8830e0af11fffff,17:20:00,8830e0af0bfffff,40,53.48,24.29,경기 부천시 중동
8830e0af11fffff,17:20:00,8830e0af6dfffff,11,58.64,27.55,인천 계양구 계산동
8830e0af11fffff,17:40:00,8830e0af0bfffff,56,74.2,21.67,경기 부천시 중동
8830e0af11fffff,18:00:00,8830e0a1b1fffff,20,52.85,31.25,경기 부천시 오정동
8830e0af11fffff,18:00:00,8830e0af0bfffff,64,51.36,20.42,경기 부천시 중동
8830e0af11fffff,18:20:00,8830e0af0bfffff,39,49.15,23.85,경기 부천시 중동
8830e0af11fffff,18:20:00,8830e0af6dfffff,10,39.5,26.16,인천 계양구 계산동
8830e0af11fffff,18:40:00,8830e0af0bfffff,28,73.57,35.4,경기 부천시 중동
8830e0af11fffff,19:00:00,8830e0af0bfffff,40,74.3,20.02,경기 부천시 중동
8830e0af11fffff,19:20:00,8830e0af0bfffff,23,70.61,19.1,경기 부천시 중동
8830e0af11fffff,19:40:00,8830e0af0bfffff,37,68.16,21.71,경기 부천시 중동
8830e0af11fffff,20:00:00,8830e0af0bfffff,21,48.71,24.36,경기 부천시 중동
8830e0af11fffff,20:20:00,8830e0a1b1fffff,10,47.7,33.24,경기 부천시 오정동
8830e0af11fffff,20:20:00,8830e0af0bfffff,20,134.9,18.24,경기 부천시 중동
8830e0af11fffff,20:40:00,8830e0af0bfffff,20,102.25,24.38,경기 부천시 중동
8830e0af11fffff,21:00:00,8830e0af0bfffff,14,141.43,35.31,경기 부천시 중동
8830e0af11fffff,21:20:00,8830e0af0bfffff,10,149.5,24.95,경기 부천시 중동
8830e0af11fffff,21:40:00,8830e0af0bfffff,14,46.0,24.3,경기 부천시 중동
8830e0af11fffff,22:00:00,8830e0af0bfffff,11,59.73,24.21,경기 부천시 중동
8830e0af11fffff,22:40:00,8830e0af0bfffff,11,51.18,14.81,경기 부천시 중동
8830e0af13fffff,7:40:00,8830e0ae99fffff,10,53.7,40.7,서울 강서구 등촌동
8830e0af13fffff,8:20:00,8830e0af0bfffff,10,61.3,15.07,경기 부천시 중동
8830e0af13fffff,9:20:00,8830e0af0bfffff,13,89.92,21.91,경기 부천시 중동
8830e0af13fffff,9:40:00,8830e0af0bfffff,13,90.31,24.83,경기 부천시 중동
8830e0af13fffff,10:00:00,8830e0af0bfffff,10,56.1,20.86,경기 부천시 중동
8830e0af13fffff,10:20:00,8830e0af0bfffff,19,69.89,22.94,경기 부천시 중동
8830e0af13fffff,10:40:00,8830e0af0bfffff,11,66.09,20.55,경기 부천시 중동
8830e0af13fffff,11:00:00,8830e0af0bfffff,18,50.39,18.13,경기 부천시 중동
8830e0af13fffff,11:20:00,8830e0af0bfffff,16,70.88,24.24,경기 부천시 중동
8830e0af13fffff,11:40:00,8830e0af0bfffff,19,63.32,18.08,경기 부천시 중동
8830e0af13fffff,12:00:00,8830e0af0bfffff,13,67.23,21.83,경기 부천시 중동
8830e0af13fffff,12:20:00,8830e0af0bfffff,21,142.1,16.59,경기 부천시 중동
8830e0af13fffff,12:40:00,8830e0af0bfffff,13,57.54,22.84,경기 부천시 중동
8830e0af13fffff,13:00:00,8830e0af0bfffff,13,66.69,19.66,경기 부천시 중동
8830e0af13fffff,13:20:00,8830e0af0bfffff,16,75.5,23.36,경기 부천시 중동
8830e0af13fffff,13:40:00,8830e0af0bfffff,18,63.72,19.71,경기 부천시 중동
8830e0af13fffff,14:00:00,8830e0af0bfffff,18,66.72,21.38,경기 부천시 중동
8830e0af13fffff,14:20:00,8830e0af0bfffff,21,61.43,25.81,경기 부천시 중동
8830e0af13fffff,14:40:00,8830e0af0bfffff,20,48.35,18.82,경기 부천시 중동
8830e0af13fffff,15:00:00,8830e0af0bfffff,17,51.18,21.69,경기 부천시 중동
8830e0af13fffff,15:20:00,8830e0af0bfffff,29,52.24,23.38,경기 부천시 중동
8830e0af13fffff,15:40:00,8830e0af0bfffff,14,51.07,19.18,경기 부천시 중동
8830e0af13fffff,16:00:00,8830e0af0bfffff,18,86.67,22.77,경기 부천시 중동
8830e0af13fffff,16:20:00,8830e0ae99fffff,11,38.82,31.48,서울 강서구 등촌동
8830e0af13fffff,16:20:00,8830e0af0bfffff,11,48.18,18.64,경기 부천시 중동
8830e0af13fffff,16:40:00,8830e0af0bfffff,17,65.12,21.08,경기 부천시 중동
8830e0af13fffff,17:00:00,8830e0af0bfffff,16,51.63,27.91,경기 부천시 중동
8830e0af13fffff,17:20:00,8830e0af0bfffff,21,88.05,32.77,경기 부천시 중동
8830e0af13fffff,17:40:00,8830e0af0bfffff,22,65.59,40.51,경기 부천시 중동
8830e0af13fffff,18:00:00,8830e0af0bfffff,20,47.0,22.82,경기 부천시 중동
8830e0af13fffff,18:00:00,8830e0af6dfffff,12,54.58,33.8,인천 계양구 계산동
8830e0af13fffff,18:20:00,8830e0af0bfffff,14,50.86,25.18,경기 부천시 중동
8830e0af13fffff,18:40:00,8830e0af0bfffff,14,64.93,23.24,경기 부천시 중동
8830e0af13fffff,19:00:00,8830e0af0bfffff,14,64.29,18.68,경기 부천시 중동
8830e0af15fffff,0:00:00,8830e0af0bfffff,12,52.75,32.71,경기 부천시 중동
8830e0af15fffff,7:00:00,8830e0af0bfffff,13,61.08,17.04,경기 부천시 중동
8830e0af15fffff,7:20:00,8830e0a1b1fffff,11,49.0,28.0,경기 부천시 오정동
8830e0af15fffff,7:40:00,8830e0af0bfffff,14,51.36,26.64,경기 부천시 중동
8830e0af15fffff,8:00:00,8830e0af0bfffff,15,61.07,15.68,경기 부천시 중동
8830e0af15fffff,8:20:00,8830e0af0bfffff,18,81.39,25.64,경기 부천시 중동
8830e0af15fffff,8:40:00,8830e0af0bfffff,16,77.31,23.35,경기 부천시 중동
8830e0af15fffff,9:00:00,8830e0af0bfffff,26,55.12,25.55,경기 부천시 중동
8830e0af15fffff,9:20:00,8830e0af0bfffff,36,70.53,22.28,경기 부천시 중동
8830e0af15fffff,9:40:00,8830e0af0bfffff,31,61.26,21.56,경기 부천시 중동
8830e0af15fffff,10:00:00,8830e0af0bfffff,25,73.72,22.55,경기 부천시 중동
8830e0af15fffff,10:20:00,8830e0af0bfffff,33,58.03,18.04,경기 부천시 중동
8830e0af15fffff,10:40:00,8830e0af0bfffff,37,55.78,19.58,경기 부천시 중동
8830e0af15fffff,11:00:00,8830e0af0bfffff,25,52.68,23.58,경기 부천시 중동
8830e0af15fffff,11:20:00,8830e0af0bfffff,27,48.74,18.42,경기 부천시 중동
8830e0af15fffff,11:40:00,8830e0af0bfffff,33,49.24,19.4,경기 부천시 중동
8830e0af15fffff,12:00:00,8830e0af0bfffff,37,55.62,21.02,경기 부천시 중동
8830e0af15fffff,12:20:00,8830e0af0bfffff,36,66.36,18.1,경기 부천시 중동
8830e0af15fffff,12:40:00,8830e0af0bfffff,40,68.75,22.74,경기 부천시 중동
8830e0af15fffff,13:00:00,8830e0af0bfffff,46,57.09,21.26,경기 부천시 중동
8830e0af15fffff,13:20:00,8830e0af0bfffff,43,61.33,25.4,경기 부천시 중동
8830e0af15fffff,13:40:00,8830e0af0bfffff,37,45.81,26.86,경기 부천시 중동
8830e0af15fffff,14:00:00,8830e0af0bfffff,46,58.13,21.51,경기 부천시 중동
8830e0af15fffff,14:20:00,8830e0af0bfffff,42,65.1,25.31,경기 부천시 중동
8830e0af15fffff,14:40:00,8830e0af0bfffff,38,58.71,17.33,경기 부천시 중동
8830e0af15fffff,15:00:00,8830e0af0bfffff,29,62.17,23.49,경기 부천시 중동
8830e0af15fffff,15:20:00,8830e0af0bfffff,36,70.97,21.4,경기 부천시 중동
8830e0af15fffff,15:40:00,8830e0af0bfffff,27,61.11,20.07,경기 부천시 중동
8830e0af15fffff,16:00:00,8830e0af0bfffff,25,51.72,21.16,경기 부천시 중동
8830e0af15fffff,16:20:00,8830e0af0bfffff,42,54.43,22.16,경기 부천시 중동
8830e0af15fffff,16:40:00,8830e0af0bfffff,27,55.96,18.49,경기 부천시 중동
8830e0af15fffff,17:00:00,8830e0af0bfffff,30,54.97,22.95,경기 부천시 중동
8830e0af15fffff,17:20:00,8830e0af0bfffff,31,65.55,30.47,경기 부천시 중동
8830e0af15fffff,17:40:00,8830e0af0bfffff,38,80.92,20.89,경기 부천시 중동
8830e0af15fffff,18:00:00,8830e0af0bfffff,30,57.13,20.22,경기 부천시 중동
8830e0af15fffff,18:20:00,8830e0af0bfffff,26,106.19,24.07,경기 부천시 중동
8830e0af15fffff,18:40:00,8830e0af0bfffff,17,56.12,25.23,경기 부천시 중동
8830e0af15fffff,19:00:00,8830e0af0bfffff,16,47.88,17.31,경기 부천시 중동
8830e0af15fffff,19:20:00,8830e0af0bfffff,11,65.82,17.97,경기 부천시 중동
8830e0af15fffff,19:40:00,8830e0af0bfffff,17,88.18,25.05,경기 부천시 중동
8830e0af15fffff,20:00:00,8830e0af0bfffff,16,60.69,25.36,경기 부천시 중동
8830e0af15fffff,20:20:00,8830e0af0bfffff,13,76.08,31.23,경기 부천시 중동
8830e0af15fffff,21:00:00,8830e0af0bfffff,14,59.64,22.86,경기 부천시 중동
8830e0af15fffff,22:00:00,8830e0af0bfffff,11,65.0,28.82,경기 부천시 중동
8830e0af17fffff,0:00:00,8830e0af0bfffff,15,84.93,24.79,경기 부천시 중동
8830e0af17fffff,6:40:00,8830e024dbfffff,18,116.83,55.92,경기 성남시 분당구 서현동
8830e0af17fffff,7:20:00,8830e0ae99fffff,11,45.27,35.54,서울 강서구 등촌동
8830e0af17fffff,8:00:00,8830e0af0bfffff,21,62.33,21.24,경기 부천시 중동
8830e0af17fffff,8:00:00,8830e0af6dfffff,16,44.5,30.03,인천 계양구 계산동
8830e0af17fffff,8:20:00,8830e0af0bfffff,13,71.08,20.28,경기 부천시 중동
8830e0af17fffff,8:40:00,8830e0af0bfffff,21,99.1,23.47,경기 부천시 중동
8830e0af17fffff,9:00:00,8830e0af0bfffff,38,67.74,23.53,경기 부천시 중동
8830e0af17fffff,9:20:00,8830e0af0bfffff,27,71.26,21.94,경기 부천시 중동
8830e0af17fffff,9:40:00,8830e0af0bfffff,22,56.23,22.21,경기 부천시 중동
8830e0af17fffff,10:00:00,8830e0af0bfffff,33,76.55,25.4,경기 부천시 중동
8830e0af17fffff,10:20:00,8830e0af0bfffff,29,61.21,25.19,경기 부천시 중동
8830e0af17fffff,10:40:00,8830e0af0bfffff,30,65.63,24.73,경기 부천시 중동
8830e0af17fffff,11:00:00,8830e0af0bfffff,31,65.0,26.6,경기 부천시 중동
8830e0af17fffff,11:20:00,8830e0af0bfffff,35,66.49,29.64,경기 부천시 중동
8830e0af17fffff,11:40:00,8830e0af0bfffff,31,52.35,17.28,경기 부천시 중동
8830e0af17fffff,12:00:00,8830e0af0bfffff,37,62.43,26.54,경기 부천시 중동
8830e0af17fffff,12:20:00,8830e0af0bfffff,45,57.87,22.1,경기 부천시 중동
8830e0af17fffff,12:40:00,8830e0af0bfffff,43,59.26,23.17,경기 부천시 중동
8830e0af17fffff,13:00:00,8830e0af0bfffff,40,55.15,27.98,경기 부천시 중동
8830e0af17fffff,13:20:00,8830e0af0bfffff,45,93.78,22.79,경기 부천시 중동
8830e0af17fffff,13:40:00,8830e0af0bfffff,54,69.37,20.36,경기 부천시 중동
8830e0af17fffff,14:00:00,8830e0af0bfffff,54,57.56,19.93,경기 부천시 중동
8830e0af17fffff,14:00:00,8830e0af6dfffff,10,119.8,21.69,인천 계양구 계산동
8830e0af17fffff,14:20:00,8830e0af0bfffff,56,61.75,21.37,경기 부천시 중동
8830e0af17fffff,14:40:00,8830e0af0bfffff,43,95.3,17.19,경기 부천시 중동
8830e0af17fffff,15:00:00,8830e0af0bfffff,68,58.34,20.69,경기 부천시 중동
8830e0af17fffff,15:20:00,8830e0af0bfffff,50,51.68,19.36,경기 부천시 중동
8830e0af17fffff,15:40:00,8830e0af0bfffff,45,58.53,30.33,경기 부천시 중동
8830e0af17fffff,16:00:00,8830e0af0bfffff,36,56.92,17.55,경기 부천시 중동
8830e0af17fffff,16:20:00,8830e0af0bfffff,38,81.39,18.46,경기 부천시 중동
8830e0af17fffff,16:40:00,8830e0af0bfffff,35,86.74,21.91,경기 부천시 중동
8830e0af17fffff,17:00:00,8830e0af0bfffff,36,73.64,20.58,경기 부천시 중동
8830e0af17fffff,17:20:00,8830e0a1b1fffff,11,54.18,30.77,경기 부천시 오정동
8830e0af17fffff,17:20:00,8830e0af0bfffff,47,51.89,20.45,경기 부천시 중동
8830e0af17fffff,17:40:00,8830e0af0bfffff,43,57.74,24.57,경기 부천시 중동
8830e0af17fffff,18:00:00,8830e0a1b1fffff,17,174.88,21.85,경기 부천시 오정동
8830e0af17fffff,18:00:00,8830e0af0bfffff,50,48.88,21.37,경기 부천시 중동
8830e0af17fffff,18:20:00,8830e0af0bfffff,41,51.51,19.08,경기 부천시 중동
8830e0af17fffff,18:40:00,8830e0af0bfffff,24,69.25,23.17,경기 부천시 중동
8830e0af17fffff,19:00:00,8830e0af0bfffff,34,57.76,16.81,경기 부천시 중동
8830e0af17fffff,19:20:00,8830e0af0bfffff,18,68.17,20.64,경기 부천시 중동
8830e0af17fffff,19:40:00,8830e0af0bfffff,16,51.88,23.2,경기 부천시 중동
8830e0af17fffff,20:00:00,8830e0af0bfffff,16,57.94,27.55,경기 부천시 중동
8830e0af17fffff,20:20:00,8830e0af0bfffff,13,39.46,36.2,경기 부천시 중동
8830e0af17fffff,20:40:00,8830e0af0bfffff,11,92.45,29.25,경기 부천시 중동
8830e0af17fffff,21:00:00,8830e0af0bfffff,14,83.21,24.82,경기 부천시 중동
8830e0af17fffff,21:40:00,8830e0af0bfffff,11,87.0,51.12,경기 부천시 중동
8830e0af17fffff,22:20:00,8830e0af0bfffff,10,57.8,20.33,경기 부천시 중동
8830e0af19fffff,0:00:00,8830e0af0bfffff,10,56.5,30.61,경기 부천시 중동
8830e0af19fffff,7:20:00,8830e0a1b1fffff,10,41.7,40.22,경기 부천시 오정동
8830e0af19fffff,7:40:00,8830e0ac83fffff,10,59.4,39.7,서울 구로구 구로동
8830e0af19fffff,7:40:00,8830e0af0bfffff,15,80.27,24.63,경기 부천시 중동
8830e0af19fffff,8:00:00,8830e0af0bfffff,15,64.07,31.6,경기 부천시 중동
8830e0af19fffff,8:20:00,8830e0af0bfffff,17,51.12,24.71,경기 부천시 중동
8830e0af19fffff,8:40:00,8830e0af0bfffff,30,81.47,29.32,경기 부천시 중동
8830e0af19fffff,9:00:00,8830e0af0bfffff,38,64.39,25.18,경기 부천시 중동
8830e0af19fffff,9:20:00,8830e0af0bfffff,38,65.79,17.09,경기 부천시 중동
8830e0af19fffff,9:40:00,8830e0af0bfffff,40,66.88,21.89,경기 부천시 중동
8830e0af19fffff,10:00:00,8830e0af0bfffff,38,74.82,23.51,경기 부천시 중동
8830e0af19fffff,10:20:00,8830e0af0bfffff,42,66.55,25.84,경기 부천시 중동
8830e0af19fffff,10:40:00,8830e0af0bfffff,32,72.69,19.36,경기 부천시 중동
8830e0af19fffff,11:00:00,8830e0af0bfffff,39,55.97,23.03,경기 부천시 중동
8830e0af19fffff,11:20:00,8830e0af0bfffff,42,56.5,21.06,경기 부천시 중동
8830e0af19fffff,11:40:00,8830e0af0bfffff,39,70.72,21.38,경기 부천시 중동
8830e0af19fffff,12:00:00,8830e0af0bfffff,38,50.47,23.7,경기 부천시 중동
8830e0af19fffff,12:20:00,8830e0af0bfffff,33,64.09,21.17,경기 부천시 중동
8830e0af19fffff,12:40:00,8830e0af0bfffff,42,62.98,26.34,경기 부천시 중동
8830e0af19fffff,13:00:00,8830e0af0bfffff,53,56.98,21.64,경기 부천시 중동
8830e0af19fffff,13:20:00,8830e0af0bfffff,44,70.52,25.49,경기 부천시 중동
8830e0af19fffff,13:40:00,8830e0af0bfffff,54,56.59,23.08,경기 부천시 중동
8830e0af19fffff,14:00:00,8830e0af0bfffff,44,58.27,23.63,경기 부천시 중동
8830e0af19fffff,14:20:00,8830e0af0bfffff,53,58.49,23.21,경기 부천시 중동
8830e0af19fffff,14:40:00,8830e0af0bfffff,48,79.52,21.75,경기 부천시 중동
8830e0af19fffff,15:00:00,8830e0af0bfffff,33,56.45,22.97,경기 부천시 중동
8830e0af19fffff,15:20:00,8830e0af0bfffff,39,57.59,20.65,경기 부천시 중동
8830e0af19fffff,15:40:00,8830e0af0bfffff,42,60.86,22.0,경기 부천시 중동
8830e0af19fffff,16:00:00,8830e0af0bfffff,45,66.62,19.02,경기 부천시 중동
8830e0af19fffff,16:20:00,8830e0af0bfffff,40,54.1,18.64,경기 부천시 중동
8830e0af19fffff,16:40:00,8830e0af0bfffff,35,65.6,24.97,경기 부천시 중동
8830e0af19fffff,17:00:00,8830e0af0bfffff,31,53.48,20.33,경기 부천시 중동
8830e0af19fffff,17:20:00,8830e0af0bfffff,30,51.97,18.67,경기 부천시 중동
8830e0af19fffff,17:40:00,8830e0af0bfffff,34,53.15,22.79,경기 부천시 중동
8830e0af19fffff,18:00:00,8830e0af0bfffff,41,51.24,21.62,경기 부천시 중동
8830e0af19fffff,18:00:00,8830e0af6dfffff,10,47.4,36.3,인천 계양구 계산동
8830e0af19fffff,18:20:00,8830e0af0bfffff,26,49.35,22.53,경기 부천시 중동
8830e0af19fffff,18:40:00,8830e0af0bfffff,23,60.87,28.57,경기 부천시 중동
8830e0af19fffff,19:00:00,8830e0af0bfffff,23,68.57,21.57,경기 부천시 중동
8830e0af19fffff,19:20:00,8830e0af0bfffff,14,52.14,16.09,경기 부천시 중동
8830e0af19fffff,19:40:00,8830e0af0bfffff,17,68.82,27.51,경기 부천시 중동
8830e0af19fffff,20:00:00,8830e0af0bfffff,11,56.73,15.52,경기 부천시 중동
8830e0af19fffff,20:20:00,8830e0af0bfffff,13,54.69,20.54,경기 부천시 중동
8830e0af19fffff,20:40:00,8830e0af0bfffff,10,50.9,16.85,경기 부천시 중동
8830e0af19fffff,21:40:00,8830e0af0bfffff,10,56.6,25.8,경기 부천시 중동
8830e0af1bfffff,9:20:00,8830e0af0bfffff,12,75.58,32.44,경기 부천시 중동
8830e0af1bfffff,9:40:00,8830e0af0bfffff,10,109.8,26.44,경기 부천시 중동
8830e0af1bfffff,10:00:00,8830e0af0bfffff,11,95.55,30.79,경기 부천시 중동
8830e0af1bfffff,10:20:00,8830e0af0bfffff,13,103.46,26.15,경기 부천시 중동
8830e0af1bfffff,10:40:00,8830e0af0bfffff,13,121.31,25.04,경기 부천시 중동
8830e0af1bfffff,11:40:00,8830e0af0bfffff,11,84.27,14.95,경기 부천시 중동
8830e0af1bfffff,12:00:00,8830e0af0bfffff,11,62.91,22.73,경기 부천시 중동
8830e0af1bfffff,12:20:00,8830e0af0bfffff,17,85.0,23.54,경기 부천시 중동
8830e0af1bfffff,12:40:00,8830e0af0bfffff,18,58.44,27.48,경기 부천시 중동
8830e0af1bfffff,13:00:00,8830e0af0bfffff,15,66.2,23.23,경기 부천시 중동
8830e0af1bfffff,13:20:00,8830e0af0bfffff,21,70.43,26.82,경기 부천시 중동
8830e0af1bfffff,13:40:00,8830e0af0bfffff,19,69.84,21.53,경기 부천시 중동
8830e0af1bfffff,14:00:00,8830e0af0bfffff,12,54.25,30.3,경기 부천시 중동
8830e0af1bfffff,14:20:00,8830e0af0bfffff,16,56.06,17.31,경기 부천시 중동
8830e0af1bfffff,14:40:00,8830e0af0bfffff,18,60.28,18.35,경기 부천시 중동
8830e0af1bfffff,15:00:00,8830e0af0bfffff,16,58.06,25.67,경기 부천시 중동
8830e0af1bfffff,15:20:00,8830e0af0bfffff,13,54.46,24.33,경기 부천시 중동
8830e0af1bfffff,15:40:00,8830e0af0bfffff,14,84.64,22.29,경기 부천시 중동
8830e0af1bfffff,16:00:00,8830e0af0bfffff,12,57.75,19.03,경기 부천시 중동
8830e0af1bfffff,16:20:00,8830e0af0bfffff,13,62.15,17.48,경기 부천시 중동
8830e0af1bfffff,16:40:00,8830e0af0bfffff,17,69.41,16.07,경기 부천시 중동
8830e0af1bfffff,17:00:00,8830e0af0bfffff,26,59.38,21.91,경기 부천시 중동
8830e0af1bfffff,17:20:00,8830e0af0bfffff,22,50.45,22.56,경기 부천시 중동
8830e0af1bfffff,17:40:00,8830e0af0bfffff,40,54.03,23.96,경기 부천시 중동
8830e0af1bfffff,18:00:00,8830e0a1b1fffff,20,48.2,25.56,경기 부천시 오정동
8830e0af1bfffff,18:00:00,8830e0af0bfffff,37,50.16,24.2,경기 부천시 중동
8830e0af1bfffff,18:00:00,8830e0af6dfffff,18,55.61,23.63,인천 계양구 계산동
8830e0af1bfffff,18:20:00,8830e0af0bfffff,18,52.22,19.64,경기 부천시 중동
8830e0af1bfffff,18:40:00,8830e0af0bfffff,13,49.85,18.08,경기 부천시 중동
8830e0af1bfffff,20:00:00,8830e0af0bfffff,11,109.55,16.79,경기 부천시 중동
8830e0af1dfffff,0:00:00,8830e0af0bfffff,85,104.61,36.32,경기 부천시 중동
8830e0af1dfffff,0:40:00,8830e0af0bfffff,10,40.7,27.96,경기 부천시 중동
8830e0af1dfffff,1:20:00,8830e0af0bfffff,11,89.0,28.92,경기 부천시 중동
8830e0af1dfffff,2:20:00,8830e0af0bfffff,10,85.2,27.59,경기 부천시 중동
8830e0af1dfffff,4:40:00,8830e0af0bfffff,10,75.2,22.18,경기 부천시 중동
8830e0af1dfffff,5:40:00,8830e0af0bfffff,13,83.31,40.33,경기 부천시 중동
8830e0af1dfffff,6:00:00,8830e0af0bfffff,15,94.53,34.66,경기 부천시 중동
8830e0af1dfffff,6:20:00,8830e0af0bfffff,17,99.06,24.64,경기 부천시 중동
8830e0af1dfffff,6:40:00,8830e0af0bfffff,10,86.7,33.11,경기 부천시 중동
8830e0af1dfffff,7:00:00,8830e0af0bfffff,22,87.95,31.71,경기 부천시 중동
8830e0af1dfffff,7:20:00,8830e0a1b1fffff,11,43.45,34.29,경기 부천시 오정동
8830e0af1dfffff,7:20:00,8830e0af0bfffff,21,74.0,20.12,경기 부천시 중동
8830e0af1dfffff,7:40:00,8830e0af0bfffff,33,74.09,36.6,경기 부천시 중동
8830e0af1dfffff,8:00:00,8830e0af0bfffff,36,85.03,22.43,경기 부천시 중동
8830e0af1dfffff,8:20:00,8830e0af0bfffff,40,82.45,31.78,경기 부천시 중동
8830e0af1dfffff,8:40:00,8830e0af0bfffff,39,75.1,26.27,경기 부천시 중동
8830e0af1dfffff,9:00:00,8830e0af0bfffff,61,75.9,31.15,경기 부천시 중동
8830e0af1dfffff,9:20:00,8830e0af0bfffff,57,69.37,30.44,경기 부천시 중동
8830e0af1dfffff,9:40:00,8830e0af0bfffff,69,80.26,27.08,경기 부천시 중동
8830e0af1dfffff,10:00:00,8830e0af0bfffff,67,77.48,22.46,경기 부천시 중동
8830e0af1dfffff,10:20:00,8830e0af0bfffff,66,66.92,32.42,경기 부천시 중동
8830e0af1dfffff,10:40:00,8830e0af0bfffff,84,84.64,39.71,경기 부천시 중동
8830e0af1dfffff,11:00:00,8830e0af0bfffff,109,64.96,23.08,경기 부천시 중동
8830e0af1dfffff,11:20:00,8830e0af0bfffff,110,73.51,26.41,경기 부천시 중동
8830e0af1dfffff,11:40:00,8830e0af0bfffff,137,68.75,29.23,경기 부천시 중동
8830e0af1dfffff,12:00:00,8830e0af0bfffff,132,69.64,27.54,경기 부천시 중동
8830e0af1dfffff,12:20:00,8830e0af0bfffff,136,73.26,25.53,경기 부천시 중동
8830e0af1dfffff,12:40:00,8830e0af0bfffff,112,68.33,31.87,경기 부천시 중동
8830e0af1dfffff,13:00:00,8830e0af0bfffff,145,63.32,23.68,경기 부천시 중동
8830e0af1dfffff,13:20:00,8830e0af0bfffff,137,62.5,27.58,경기 부천시 중동
8830e0af1dfffff,13:20:00,8830e0af6dfffff,10,57.2,29.76,인천 계양구 계산동
8830e0af1dfffff,13:40:00,8830e0af0bfffff,137,72.21,25.24,경기 부천시 중동
8830e0af1dfffff,14:00:00,8830e0af0bfffff,130,72.42,25.44,경기 부천시 중동
8830e0af1dfffff,14:20:00,8830e0af0bfffff,146,71.55,25.59,경기 부천시 중동
8830e0af1dfffff,14:20:00,8830e0af6dfffff,13,42.46,23.42,인천 계양구 계산동
8830e0af1dfffff,14:40:00,8830e0a1b1fffff,12,124.08,33.44,경기 부천시 오정동
8830e0af1dfffff,14:40:00,8830e0af0bfffff,130,78.99,27.34,경기 부천시 중동
8830e0af1dfffff,14:40:00,8830e0af6dfffff,13,49.69,20.07,인천 계양구 계산동
8830e0af1dfffff,15:00:00,8830e0a1b1fffff,11,110.91,27.26,경기 부천시 오정동
8830e0af1dfffff,15:00:00,8830e0af0bfffff,136,61.09,22.87,경기 부천시 중동
8830e0af1dfffff,15:00:00,8830e0af6dfffff,11,83.27,25.72,인천 계양구 계산동
8830e0af1dfffff,15:20:00,8830e0af0bfffff,148,74.64,23.13,경기 부천시 중동
8830e0af1dfffff,15:40:00,8830e0a1b1fffff,13,56.77,30.3,경기 부천시 오정동
8830e0af1dfffff,15:40:00,8830e0af0bfffff,123,58.59,26.48,경기 부천시 중동
8830e0af1dfffff,16:00:00,8830e0af0bfffff,126,66.22,25.39,경기 부천시 중동
8830e0af1dfffff,16:00:00,8830e0af6dfffff,12,84.0,27.39,인천 계양구 계산동
8830e0af1dfffff,16:20:00,8830e0a1b1fffff,15,112.13,25.21,경기 부천시 오정동
8830e0af1dfffff,16:20:00,8830e0af0bfffff,110,63.48,23.74,경기 부천시 중동
8830e0af1dfffff,16:40:00,8830e0a1b1fffff,16,55.13,30.42,경기 부천시 오정동
8830e0af1dfffff,16:40:00,8830e0af0bfffff,128,70.62,27.71,경기 부천시 중동
8830e0af1dfffff,17:00:00,8830e0a1b1fffff,12,83.33,28.86,경기 부천시 오정동
8830e0af1dfffff,17:00:00,8830e0af0bfffff,106,58.25,38.56,경기 부천시 중동
8830e0af1dfffff,17:20:00,8830e0a1b1fffff,11,74.64,29.52,경기 부천시 오정동
8830e0af1dfffff,17:20:00,8830e0af0bfffff,121,65.02,26.34,경기 부천시 중동
8830e0af1dfffff,17:40:00,8830e0af0bfffff,115,66.92,29.13,경기 부천시 중동
8830e0af1dfffff,18:00:00,8830e0a1b1fffff,20,56.95,25.25,경기 부천시 오정동
8830e0af1dfffff,18:00:00,8830e0af0bfffff,125,72.26,29.4,경기 부천시 중동
8830e0af1dfffff,18:00:00,8830e0af6dfffff,10,44.7,34.5,인천 계양구 계산동
8830e0af1dfffff,18:20:00,8830e0a1b1fffff,11,48.55,25.78,경기 부천시 오정동
8830e0af1dfffff,18:20:00,8830e0af0bfffff,111,79.38,24.01,경기 부천시 중동
8830e0af1dfffff,18:40:00,8830e0af0bfffff,112,70.07,26.53,경기 부천시 중동
8830e0af1dfffff,19:00:00,8830e0a1b1fffff,12,50.42,31.59,경기 부천시 오정동
8830e0af1dfffff,19:00:00,8830e0af0bfffff,98,56.29,28.59,경기 부천시 중동
8830e0af1dfffff,19:20:00,8830e0af0bfffff,66,67.03,27.2,경기 부천시 중동
8830e0af1dfffff,19:40:00,8830e0af0bfffff,105,58.09,32.21,경기 부천시 중동
8830e0af1dfffff,20:00:00,8830e0af0bfffff,79,52.94,25.05,경기 부천시 중동
8830e0af1dfffff,20:20:00,8830e0af0bfffff,76,58.93,29.15,경기 부천시 중동
8830e0af1dfffff,20:40:00,8830e0af0bfffff,70,75.67,35.11,경기 부천시 중동
8830e0af1dfffff,21:00:00,8830e0af0bfffff,80,74.93,27.63,경기 부천시 중동
8830e0af1dfffff,21:20:00,8830e0af0bfffff,54,73.63,31.02,경기 부천시 중동
8830e0af1dfffff,21:40:00,8830e0a1b1fffff,15,62.53,39.26,경기 부천시 오정동
8830e0af1dfffff,21:40:00,8830e0af0bfffff,55,77.71,29.21,경기 부천시 중동
8830e0af1dfffff,22:00:00,8830e0af0bfffff,49,66.76,29.75,경기 부천시 중동
8830e0af1dfffff,22:20:00,8830e0af0bfffff,40,63.03,29.53,경기 부천시 중동
8830e0af1dfffff,22:40:00,8830e0af0bfffff,31,61.71,31.01,경기 부천시 중동
8830e0af1dfffff,23:00:00,8830e0af0bfffff,25,49.04,28.78,경기 부천시 중동
8830e0af1dfffff,23:20:00,8830e0af0bfffff,12,37.58,23.54,경기 부천시 중동
8830e0af21fffff,14:40:00,8830e0af0bfffff,12,58.92,21.3,경기 부천시 중동
8830e0af27fffff,0:00:00,8830e0af0bfffff,76,92.66,34.7,경기 부천시 중동
8830e0af27fffff,23:00:00,8830e0af0bfffff,13,51.54,24.04,경기 부천시 중동
8830e0af29fffff,8:20:00,8830e0af6dfffff,10,87.0,25.52,인천 계양구 계산동
8830e0af29fffff,9:00:00,8830e0af6dfffff,10,90.3,25.5,인천 계양구 계산동
8830e0af29fffff,10:00:00,8830e0af0bfffff,10,59.2,20.66,경기 부천시 중동
8830e0af29fffff,10:40:00,8830e0af0bfffff,19,73.79,25.26,경기 부천시 중동
8830e0af29fffff,11:00:00,8830e0af0bfffff,11,75.45,17.22,경기 부천시 중동
8830e0af29fffff,11:40:00,8830e0af0bfffff,10,58.6,29.8,경기 부천시 중동
8830e0af29fffff,12:00:00,8830e0af0bfffff,12,80.58,33.2,경기 부천시 중동
8830e0af29fffff,12:00:00,8830e0af6dfffff,14,61.57,22.25,인천 계양구 계산동
8830e0af29fffff,12:20:00,8830e0af6dfffff,12,59.08,19.58,인천 계양구 계산동
8830e0af29fffff,12:40:00,8830e0af6dfffff,12,60.25,23.84,인천 계양구 계산동
8830e0af29fffff,13:00:00,8830e0af0bfffff,15,57.93,30.86,경기 부천시 중동
8830e0af29fffff,13:00:00,8830e0af6dfffff,11,60.0,24.01,인천 계양구 계산동
8830e0af29fffff,13:20:00,8830e0af0bfffff,11,79.91,32.23,경기 부천시 중동
8830e0af29fffff,13:20:00,8830e0af6dfffff,10,59.4,27.97,인천 계양구 계산동
8830e0af29fffff,13:40:00,8830e0af0bfffff,14,47.0,20.68,경기 부천시 중동
8830e0af29fffff,14:00:00,8830e0af0bfffff,11,46.27,27.88,경기 부천시 중동
8830e0af29fffff,14:00:00,8830e0af6dfffff,12,116.42,30.61,인천 계양구 계산동
8830e0af29fffff,14:20:00,8830e0af0bfffff,11,56.45,29.87,경기 부천시 중동
8830e0af29fffff,15:00:00,8830e0af6dfffff,10,99.4,27.04,인천 계양구 계산동
8830e0af29fffff,15:20:00,8830e0af0bfffff,10,51.5,25.55,경기 부천시 중동
8830e0af29fffff,15:40:00,8830e0af0bfffff,11,55.09,27.65,경기 부천시 중동
8830e0af29fffff,15:40:00,8830e0af6dfffff,12,72.75,21.03,인천 계양구 계산동
8830e0af29fffff,16:00:00,8830e0af6dfffff,10,55.6,24.01,인천 계양구 계산동
8830e0af29fffff,17:00:00,8830e0af0bfffff,20,50.7,28.87,경기 부천시 중동
8830e0af29fffff,17:20:00,8830e0af0bfffff,10,61.8,22.27,경기 부천시 중동
8830e0af29fffff,17:20:00,8830e0af6dfffff,10,51.9,24.46,인천 계양구 계산동
8830e0af29fffff,18:00:00,8830e0af0bfffff,11,70.45,28.0,경기 부천시 중동
8830e0af29fffff,18:40:00,8830e0af0bfffff,10,87.3,31.8,경기 부천시 중동
8830e0af2bfffff,9:00:00,8830e0af0bfffff,16,83.94,28.84,경기 부천시 중동
8830e0af2bfffff,9:40:00,8830e0af0bfffff,11,53.0,19.73,경기 부천시 중동
8830e0af2bfffff,10:00:00,8830e0af0bfffff,17,58.76,27.06,경기 부천시 중동
8830e0af2bfffff,10:20:00,8830e0af0bfffff,15,69.93,29.35,경기 부천시 중동
8830e0af2bfffff,10:40:00,8830e0af0bfffff,18,86.5,24.27,경기 부천시 중동
8830e0af2bfffff,11:00:00,8830e0af0bfffff,18,77.56,27.86,경기 부천시 중동
8830e0af2bfffff,11:20:00,8830e0af0bfffff,16,60.75,23.39,경기 부천시 중동
8830e0af2bfffff,11:40:00,8830e0af0bfffff,14,53.21,20.72,경기 부천시 중동
8830e0af2bfffff,12:00:00,8830e0af0bfffff,18,75.33,28.65,경기 부천시 중동
8830e0af2bfffff,12:40:00,8830e0af0bfffff,14,64.21,27.02,경기 부천시 중동
8830e0af2bfffff,13:00:00,8830e0af0bfffff,17,50.41,23.21,경기 부천시 중동
8830e0af2bfffff,13:20:00,8830e0af0bfffff,11,68.45,23.57,경기 부천시 중동
8830e0af2bfffff,13:40:00,8830e0af0bfffff,21,67.38,25.45,경기 부천시 중동
8830e0af2bfffff,14:00:00,8830e0af0bfffff,18,73.39,26.02,경기 부천시 중동
8830e0af2bfffff,14:20:00,8830e0af0bfffff,10,44.2,21.58,경기 부천시 중동
8830e0af2bfffff,15:40:00,8830e0af0bfffff,18,101.78,35.62,경기 부천시 중동
8830e0af2bfffff,16:00:00,8830e0af0bfffff,17,62.41,22.21,경기 부천시 중동
8830e0af2bfffff,16:20:00,8830e0af0bfffff,15,61.0,21.64,경기 부천시 중동
8830e0af2bfffff,17:00:00,8830e0af0bfffff,12,53.83,26.75,경기 부천시 중동
8830e0af2bfffff,17:40:00,8830e0af0bfffff,18,75.72,24.6,경기 부천시 중동
8830e0af2bfffff,18:00:00,8830e0a1b1fffff,22,42.36,39.17,경기 부천시 오정동
8830e0af2bfffff,18:00:00,8830e0af0bfffff,19,41.37,26.66,경기 부천시 중동
8830e0af2bfffff,18:00:00,8830e0af6dfffff,13,153.69,35.77,인천 계양구 계산동
8830e0af2bfffff,18:20:00,8830e0a1b1fffff,11,40.36,39.04,경기 부천시 오정동
8830e0af2bfffff,18:20:00,8830e0af0bfffff,10,51.1,27.13,경기 부천시 중동
8830e0af2bfffff,18:40:00,8830e0af6dfffff,11,48.09,35.11,인천 계양구 계산동
8830e0af31fffff,7:40:00,8830e0af0bfffff,13,52.85,20.6,경기 부천시 중동
8830e0af31fffff,8:00:00,8830e0af0bfffff,12,87.25,25.25,경기 부천시 중동
8830e0af31fffff,8:40:00,8830e0af0bfffff,12,52.75,18.43,경기 부천시 중동
8830e0af31fffff,9:00:00,8830e0af0bfffff,20,63.2,20.57,경기 부천시 중동
8830e0af31fffff,9:20:00,8830e0af0bfffff,18,58.67,27.4,경기 부천시 중동
8830e0af31fffff,9:40:00,8830e0af0bfffff,15,55.07,22.38,경기 부천시 중동
8830e0af31fffff,10:00:00,8830e0af0bfffff,10,69.8,36.97,경기 부천시 중동
8830e0af31fffff,10:20:00,8830e0af0bfffff,12,80.75,35.42,경기 부천시 중동
8830e0af31fffff,10:40:00,8830e0af0bfffff,11,98.73,24.2,경기 부천시 중동
8830e0af31fffff,11:00:00,8830e0af0bfffff,17,116.24,22.56,경기 부천시 중동
8830e0af31fffff,11:20:00,8830e0af0bfffff,19,61.05,20.99,경기 부천시 중동
8830e0af31fffff,11:40:00,8830e0af0bfffff,18,57.61,22.74,경기 부천시 중동
8830e0af31fffff,12:20:00,8830e0af0bfffff,17,77.0,24.01,경기 부천시 중동
8830e0af31fffff,12:40:00,8830e0af0bfffff,11,54.27,19.54,경기 부천시 중동
8830e0af31fffff,13:00:00,8830e0af0bfffff,24,64.67,22.62,경기 부천시 중동
8830e0af31fffff,13:20:00,8830e0af0bfffff,16,55.25,23.78,경기 부천시 중동
8830e0af31fffff,13:40:00,8830e0af0bfffff,19,63.58,22.74,경기 부천시 중동
8830e0af31fffff,14:00:00,8830e0af0bfffff,20,50.7,30.84,경기 부천시 중동
8830e0af31fffff,14:20:00,8830e0af0bfffff,13,48.38,16.12,경기 부천시 중동
8830e0af31fffff,14:40:00,8830e0af0bfffff,12,53.58,22.46,경기 부천시 중동
8830e0af31fffff,15:00:00,8830e0af0bfffff,15,57.27,26.74,경기 부천시 중동
8830e0af31fffff,15:20:00,8830e0af0bfffff,14,50.86,28.09,경기 부천시 중동
8830e0af31fffff,15:40:00,8830e0af0bfffff,18,54.72,17.05,경기 부천시 중동
8830e0af31fffff,16:00:00,8830e0af0bfffff,15,52.87,19.39,경기 부천시 중동
8830e0af31fffff,16:20:00,8830e0af0bfffff,15,59.0,23.65,경기 부천시 중동
8830e0af31fffff,16:40:00,8830e0af0bfffff,10,53.9,40.68,경기 부천시 중동
8830e0af31fffff,17:00:00,8830e0af0bfffff,12,63.75,23.11,경기 부천시 중동
8830e0af31fffff,17:20:00,8830e0af0bfffff,12,51.33,29.87,경기 부천시 중동
8830e0af31fffff,17:40:00,8830e0a1b1fffff,13,57.38,32.28,경기 부천시 오정동
8830e0af31fffff,17:40:00,8830e0af0bfffff,19,69.89,32.77,경기 부천시 중동
8830e0af31fffff,18:00:00,8830e0a1b1fffff,11,98.27,33.33,경기 부천시 오정동
8830e0af31fffff,18:00:00,8830e0af0bfffff,24,52.54,22.65,경기 부천시 중동
8830e0af33fffff,0:00:00,8830e0af0bfffff,20,72.55,31.01,경기 부천시 중동
8830e0af33fffff,0:00:00,8830e0af6dfffff,14,46.93,31.59,인천 계양구 계산동
8830e0af33fffff,8:40:00,8830e0af0bfffff,10,60.7,18.72,경기 부천시 중동
8830e0af33fffff,9:20:00,8830e0af0bfffff,11,65.27,28.84,경기 부천시 중동
8830e0af33fffff,9:40:00,8830e0af0bfffff,13,57.54,22.5,경기 부천시 중동
8830e0af33fffff,10:40:00,8830e0af0bfffff,10,67.9,30.22,경기 부천시 중동
8830e0af33fffff,11:00:00,8830e0af0bfffff,14,51.86,25.62,경기 부천시 중동
8830e0af33fffff,11:20:00,8830e0af0bfffff,12,61.08,33.7,경기 부천시 중동
8830e0af33fffff,11:40:00,8830e0af0bfffff,15,67.8,21.48,경기 부천시 중동
8830e0af33fffff,12:00:00,8830e0af0bfffff,14,56.0,21.92,경기 부천시 중동
8830e0af33fffff,12:20:00,8830e0af0bfffff,12,79.33,22.21,경기 부천시 중동
8830e0af33fffff,12:40:00,8830e0af0bfffff,19,63.21,24.31,경기 부천시 중동
8830e0af33fffff,13:00:00,8830e0af6dfffff,12,82.83,32.85,인천 계양구 계산동
8830e0af33fffff,13:20:00,8830e0af0bfffff,12,65.5,23.09,경기 부천시 중동
8830e0af33fffff,13:40:00,8830e0af0bfffff,16,49.88,26.89,경기 부천시 중동
8830e0af33fffff,14:00:00,8830e0af0bfffff,18,63.89,26.72,경기 부천시 중동
8830e0af33fffff,14:20:00,8830e0af0bfffff,17,59.29,25.75,경기 부천시 중동
8830e0af33fffff,14:40:00,8830e0af0bfffff,13,79.69,23.98,경기 부천시 중동
8830e0af33fffff,15:00:00,8830e0af0bfffff,15,58.07,19.64,경기 부천시 중동
8830e0af33fffff,15:20:00,8830e0af0bfffff,20,73.5,23.63,경기 부천시 중동
8830e0af33fffff,15:20:00,8830e0af6dfffff,10,154.3,37.37,인천 계양구 계산동
8830e0af33fffff,15:40:00,8830e0af0bfffff,10,49.1,15.52,경기 부천시 중동
8830e0af33fffff,15:40:00,8830e0af6dfffff,10,145.9,21.16,인천 계양구 계산동
8830e0af33fffff,16:00:00,8830e0af0bfffff,15,71.33,22.31,경기 부천시 중동
8830e0af33fffff,16:20:00,8830e0af0bfffff,20,54.6,21.1,경기 부천시 중동
8830e0af33fffff,16:20:00,8830e0af6dfffff,13,43.92,28.5,인천 계양구 계산동
8830e0af33fffff,16:40:00,8830e0af0bfffff,10,52.7,20.42,경기 부천시 중동
8830e0af33fffff,16:40:00,8830e0af6dfffff,16,45.13,25.11,인천 계양구 계산동
8830e0af33fffff,17:00:00,8830e0af0bfffff,20,56.3,53.5,경기 부천시 중동
8830e0af33fffff,17:00:00,8830e0af6dfffff,10,58.7,21.49,인천 계양구 계산동
8830e0af33fffff,17:20:00,8830e0af0bfffff,10,53.4,21.43,경기 부천시 중동
8830e0af33fffff,17:40:00,8830e0af0bfffff,18,54.78,29.83,경기 부천시 중동
8830e0af33fffff,18:00:00,8830e0af0bfffff,25,44.68,25.08,경기 부천시 중동
8830e0af33fffff,18:20:00,8830e0af0bfffff,11,82.91,21.1,경기 부천시 중동
8830e0af33fffff,18:40:00,8830e0af0bfffff,12,86.75,26.08,경기 부천시 중동
8830e0af33fffff,19:00:00,8830e0af0bfffff,10,82.8,40.91,경기 부천시 중동
8830e0af35fffff,8:00:00,8830e0af0bfffff,16,53.06,25.11,경기 부천시 중동
8830e0af35fffff,8:20:00,8830e0af0bfffff,12,64.92,23.79,경기 부천시 중동
8830e0af35fffff,8:40:00,8830e0af0bfffff,13,66.92,24.9,경기 부천시 중동
8830e0af35fffff,10:40:00,8830e0af0bfffff,12,84.0,21.2,경기 부천시 중동
8830e0af35fffff,11:00:00,8830e0af0bfffff,12,76.92,27.32,경기 부천시 중동
8830e0af35fffff,11:20:00,8830e0af0bfffff,11,69.45,19.13,경기 부천시 중동
8830e0af35fffff,12:00:00,8830e0af0bfffff,13,47.77,22.81,경기 부천시 중동
8830e0af35fffff,12:20:00,8830e0af0bfffff,12,62.08,19.56,경기 부천시 중동
8830e0af35fffff,13:40:00,8830e0af0bfffff,11,59.82,22.52,경기 부천시 중동
8830e0af35fffff,18:00:00,8830e0af0bfffff,10,46.9,18.71,경기 부천시 중동
8830e0af37fffff,7:20:00,8830e0af0bfffff,11,70.64,20.94,경기 부천시 중동
8830e0af37fffff,7:40:00,8830e0af0bfffff,17,70.35,29.62,경기 부천시 중동
8830e0af37fffff,8:00:00,8830e0af0bfffff,19,63.42,27.58,경기 부천시 중동
8830e0af37fffff,8:20:00,8830e0af0bfffff,10,49.0,21.28,경기 부천시 중동
8830e0af37fffff,8:40:00,8830e0af0bfffff,14,56.43,16.74,경기 부천시 중동
8830e0af37fffff,9:00:00,8830e0af0bfffff,14,78.14,28.0,경기 부천시 중동
8830e0af37fffff,9:20:00,8830e0af0bfffff,12,56.83,24.37,경기 부천시 중동
8830e0af37fffff,11:40:00,8830e0af0bfffff,16,67.31,25.22,경기 부천시 중동
8830e0af37fffff,12:00:00,8830e0af0bfffff,11,47.18,21.5,경기 부천시 중동
8830e0af37fffff,12:20:00,8830e0af0bfffff,15,51.93,21.72,경기 부천시 중동
8830e0af37fffff,13:00:00,8830e0af0bfffff,10,101.6,26.08,경기 부천시 중동
8830e0af37fffff,13:20:00,8830e0af0bfffff,12,49.17,26.32,경기 부천시 중동
8830e0af37fffff,13:40:00,8830e0af0bfffff,11,57.91,24.15,경기 부천시 중동
8830e0af37fffff,14:20:00,8830e0af0bfffff,11,42.91,21.01,경기 부천시 중동
8830e0af37fffff,15:00:00,8830e0af0bfffff,12,78.5,36.28,경기 부천시 중동
8830e0af37fffff,15:40:00,8830e0af0bfffff,16,68.31,23.0,경기 부천시 중동
8830e0af37fffff,16:00:00,8830e0af0bfffff,11,57.64,20.71,경기 부천시 중동
8830e0af37fffff,17:20:00,8830e0af0bfffff,12,85.0,24.02,경기 부천시 중동
8830e0af39fffff,0:00:00,8830e0af0bfffff,10,64.8,18.61,경기 부천시 중동
8830e0af39fffff,7:40:00,8830e0ac83fffff,17,60.88,22.73,서울 구로구 구로동
8830e0af39fffff,8:00:00,8830e0af0bfffff,15,54.13,14.73,경기 부천시 중동
8830e0af39fffff,8:20:00,8830e0af0bfffff,18,88.94,20.72,경기 부천시 중동
8830e0af39fffff,8:40:00,8830e0af0bfffff,19,54.21,26.41,경기 부천시 중동
8830e0af39fffff,9:00:00,8830e0af0bfffff,18,57.0,21.11,경기 부천시 중동
8830e0af39fffff,9:20:00,8830e0af0bfffff,23,48.3,22.25,경기 부천시 중동
8830e0af39fffff,9:40:00,8830e0af0bfffff,23,58.87,21.33,경기 부천시 중동
8830e0af39fffff,10:00:00,8830e0af0bfffff,18,66.28,18.26,경기 부천시 중동
8830e0af39fffff,10:20:00,8830e0af0bfffff,22,49.64,17.8,경기 부천시 중동
8830e0af39fffff,10:40:00,8830e0af0bfffff,34,52.53,15.39,경기 부천시 중동
8830e0af39fffff,11:00:00,8830e0af0bfffff,27,66.41,28.04,경기 부천시 중동
8830e0af39fffff,11:20:00,8830e0af0bfffff,33,102.58,15.57,경기 부천시 중동
8830e0af39fffff,11:40:00,8830e0af0bfffff,29,56.1,22.85,경기 부천시 중동
8830e0af39fffff,12:00:00,8830e0af0bfffff,23,57.22,18.99,경기 부천시 중동
8830e0af39fffff,12:20:00,8830e0af0bfffff,20,57.0,18.43,경기 부천시 중동
8830e0af39fffff,12:40:00,8830e0af0bfffff,30,78.4,26.5,경기 부천시 중동
8830e0af39fffff,13:00:00,8830e0af0bfffff,27,75.26,22.64,경기 부천시 중동
8830e0af39fffff,13:20:00,8830e0af0bfffff,30,54.53,18.01,경기 부천시 중동
8830e0af39fffff,13:40:00,8830e0af0bfffff,29,65.86,20.39,경기 부천시 중동
8830e0af39fffff,14:00:00,8830e0af0bfffff,29,62.48,20.24,경기 부천시 중동
8830e0af39fffff,14:20:00,8830e0af0bfffff,24,53.0,22.12,경기 부천시 중동
8830e0af39fffff,14:40:00,8830e0af0bfffff,21,59.0,17.51,경기 부천시 중동
8830e0af39fffff,15:00:00,8830e0af0bfffff,30,57.77,21.55,경기 부천시 중동
8830e0af39fffff,15:20:00,8830e0af0bfffff,29,59.66,18.93,경기 부천시 중동
8830e0af39fffff,15:40:00,8830e0af0bfffff,27,62.85,20.36,경기 부천시 중동
8830e0af39fffff,16:00:00,8830e0af0bfffff,28,64.14,16.7,경기 부천시 중동
8830e0af39fffff,16:20:00,8830e0af0bfffff,21,55.14,21.59,경기 부천시 중동
8830e0af39fffff,16:40:00,8830e0af0bfffff,23,49.22,18.56,경기 부천시 중동
8830e0af39fffff,17:00:00,8830e0af0bfffff,21,63.95,20.94,경기 부천시 중동
8830e0af39fffff,17:20:00,8830e0af0bfffff,23,112.87,17.4,경기 부천시 중동
8830e0af39fffff,17:40:00,8830e0af0bfffff,22,70.14,394.9,경기 부천시 중동
8830e0af39fffff,18:00:00,8830e0af0bfffff,22,62.09,16.9,경기 부천시 중동
8830e0af39fffff,18:20:00,8830e0af0bfffff,29,50.38,21.04,경기 부천시 중동
8830e0af39fffff,18:40:00,8830e0af0bfffff,10,76.7,11.54,경기 부천시 중동
8830e0af39fffff,19:40:00,8830e0af0bfffff,11,88.91,19.4,경기 부천시 중동
8830e0af3bfffff,8:40:00,8830e0af0bfffff,13,61.15,29.83,경기 부천시 중동
8830e0af3bfffff,9:00:00,8830e0af0bfffff,17,57.24,20.7,경기 부천시 중동
8830e0af3bfffff,9:20:00,8830e0af0bfffff,15,67.4,19.61,경기 부천시 중동
8830e0af3bfffff,9:40:00,8830e0af0bfffff,10,109.1,23.24,경기 부천시 중동
8830e0af3bfffff,10:20:00,8830e0af0bfffff,14,81.14,20.05,경기 부천시 중동
8830e0af3bfffff,10:40:00,8830e0af0bfffff,17,76.24,28.28,경기 부천시 중동
8830e0af3bfffff,11:00:00,8830e0af0bfffff,16,49.69,18.25,경기 부천시 중동
8830e0af3bfffff,11:20:00,8830e0af0bfffff,18,65.89,19.44,경기 부천시 중동
8830e0af3bfffff,12:20:00,8830e0af0bfffff,13,59.0,22.06,경기 부천시 중동
8830e0af3bfffff,12:40:00,8830e0af0bfffff,19,57.84,20.72,경기 부천시 중동
8830e0af3bfffff,13:00:00,8830e0af0bfffff,15,55.67,20.14,경기 부천시 중동
8830e0af3bfffff,13:20:00,8830e0af0bfffff,15,67.33,19.32,경기 부천시 중동
8830e0af3bfffff,13:40:00,8830e0af0bfffff,15,70.73,28.02,경기 부천시 중동
8830e0af3bfffff,14:00:00,8830e0af0bfffff,16,92.88,24.69,경기 부천시 중동
8830e0af3bfffff,14:20:00,8830e0af0bfffff,14,51.0,19.99,경기 부천시 중동
8830e0af3bfffff,14:40:00,8830e0af0bfffff,13,68.46,25.47,경기 부천시 중동
8830e0af3bfffff,15:20:00,8830e0af0bfffff,14,84.57,22.61,경기 부천시 중동
8830e0af3bfffff,15:40:00,8830e0af0bfffff,11,53.82,19.4,경기 부천시 중동
8830e0af3bfffff,16:00:00,8830e0af0bfffff,14,62.0,18.21,경기 부천시 중동
8830e0af3bfffff,16:40:00,8830e0af0bfffff,14,60.79,19.82,경기 부천시 중동
8830e0af3bfffff,18:00:00,8830e0af0bfffff,22,104.14,14.55,경기 부천시 중동
8830e0af3bfffff,18:20:00,8830e0af0bfffff,10,44.7,23.6,경기 부천시 중동
8830e0af3dfffff,6:40:00,8830e1530dfffff,10,113.8,57.89,Bundang_Townhall
8830e0af3dfffff,8:20:00,8830e0af0bfffff,21,53.0,23.33,경기 부천시 중동
8830e0af3dfffff,8:40:00,8830e0af0bfffff,15,66.93,19.46,경기 부천시 중동
8830e0af3dfffff,9:00:00,8830e0af0bfffff,22,59.27,22.1,경기 부천시 중동
8830e0af3dfffff,9:20:00,8830e0af0bfffff,10,76.5,23.99,경기 부천시 중동
8830e0af3dfffff,9:40:00,8830e0af0bfffff,20,106.6,24.67,경기 부천시 중동
8830e0af3dfffff,10:00:00,8830e0af0bfffff,15,79.13,31.81,경기 부천시 중동
8830e0af3dfffff,10:20:00,8830e0af0bfffff,22,87.73,31.44,경기 부천시 중동
8830e0af3dfffff,10:40:00,8830e0af0bfffff,18,83.94,28.0,경기 부천시 중동
8830e0af3dfffff,11:00:00,8830e0af0bfffff,21,61.57,19.72,경기 부천시 중동
8830e0af3dfffff,11:20:00,8830e0af0bfffff,16,52.56,26.19,경기 부천시 중동
8830e0af3dfffff,11:40:00,8830e0af0bfffff,10,43.4,21.62,경기 부천시 중동
8830e0af3dfffff,12:00:00,8830e0af0bfffff,17,59.53,24.05,경기 부천시 중동
8830e0af3dfffff,12:20:00,8830e0af0bfffff,13,67.23,21.6,경기 부천시 중동
8830e0af3dfffff,12:40:00,8830e0af0bfffff,17,89.76,19.79,경기 부천시 중동
8830e0af3dfffff,13:00:00,8830e0af0bfffff,18,55.39,17.07,경기 부천시 중동
8830e0af3dfffff,13:20:00,8830e0af0bfffff,27,64.89,21.05,경기 부천시 중동
8830e0af3dfffff,13:40:00,8830e0af0bfffff,24,65.21,20.59,경기 부천시 중동
8830e0af3dfffff,14:00:00,8830e0af0bfffff,11,49.73,17.47,경기 부천시 중동
8830e0af3dfffff,14:20:00,8830e0af0bfffff,27,64.85,19.56,경기 부천시 중동
8830e0af3dfffff,14:40:00,8830e0af0bfffff,15,55.0,28.33,경기 부천시 중동
8830e0af3dfffff,15:00:00,8830e0af0bfffff,16,52.44,19.93,경기 부천시 중동
8830e0af3dfffff,15:20:00,8830e0af0bfffff,31,51.45,21.35,경기 부천시 중동
8830e0af3dfffff,15:40:00,8830e0af0bfffff,15,62.6,35.72,경기 부천시 중동
8830e0af3dfffff,16:00:00,8830e0af0bfffff,24,50.92,26.4,경기 부천시 중동
8830e0af3dfffff,16:20:00,8830e0af0bfffff,16,48.06,22.44,경기 부천시 중동
8830e0af3dfffff,16:40:00,8830e0af0bfffff,12,49.17,23.27,경기 부천시 중동
8830e0af3dfffff,17:00:00,8830e0af0bfffff,22,56.18,39.31,경기 부천시 중동
8830e0af3dfffff,17:20:00,8830e0af0bfffff,25,62.08,24.2,경기 부천시 중동
8830e0af3dfffff,17:40:00,8830e0af0bfffff,12,58.5,23.85,경기 부천시 중동
8830e0af3dfffff,18:00:00,8830e0af0bfffff,15,55.07,23.51,경기 부천시 중동
8830e0af3dfffff,18:20:00,8830e0af0bfffff,11,57.64,22.1,경기 부천시 중동
8830e0af3dfffff,18:40:00,8830e0af0bfffff,15,155.0,20.13,경기 부천시 중동
8830e0af3dfffff,19:00:00,8830e0af0bfffff,15,77.53,26.86,경기 부천시 중동
8830e0af41fffff,0:00:00,8830e0a1b1fffff,19,46.47,12.11,경기 부천시 오정동
8830e0af41fffff,8:00:00,8830e0a1b1fffff,14,64.5,13.94,경기 부천시 오정동
8830e0af41fffff,8:00:00,8830e0af6dfffff,11,48.27,21.94,인천 계양구 계산동
8830e0af41fffff,8:20:00,8830e0a1b1fffff,10,62.4,16.69,경기 부천시 오정동
8830e0af41fffff,8:20:00,8830e0af0bfffff,13,80.23,24.35,경기 부천시 중동
8830e0af41fffff,8:20:00,8830e0af6dfffff,16,41.38,26.73,인천 계양구 계산동
8830e0af41fffff,8:40:00,8830e0af0bfffff,12,48.83,40.1,경기 부천시 중동
8830e0af41fffff,9:00:00,8830e0a1b1fffff,16,57.56,24.56,경기 부천시 오정동
8830e0af41fffff,9:00:00,8830e0af0bfffff,13,66.08,29.27,경기 부천시 중동
8830e0af41fffff,9:20:00,8830e0a1b1fffff,12,56.83,22.38,경기 부천시 오정동
8830e0af41fffff,9:20:00,8830e0af0bfffff,14,63.43,22.88,경기 부천시 중동
8830e0af41fffff,9:40:00,8830e0a1b1fffff,12,77.92,30.46,경기 부천시 오정동
8830e0af41fffff,9:40:00,8830e0af0bfffff,19,51.21,27.52,경기 부천시 중동
8830e0af41fffff,9:40:00,8830e0af6dfffff,11,50.36,30.7,인천 계양구 계산동
8830e0af41fffff,10:00:00,8830e0af0bfffff,16,61.06,23.69,경기 부천시 중동
8830e0af41fffff,10:00:00,8830e0af6dfffff,15,48.4,25.38,인천 계양구 계산동
8830e0af41fffff,10:20:00,8830e0af0bfffff,10,61.1,25.55,경기 부천시 중동
8830e0af41fffff,10:40:00,8830e0a1b1fffff,11,63.55,31.05,경기 부천시 오정동
8830e0af41fffff,10:40:00,8830e0af0bfffff,15,109.2,28.38,경기 부천시 중동
8830e0af41fffff,10:40:00,8830e0af6dfffff,11,59.27,25.07,인천 계양구 계산동
8830e0af41fffff,11:00:00,8830e0a1b1fffff,11,45.36,24.35,경기 부천시 오정동
8830e0af41fffff,11:00:00,8830e0af0bfffff,17,47.29,23.68,경기 부천시 중동
8830e0af41fffff,11:20:00,8830e0af0bfffff,19,50.74,19.63,경기 부천시 중동
8830e0af41fffff,11:20:00,8830e0af6dfffff,10,63.5,16.29,인천 계양구 계산동
8830e0af41fffff,11:40:00,8830e0a1b1fffff,12,55.83,23.44,경기 부천시 오정동
8830e0af41fffff,11:40:00,8830e0af0bfffff,13,48.62,21.47,경기 부천시 중동
8830e0af41fffff,12:00:00,8830e0a1b1fffff,14,55.5,14.77,경기 부천시 오정동
8830e0af41fffff,12:00:00,8830e0af0bfffff,20,48.45,24.09,경기 부천시 중동
8830e0af41fffff,12:20:00,8830e0af0bfffff,22,62.77,22.75,경기 부천시 중동
8830e0af41fffff,12:20:00,8830e0af6dfffff,16,52.81,27.82,인천 계양구 계산동
8830e0af41fffff,12:40:00,8830e0a1b1fffff,14,76.21,29.85,경기 부천시 오정동
8830e0af41fffff,12:40:00,8830e0af0bfffff,17,45.47,26.86,경기 부천시 중동
8830e0af41fffff,12:40:00,8830e0af6dfffff,15,50.13,24.07,인천 계양구 계산동
8830e0af41fffff,13:00:00,8830e0a1b1fffff,10,139.6,20.96,경기 부천시 오정동
8830e0af41fffff,13:00:00,8830e0af0bfffff,28,66.43,30.28,경기 부천시 중동
8830e0af41fffff,13:00:00,8830e0af6dfffff,14,74.71,17.46,인천 계양구 계산동
8830e0af41fffff,13:20:00,8830e0af0bfffff,24,55.46,24.83,경기 부천시 중동
8830e0af41fffff,13:40:00,8830e0a1b1fffff,12,59.58,23.04,경기 부천시 오정동
8830e0af41fffff,13:40:00,8830e0af0bfffff,23,55.04,23.74,경기 부천시 중동
8830e0af41fffff,14:00:00,8830e0af0bfffff,27,52.3,29.9,경기 부천시 중동
8830e0af41fffff,14:00:00,8830e0af6dfffff,10,48.3,20.46,인천 계양구 계산동
8830e0af41fffff,14:20:00,8830e0af0bfffff,21,61.19,21.96,경기 부천시 중동
8830e0af41fffff,14:40:00,8830e0a1b1fffff,11,64.27,32.08,경기 부천시 오정동
8830e0af41fffff,14:40:00,8830e0af0bfffff,20,85.9,26.75,경기 부천시 중동
8830e0af41fffff,15:00:00,8830e0af0bfffff,22,52.64,29.36,경기 부천시 중동
8830e0af41fffff,15:20:00,8830e0a1b1fffff,10,87.3,19.56,경기 부천시 오정동
8830e0af41fffff,15:20:00,8830e0af0bfffff,20,44.85,24.58,경기 부천시 중동
8830e0af41fffff,15:20:00,8830e0af6dfffff,13,48.46,28.73,인천 계양구 계산동
8830e0af41fffff,15:40:00,8830e0a1b1fffff,10,49.9,30.39,경기 부천시 오정동
8830e0af41fffff,15:40:00,8830e0af0bfffff,24,53.92,22.5,경기 부천시 중동
8830e0af41fffff,15:40:00,8830e0af6dfffff,12,61.67,20.63,인천 계양구 계산동
8830e0af41fffff,16:00:00,8830e0af0bfffff,19,50.74,25.26,경기 부천시 중동
8830e0af41fffff,16:00:00,8830e0af6dfffff,13,54.15,23.02,인천 계양구 계산동
8830e0af41fffff,16:20:00,8830e0af0bfffff,19,53.58,21.81,경기 부천시 중동
8830e0af41fffff,16:20:00,8830e0af6dfffff,14,53.71,25.73,인천 계양구 계산동
8830e0af41fffff,16:40:00,8830e0a1b1fffff,17,63.12,23.71,경기 부천시 오정동
8830e0af41fffff,16:40:00,8830e0af0bfffff,22,59.5,25.76,경기 부천시 중동
8830e0af41fffff,17:00:00,8830e0a1b1fffff,13,52.08,21.76,경기 부천시 오정동
8830e0af41fffff,17:00:00,8830e0af0bfffff,21,61.9,26.71,경기 부천시 중동
8830e0af41fffff,17:00:00,8830e0af6dfffff,15,62.4,19.48,인천 계양구 계산동
8830e0af41fffff,17:20:00,8830e0a1b1fffff,15,73.8,20.48,경기 부천시 오정동
8830e0af41fffff,17:20:00,8830e0af0bfffff,15,50.27,25.12,경기 부천시 중동
8830e0af41fffff,17:40:00,8830e0af0bfffff,23,56.48,25.95,경기 부천시 중동
8830e0af41fffff,18:00:00,8830e0a1b1fffff,15,53.93,22.6,경기 부천시 오정동
8830e0af41fffff,18:00:00,8830e0af0bfffff,12,44.08,23.85,경기 부천시 중동
8830e0af41fffff,18:00:00,8830e0af6dfffff,13,43.46,16.72,인천 계양구 계산동
8830e0af41fffff,18:20:00,8830e0af0bfffff,10,46.6,25.94,경기 부천시 중동
8830e0af41fffff,18:20:00,8830e0af6dfffff,14,45.93,23.6,인천 계양구 계산동
8830e0af41fffff,18:40:00,8830e0a1b1fffff,11,116.55,19.12,경기 부천시 오정동
8830e0af41fffff,18:40:00,8830e0af0bfffff,13,60.54,20.7,경기 부천시 중동
8830e0af41fffff,19:00:00,8830e0a1b1fffff,10,191.3,19.84,경기 부천시 오정동
8830e0af41fffff,19:00:00,8830e0af0bfffff,10,50.4,31.27,경기 부천시 중동
8830e0af41fffff,19:40:00,8830e0af0bfffff,12,51.0,22.98,경기 부천시 중동
8830e0af41fffff,20:00:00,8830e0af0bfffff,10,60.4,41.87,경기 부천시 중동
8830e0af41fffff,20:00:00,8830e0af6dfffff,11,60.18,18.71,인천 계양구 계산동
8830e0af41fffff,21:00:00,8830e0a1b1fffff,11,233.64,17.78,경기 부천시 오정동
8830e0af43fffff,8:40:00,8830e0af0bfffff,15,65.47,24.57,경기 부천시 중동
8830e0af43fffff,9:00:00,8830e0af0bfffff,12,87.58,22.98,경기 부천시 중동
8830e0af43fffff,9:20:00,8830e0af0bfffff,13,54.92,29.96,경기 부천시 중동
8830e0af43fffff,9:20:00,8830e0af6dfffff,10,77.6,24.18,인천 계양구 계산동
8830e0af43fffff,9:40:00,8830e0af0bfffff,15,59.6,27.4,경기 부천시 중동
8830e0af43fffff,10:00:00,8830e0af0bfffff,13,60.0,30.96,경기 부천시 중동
8830e0af43fffff,10:00:00,8830e0af6dfffff,10,59.7,19.53,인천 계양구 계산동
8830e0af43fffff,10:20:00,8830e0af0bfffff,11,51.91,24.21,경기 부천시 중동
8830e0af43fffff,10:40:00,8830e0af0bfffff,10,73.0,34.67,경기 부천시 중동
8830e0af43fffff,11:00:00,8830e0af0bfffff,13,69.23,27.4,경기 부천시 중동
8830e0af43fffff,11:20:00,8830e0af0bfffff,14,46.36,21.3,경기 부천시 중동
8830e0af43fffff,12:20:00,8830e0af0bfffff,15,54.87,22.72,경기 부천시 중동
8830e0af43fffff,12:40:00,8830e0af0bfffff,17,69.47,42.62,경기 부천시 중동
8830e0af43fffff,13:00:00,8830e0af0bfffff,17,83.59,28.64,경기 부천시 중동
8830e0af43fffff,13:00:00,8830e0af6dfffff,12,73.08,21.03,인천 계양구 계산동
8830e0af43fffff,13:20:00,8830e0af0bfffff,28,75.57,30.37,경기 부천시 중동
8830e0af43fffff,13:40:00,8830e0af0bfffff,23,68.22,28.77,경기 부천시 중동
8830e0af43fffff,14:00:00,8830e0af0bfffff,23,59.78,21.58,경기 부천시 중동
8830e0af43fffff,14:20:00,8830e0af0bfffff,22,54.77,24.13,경기 부천시 중동
8830e0af43fffff,14:40:00,8830e0af0bfffff,16,53.81,26.38,경기 부천시 중동
8830e0af43fffff,15:20:00,8830e0af0bfffff,13,149.15,23.89,경기 부천시 중동
8830e0af43fffff,15:40:00,8830e0af0bfffff,20,159.1,26.18,경기 부천시 중동
8830e0af43fffff,16:20:00,8830e0af0bfffff,17,67.41,26.65,경기 부천시 중동
8830e0af43fffff,17:00:00,8830e0af6dfffff,12,70.83,26.68,인천 계양구 계산동
8830e0af43fffff,17:20:00,8830e0af0bfffff,11,53.27,23.91,경기 부천시 중동
8830e0af43fffff,18:40:00,8830e0af0bfffff,13,46.15,27.06,경기 부천시 중동
8830e0af45fffff,0:00:00,8830e0af6dfffff,24,41.13,26.0,인천 계양구 계산동
8830e0af45fffff,8:00:00,8830e0af0bfffff,10,52.2,38.04,경기 부천시 중동
8830e0af45fffff,8:20:00,8830e0af0bfffff,12,55.08,27.75,경기 부천시 중동
8830e0af45fffff,8:20:00,8830e0af6dfffff,10,143.2,25.09,인천 계양구 계산동
8830e0af45fffff,8:40:00,8830e0af0bfffff,13,55.08,21.13,경기 부천시 중동
8830e0af45fffff,9:00:00,8830e0a1b1fffff,10,188.3,21.85,경기 부천시 오정동
8830e0af45fffff,9:00:00,8830e0af6dfffff,14,124.29,38.84,인천 계양구 계산동
8830e0af45fffff,9:20:00,8830e0af6dfffff,15,66.8,31.76,인천 계양구 계산동
8830e0af45fffff,9:40:00,8830e0af0bfffff,12,60.67,22.72,경기 부천시 중동
8830e0af45fffff,9:40:00,8830e0af6dfffff,10,59.8,22.5,인천 계양구 계산동
8830e0af45fffff,10:00:00,8830e0af6dfffff,14,116.07,19.17,인천 계양구 계산동
8830e0af45fffff,10:20:00,8830e0af0bfffff,12,77.5,19.92,경기 부천시 중동
8830e0af45fffff,10:20:00,8830e0af6dfffff,11,54.45,17.42,인천 계양구 계산동
8830e0af45fffff,10:40:00,8830e0af0bfffff,10,51.1,22.21,경기 부천시 중동
8830e0af45fffff,10:40:00,8830e0af6dfffff,15,137.0,21.43,인천 계양구 계산동
8830e0af45fffff,11:00:00,8830e0af0bfffff,11,61.55,24.72,경기 부천시 중동
8830e0af45fffff,11:00:00,8830e0af6dfffff,11,71.91,26.37,인천 계양구 계산동
8830e0af45fffff,11:20:00,8830e0af0bfffff,22,47.09,25.28,경기 부천시 중동
8830e0af45fffff,11:20:00,8830e0af6dfffff,12,48.58,18.25,인천 계양구 계산동
8830e0af45fffff,11:40:00,8830e0af0bfffff,16,45.25,26.16,경기 부천시 중동
8830e0af45fffff,11:40:00,8830e0af6dfffff,15,62.53,23.21,인천 계양구 계산동
8830e0af45fffff,12:00:00,8830e0a1b1fffff,10,63.4,19.98,경기 부천시 오정동
8830e0af45fffff,12:00:00,8830e0af6dfffff,14,76.79,25.81,인천 계양구 계산동
8830e0af45fffff,12:20:00,8830e0af0bfffff,10,40.4,18.61,경기 부천시 중동
8830e0af45fffff,12:20:00,8830e0af6dfffff,14,55.86,23.02,인천 계양구 계산동
8830e0af45fffff,12:40:00,8830e0af0bfffff,11,88.82,25.96,경기 부천시 중동
8830e0af45fffff,12:40:00,8830e0af6dfffff,15,67.0,19.09,인천 계양구 계산동
8830e0af45fffff,13:00:00,8830e0a1b1fffff,10,51.4,27.14,경기 부천시 오정동
8830e0af45fffff,13:00:00,8830e0af0bfffff,13,59.85,24.52,경기 부천시 중동
8830e0af45fffff,13:00:00,8830e0af6dfffff,23,93.74,20.14,인천 계양구 계산동
8830e0af45fffff,13:20:00,8830e0af0bfffff,17,49.0,25.35,경기 부천시 중동
8830e0af45fffff,13:20:00,8830e0af6dfffff,16,77.56,25.35,인천 계양구 계산동
8830e0af45fffff,13:40:00,8830e0af0bfffff,16,58.94,22.95,경기 부천시 중동
8830e0af45fffff,13:40:00,8830e0af6dfffff,28,66.54,19.94,인천 계양구 계산동
8830e0af45fffff,14:00:00,8830e0af0bfffff,19,71.68,35.57,경기 부천시 중동
8830e0af45fffff,14:00:00,8830e0af6dfffff,22,57.64,20.94,인천 계양구 계산동
8830e0af45fffff,14:20:00,8830e0af0bfffff,15,57.93,25.6,경기 부천시 중동
8830e0af45fffff,14:20:00,8830e0af6dfffff,14,60.14,19.7,인천 계양구 계산동
8830e0af45fffff,14:40:00,8830e0a1b1fffff,10,57.9,27.35,경기 부천시 오정동
8830e0af45fffff,14:40:00,8830e0af0bfffff,10,50.4,16.2,경기 부천시 중동
8830e0af45fffff,14:40:00,8830e0af6dfffff,14,71.14,19.82,인천 계양구 계산동
8830e0af45fffff,15:00:00,8830e0a1b1fffff,10,77.0,23.05,경기 부천시 오정동
8830e0af45fffff,15:00:00,8830e0af0bfffff,16,54.56,25.27,경기 부천시 중동
8830e0af45fffff,15:00:00,8830e0af6dfffff,14,57.29,17.1,인천 계양구 계산동
8830e0af45fffff,15:20:00,8830e0af0bfffff,14,55.93,25.21,경기 부천시 중동
8830e0af45fffff,15:20:00,8830e0af6dfffff,15,99.0,17.45,인천 계양구 계산동
8830e0af45fffff,15:40:00,8830e0af6dfffff,13,61.08,19.66,인천 계양구 계산동
8830e0af45fffff,16:00:00,8830e0af0bfffff,11,61.82,26.16,경기 부천시 중동
8830e0af45fffff,16:00:00,8830e0af6dfffff,14,64.57,25.22,인천 계양구 계산동
8830e0af45fffff,16:20:00,8830e0af0bfffff,15,46.93,23.4,경기 부천시 중동
8830e0af45fffff,16:20:00,8830e0af6dfffff,16,73.56,24.89,인천 계양구 계산동
8830e0af45fffff,16:40:00,8830e0af6dfffff,21,106.33,15.82,인천 계양구 계산동
8830e0af45fffff,17:00:00,8830e0a1b1fffff,11,42.18,24.97,경기 부천시 오정동
8830e0af45fffff,17:00:00,8830e0af0bfffff,12,52.25,24.81,경기 부천시 중동
8830e0af45fffff,17:00:00,8830e0af6dfffff,24,53.54,25.72,인천 계양구 계산동
8830e0af45fffff,17:20:00,8830e0af6dfffff,14,129.57,33.79,인천 계양구 계산동
8830e0af45fffff,17:40:00,8830e0a1b1fffff,10,51.0,22.92,경기 부천시 오정동
8830e0af45fffff,17:40:00,8830e0af0bfffff,13,71.15,30.77,경기 부천시 중동
8830e0af45fffff,17:40:00,8830e0af6dfffff,14,47.93,19.2,인천 계양구 계산동
8830e0af45fffff,18:00:00,8830e0af0bfffff,15,67.67,22.68,경기 부천시 중동
8830e0af45fffff,18:00:00,8830e0af6dfffff,22,72.5,18.08,인천 계양구 계산동
8830e0af45fffff,18:20:00,8830e0a1b1fffff,10,147.1,19.42,경기 부천시 오정동
8830e0af45fffff,18:20:00,8830e0af6dfffff,16,63.5,18.46,인천 계양구 계산동
8830e0af45fffff,18:40:00,8830e0af6dfffff,14,57.14,52.92,인천 계양구 계산동
8830e0af45fffff,19:00:00,8830e0af6dfffff,14,108.29,21.08,인천 계양구 계산동
8830e0af45fffff,19:20:00,8830e0af6dfffff,10,70.3,28.19,인천 계양구 계산동
8830e0af45fffff,20:00:00,8830e0af6dfffff,10,97.3,27.64,인천 계양구 계산동
8830e0af45fffff,20:20:00,8830e0af6dfffff,10,84.8,18.64,인천 계양구 계산동
8830e0af45fffff,20:40:00,8830e0af6dfffff,12,143.0,27.12,인천 계양구 계산동
8830e0af45fffff,21:00:00,8830e0af6dfffff,13,159.23,13.97,인천 계양구 계산동
8830e0af47fffff,0:00:00,8830e0af6dfffff,10,46.7,18.61,인천 계양구 계산동
8830e0af47fffff,8:00:00,8830e0af0bfffff,11,78.0,21.59,경기 부천시 중동
8830e0af47fffff,8:00:00,8830e0af6dfffff,16,49.88,18.83,인천 계양구 계산동
8830e0af47fffff,8:20:00,8830e0af0bfffff,12,50.17,27.59,경기 부천시 중동
8830e0af47fffff,8:40:00,8830e0af0bfffff,17,55.59,20.94,경기 부천시 중동
8830e0af47fffff,9:00:00,8830e0af0bfffff,26,62.19,23.56,경기 부천시 중동
8830e0af47fffff,9:20:00,8830e0af0bfffff,23,50.09,32.1,경기 부천시 중동
8830e0af47fffff,9:40:00,8830e0af0bfffff,26,56.85,35.69,경기 부천시 중동
8830e0af47fffff,10:00:00,8830e0af0bfffff,21,41.19,28.05,경기 부천시 중동
8830e0af47fffff,10:20:00,8830e0af0bfffff,28,64.5,25.12,경기 부천시 중동
8830e0af47fffff,10:20:00,8830e0af6dfffff,14,57.57,23.71,인천 계양구 계산동
8830e0af47fffff,10:40:00,8830e0af0bfffff,19,46.68,21.26,경기 부천시 중동
8830e0af47fffff,10:40:00,8830e0af6dfffff,11,76.36,23.44,인천 계양구 계산동
8830e0af47fffff,11:00:00,8830e0af0bfffff,19,61.74,29.94,경기 부천시 중동
8830e0af47fffff,11:00:00,8830e0af6dfffff,12,108.0,27.04,인천 계양구 계산동
8830e0af47fffff,11:20:00,8830e0af0bfffff,15,55.2,26.27,경기 부천시 중동
8830e0af47fffff,11:40:00,8830e0af0bfffff,22,49.68,32.32,경기 부천시 중동
8830e0af47fffff,11:40:00,8830e0af6dfffff,14,89.71,32.28,인천 계양구 계산동
8830e0af47fffff,12:00:00,8830e0af0bfffff,26,60.38,24.04,경기 부천시 중동
8830e0af47fffff,12:20:00,8830e0af0bfffff,22,55.14,21.61,경기 부천시 중동
8830e0af47fffff,12:40:00,8830e0af0bfffff,25,72.68,22.13,경기 부천시 중동
8830e0af47fffff,13:00:00,8830e0af0bfffff,25,61.2,28.65,경기 부천시 중동
8830e0af47fffff,13:00:00,8830e0af6dfffff,10,63.5,27.52,인천 계양구 계산동
8830e0af47fffff,13:20:00,8830e0af0bfffff,26,54.62,25.96,경기 부천시 중동
8830e0af47fffff,13:20:00,8830e0af6dfffff,15,54.87,22.13,인천 계양구 계산동
8830e0af47fffff,13:40:00,8830e0af0bfffff,25,60.24,23.87,경기 부천시 중동
8830e0af47fffff,13:40:00,8830e0af6dfffff,13,74.69,15.4,인천 계양구 계산동
8830e0af47fffff,14:00:00,8830e0af0bfffff,33,61.61,27.21,경기 부천시 중동
8830e0af47fffff,14:00:00,8830e0af6dfffff,11,55.91,21.22,인천 계양구 계산동
8830e0af47fffff,14:20:00,8830e0af0bfffff,29,62.24,27.11,경기 부천시 중동
8830e0af47fffff,14:20:00,8830e0af6dfffff,13,51.15,17.04,인천 계양구 계산동
8830e0af47fffff,14:40:00,8830e0af0bfffff,25,50.52,22.12,경기 부천시 중동
8830e0af47fffff,14:40:00,8830e0af6dfffff,13,70.46,27.93,인천 계양구 계산동
8830e0af47fffff,15:00:00,8830e0af0bfffff,11,55.64,21.11,경기 부천시 중동
8830e0af47fffff,15:00:00,8830e0af6dfffff,15,68.93,26.94,인천 계양구 계산동
8830e0af47fffff,15:20:00,8830e0af0bfffff,19,48.74,28.19,경기 부천시 중동
8830e0af47fffff,15:40:00,8830e0af0bfffff,17,46.71,23.2,경기 부천시 중동
8830e0af47fffff,16:00:00,8830e0af0bfffff,20,48.85,22.77,경기 부천시 중동
8830e0af47fffff,16:20:00,8830e0af0bfffff,24,47.79,29.1,경기 부천시 중동
8830e0af47fffff,16:40:00,8830e0af0bfffff,11,58.73,30.7,경기 부천시 중동
8830e0af47fffff,16:40:00,8830e0af6dfffff,13,81.38,32.51,인천 계양구 계산동
8830e0af47fffff,17:00:00,8830e0af0bfffff,22,47.23,22.97,경기 부천시 중동
8830e0af47fffff,17:00:00,8830e0af6dfffff,12,56.5,19.63,인천 계양구 계산동
8830e0af47fffff,17:20:00,8830e0af0bfffff,21,55.19,29.5,경기 부천시 중동
8830e0af47fffff,17:40:00,8830e0af0bfffff,13,49.38,26.69,경기 부천시 중동
8830e0af47fffff,17:40:00,8830e0af6dfffff,10,46.1,16.71,인천 계양구 계산동
8830e0af47fffff,18:00:00,8830e0af6dfffff,11,59.27,21.55,인천 계양구 계산동
8830e0af47fffff,18:20:00,8830e0af0bfffff,14,112.14,29.61,경기 부천시 중동
8830e0af47fffff,18:40:00,8830e0af0bfffff,10,43.7,21.08,경기 부천시 중동
8830e0af47fffff,19:20:00,8830e0af0bfffff,14,56.29,22.4,경기 부천시 중동
8830e0af47fffff,19:40:00,8830e0af0bfffff,12,41.92,22.1,경기 부천시 중동
8830e0af47fffff,19:40:00,8830e0af6dfffff,10,94.6,26.83,인천 계양구 계산동
8830e0af49fffff,8:00:00,8830e0a1b1fffff,15,82.4,21.95,경기 부천시 오정동
8830e0af49fffff,8:40:00,8830e0a1b1fffff,10,66.1,23.73,경기 부천시 오정동
8830e0af49fffff,9:00:00,8830e0af6dfffff,11,55.0,24.07,인천 계양구 계산동
8830e0af49fffff,9:40:00,8830e0af6dfffff,14,72.5,25.02,인천 계양구 계산동
8830e0af49fffff,11:40:00,8830e0af0bfffff,13,58.08,22.66,경기 부천시 중동
8830e0af49fffff,12:00:00,8830e0af0bfffff,15,47.33,24.17,경기 부천시 중동
8830e0af49fffff,12:40:00,8830e0a1b1fffff,11,85.18,24.84,경기 부천시 오정동
8830e0af49fffff,12:40:00,8830e0af0bfffff,11,47.27,19.43,경기 부천시 중동
8830e0af49fffff,13:00:00,8830e0a1b1fffff,16,90.5,25.44,경기 부천시 오정동
8830e0af49fffff,13:20:00,8830e0af0bfffff,12,155.92,35.69,경기 부천시 중동
8830e0af49fffff,13:40:00,8830e0af0bfffff,14,62.21,23.37,경기 부천시 중동
8830e0af49fffff,14:20:00,8830e0af6dfffff,10,58.5,25.15,인천 계양구 계산동
8830e0af49fffff,15:00:00,8830e0a1b1fffff,14,85.36,23.37,경기 부천시 오정동
8830e0af49fffff,15:20:00,8830e0af0bfffff,10,54.7,21.11,경기 부천시 중동
8830e0af49fffff,15:40:00,8830e0af6dfffff,10,59.8,29.84,인천 계양구 계산동
8830e0af49fffff,16:20:00,8830e0af0bfffff,12,42.83,23.0,경기 부천시 중동
8830e0af49fffff,16:20:00,8830e0af6dfffff,11,101.09,22.47,인천 계양구 계산동
8830e0af49fffff,17:00:00,8830e0a1b1fffff,15,58.33,22.11,경기 부천시 오정동
8830e0af49fffff,17:20:00,8830e0a1b1fffff,12,181.67,23.49,경기 부천시 오정동
8830e0af49fffff,17:20:00,8830e0af0bfffff,14,42.43,29.28,경기 부천시 중동
8830e0af49fffff,17:20:00,8830e0af6dfffff,10,84.7,25.96,인천 계양구 계산동
8830e0af49fffff,17:40:00,8830e0a1b1fffff,11,125.91,19.1,경기 부천시 오정동
8830e0af49fffff,17:40:00,8830e0af0bfffff,10,53.2,25.09,경기 부천시 중동
8830e0af49fffff,17:40:00,8830e0af6dfffff,11,55.82,27.35,인천 계양구 계산동
8830e0af49fffff,18:00:00,8830e0a1b1fffff,16,51.38,29.73,경기 부천시 오정동
8830e0af49fffff,18:00:00,8830e0af0bfffff,10,61.5,33.46,경기 부천시 중동
8830e0af49fffff,18:00:00,8830e0af6dfffff,17,50.29,24.33,인천 계양구 계산동
8830e0af49fffff,18:20:00,8830e0a1b1fffff,12,110.58,30.01,경기 부천시 오정동
8830e0af49fffff,19:00:00,8830e0a1b1fffff,10,68.1,14.09,경기 부천시 오정동
8830e0af4bfffff,8:20:00,8830e0af0bfffff,20,59.3,20.41,경기 부천시 중동
8830e0af4bfffff,8:20:00,8830e0af6dfffff,16,49.88,18.6,인천 계양구 계산동
8830e0af4bfffff,8:40:00,8830e0a1b1fffff,19,77.21,38.01,경기 부천시 오정동
8830e0af4bfffff,8:40:00,8830e0af0bfffff,13,42.92,35.35,경기 부천시 중동
8830e0af4bfffff,9:00:00,8830e0a1b1fffff,10,80.8,33.21,경기 부천시 오정동
8830e0af4bfffff,9:00:00,8830e0af0bfffff,14,55.29,21.65,경기 부천시 중동
8830e0af4bfffff,9:00:00,8830e0af6dfffff,12,51.5,23.22,인천 계양구 계산동
8830e0af4bfffff,9:20:00,8830e0a1b1fffff,18,82.0,29.0,경기 부천시 오정동
8830e0af4bfffff,9:20:00,8830e0af0bfffff,16,69.31,30.26,경기 부천시 중동
8830e0af4bfffff,9:40:00,8830e0af0bfffff,15,50.8,25.95,경기 부천시 중동
8830e0af4bfffff,10:00:00,8830e0af0bfffff,19,60.16,27.3,경기 부천시 중동
8830e0af4bfffff,10:00:00,8830e0af6dfffff,12,48.5,22.91,인천 계양구 계산동
8830e0af4bfffff,10:20:00,8830e0a1b1fffff,10,62.9,23.16,경기 부천시 오정동
8830e0af4bfffff,10:20:00,8830e0af0bfffff,21,55.33,22.97,경기 부천시 중동
8830e0af4bfffff,10:20:00,8830e0af6dfffff,11,49.09,25.53,인천 계양구 계산동
8830e0af4bfffff,10:40:00,8830e0af0bfffff,21,60.24,25.29,경기 부천시 중동
8830e0af4bfffff,11:00:00,8830e0a1b1fffff,10,77.3,18.69,경기 부천시 오정동
8830e0af4bfffff,11:00:00,8830e0af0bfffff,15,65.0,31.26,경기 부천시 중동
8830e0af4bfffff,11:00:00,8830e0af6dfffff,15,130.87,25.35,인천 계양구 계산동
8830e0af4bfffff,11:20:00,8830e0af0bfffff,23,70.52,26.58,경기 부천시 중동
8830e0af4bfffff,11:40:00,8830e0af0bfffff,14,71.79,34.07,경기 부천시 중동
8830e0af4bfffff,11:40:00,8830e0af6dfffff,16,57.19,22.82,인천 계양구 계산동
8830e0af4bfffff,12:00:00,8830e0af0bfffff,26,63.77,22.42,경기 부천시 중동
8830e0af4bfffff,12:20:00,8830e0af0bfffff,18,60.5,26.73,경기 부천시 중동
8830e0af4bfffff,12:20:00,8830e0af6dfffff,11,51.45,18.73,인천 계양구 계산동
8830e0af4bfffff,12:40:00,8830e0af0bfffff,17,64.47,25.67,경기 부천시 중동
8830e0af4bfffff,12:40:00,8830e0af6dfffff,10,58.9,27.95,인천 계양구 계산동
8830e0af4bfffff,13:00:00,8830e0a1b1fffff,15,62.93,27.78,경기 부천시 오정동
8830e0af4bfffff,13:00:00,8830e0af0bfffff,26,57.12,26.5,경기 부천시 중동
8830e0af4bfffff,13:00:00,8830e0af6dfffff,13,57.0,19.64,인천 계양구 계산동
8830e0af4bfffff,13:20:00,8830e0af0bfffff,27,60.11,25.89,경기 부천시 중동
8830e0af4bfffff,13:20:00,8830e0af6dfffff,12,48.17,21.5,인천 계양구 계산동
8830e0af4bfffff,13:40:00,8830e0a1b1fffff,12,74.67,20.3,경기 부천시 오정동
8830e0af4bfffff,13:40:00,8830e0af0bfffff,13,42.85,25.46,경기 부천시 중동
8830e0af4bfffff,14:00:00,8830e0a1b1fffff,10,76.0,21.53,경기 부천시 오정동
8830e0af4bfffff,14:00:00,8830e0af6dfffff,10,82.4,32.33,인천 계양구 계산동
8830e0af4bfffff,14:20:00,8830e0a1b1fffff,10,76.7,21.76,경기 부천시 오정동
8830e0af4bfffff,14:20:00,8830e0af0bfffff,14,53.79,38.19,경기 부천시 중동
8830e0af4bfffff,14:40:00,8830e0a1b1fffff,13,55.54,22.31,경기 부천시 오정동
8830e0af4bfffff,14:40:00,8830e0af0bfffff,12,44.67,49.99,경기 부천시 중동
8830e0af4bfffff,15:00:00,8830e0a1b1fffff,17,105.35,22.82,경기 부천시 오정동
8830e0af4bfffff,15:00:00,8830e0af0bfffff,10,48.6,21.83,경기 부천시 중동
8830e0af4bfffff,15:00:00,8830e0af6dfffff,10,45.9,28.38,인천 계양구 계산동
8830e0af4bfffff,15:20:00,8830e0a1b1fffff,10,72.3,22.0,경기 부천시 오정동
8830e0af4bfffff,15:20:00,8830e0af0bfffff,14,50.0,23.19,경기 부천시 중동
8830e0af4bfffff,15:20:00,8830e0af6dfffff,14,52.93,22.2,인천 계양구 계산동
8830e0af4bfffff,15:40:00,8830e0af0bfffff,13,48.31,27.51,경기 부천시 중동
8830e0af4bfffff,16:00:00,8830e0af0bfffff,13,46.08,25.2,경기 부천시 중동
8830e0af4bfffff,16:20:00,8830e0af0bfffff,12,62.33,27.94,경기 부천시 중동
8830e0af4bfffff,16:40:00,8830e0a1b1fffff,11,81.09,33.49,경기 부천시 오정동
8830e0af4bfffff,16:40:00,8830e0af0bfffff,14,50.5,27.23,경기 부천시 중동
8830e0af4bfffff,17:00:00,8830e0a1b1fffff,10,99.1,23.66,경기 부천시 오정동
8830e0af4bfffff,17:00:00,8830e0af0bfffff,13,52.54,21.42,경기 부천시 중동
8830e0af4bfffff,17:20:00,8830e0af0bfffff,13,44.23,31.15,경기 부천시 중동
8830e0af4bfffff,17:40:00,8830e0af0bfffff,17,51.82,24.46,경기 부천시 중동
8830e0af4bfffff,18:00:00,8830e0af0bfffff,17,46.41,20.63,경기 부천시 중동
8830e0af4bfffff,18:00:00,8830e0af6dfffff,21,54.86,20.99,인천 계양구 계산동
8830e0af4dfffff,8:20:00,8830e0af0bfffff,11,99.82,25.2,경기 부천시 중동
8830e0af4dfffff,9:40:00,8830e0af0bfffff,10,97.2,54.48,경기 부천시 중동
8830e0af4dfffff,10:00:00,8830e0af6dfffff,11,64.82,23.28,인천 계양구 계산동
8830e0af4dfffff,10:20:00,8830e0af0bfffff,13,69.85,24.76,경기 부천시 중동
8830e0af4dfffff,10:40:00,8830e0af0bfffff,13,58.15,18.08,경기 부천시 중동
8830e0af4dfffff,10:40:00,8830e0af6dfffff,12,52.0,25.15,인천 계양구 계산동
8830e0af4dfffff,13:00:00,8830e0af0bfffff,11,64.82,20.84,경기 부천시 중동
8830e0af4dfffff,13:40:00,8830e0af6dfffff,10,42.9,34.87,인천 계양구 계산동
8830e0af4dfffff,14:00:00,8830e0af6dfffff,10,43.7,20.27,인천 계양구 계산동
8830e0af4dfffff,14:20:00,8830e0af0bfffff,12,54.5,28.25,경기 부천시 중동
8830e0af4dfffff,14:40:00,8830e0af0bfffff,15,60.8,19.95,경기 부천시 중동
8830e0af4dfffff,14:40:00,8830e0af6dfffff,11,158.36,21.43,인천 계양구 계산동
8830e0af4dfffff,16:00:00,8830e0af0bfffff,12,44.42,24.76,경기 부천시 중동
8830e0af4dfffff,16:20:00,8830e0af6dfffff,10,46.6,16.61,인천 계양구 계산동
8830e0af4dfffff,17:20:00,8830e0af6dfffff,14,48.93,23.72,인천 계양구 계산동
8830e0af4dfffff,17:40:00,8830e0af6dfffff,17,62.53,26.72,인천 계양구 계산동
8830e0af4dfffff,18:00:00,8830e0a1b1fffff,14,109.86,18.12,경기 부천시 오정동
8830e0af4dfffff,18:00:00,8830e0af6dfffff,14,43.14,45.83,인천 계양구 계산동
8830e0af4dfffff,18:20:00,8830e0af6dfffff,12,87.58,24.83,인천 계양구 계산동
8830e0af51fffff,6:40:00,8830e0af0bfffff,10,166.9,41.29,경기 부천시 중동
8830e0af51fffff,8:40:00,8830e0af0bfffff,15,81.67,27.9,경기 부천시 중동
8830e0af51fffff,9:00:00,8830e0af0bfffff,20,58.7,33.7,경기 부천시 중동
8830e0af51fffff,9:20:00,8830e0af0bfffff,16,67.63,23.92,경기 부천시 중동
8830e0af51fffff,9:40:00,8830e0af0bfffff,17,50.12,22.18,경기 부천시 중동
8830e0af51fffff,10:00:00,8830e0af0bfffff,14,105.57,29.26,경기 부천시 중동
8830e0af51fffff,10:20:00,8830e0af0bfffff,18,69.0,32.86,경기 부천시 중동
8830e0af51fffff,10:40:00,8830e0af0bfffff,23,75.83,25.73,경기 부천시 중동
8830e0af51fffff,11:00:00,8830e0af0bfffff,16,53.75,20.13,경기 부천시 중동
8830e0af51fffff,11:20:00,8830e0af0bfffff,18,79.94,27.44,경기 부천시 중동
8830e0af51fffff,11:40:00,8830e0af0bfffff,17,59.76,34.42,경기 부천시 중동
8830e0af51fffff,12:00:00,8830e0af0bfffff,29,57.0,26.79,경기 부천시 중동
8830e0af51fffff,12:20:00,8830e0af0bfffff,17,67.59,26.25,경기 부천시 중동
8830e0af51fffff,12:40:00,8830e0af0bfffff,23,75.22,27.22,경기 부천시 중동
8830e0af51fffff,13:00:00,8830e0af0bfffff,17,68.12,25.47,경기 부천시 중동
8830e0af51fffff,13:20:00,8830e0af0bfffff,26,70.0,18.0,경기 부천시 중동
8830e0af51fffff,13:40:00,8830e0af0bfffff,20,69.4,23.64,경기 부천시 중동
8830e0af51fffff,14:00:00,8830e0af0bfffff,28,68.0,25.89,경기 부천시 중동
8830e0af51fffff,14:20:00,8830e0af0bfffff,28,65.86,19.87,경기 부천시 중동
8830e0af51fffff,14:40:00,8830e0af0bfffff,17,75.47,26.52,경기 부천시 중동
8830e0af51fffff,15:00:00,8830e0af0bfffff,17,62.88,27.78,경기 부천시 중동
8830e0af51fffff,15:20:00,8830e0af0bfffff,22,61.68,22.37,경기 부천시 중동
8830e0af51fffff,15:40:00,8830e0af0bfffff,22,73.23,24.43,경기 부천시 중동
8830e0af51fffff,16:00:00,8830e0af0bfffff,17,57.94,24.18,경기 부천시 중동
8830e0af51fffff,16:20:00,8830e0af0bfffff,15,48.13,23.83,경기 부천시 중동
8830e0af51fffff,16:40:00,8830e0af0bfffff,18,59.33,28.26,경기 부천시 중동
8830e0af51fffff,17:00:00,8830e0af0bfffff,17,56.18,25.99,경기 부천시 중동
8830e0af51fffff,17:20:00,8830e0af0bfffff,17,79.47,24.16,경기 부천시 중동
8830e0af51fffff,17:40:00,8830e0af0bfffff,21,122.05,22.33,경기 부천시 중동
8830e0af51fffff,18:00:00,8830e0af0bfffff,13,59.23,29.72,경기 부천시 중동
8830e0af51fffff,18:20:00,8830e0af0bfffff,12,50.83,25.56,경기 부천시 중동
8830e0af51fffff,18:40:00,8830e0af0bfffff,11,59.55,28.6,경기 부천시 중동
8830e0af53fffff,10:40:00,8830e0af0bfffff,12,57.67,25.77,경기 부천시 중동
8830e0af53fffff,11:20:00,8830e0af0bfffff,10,77.6,26.41,경기 부천시 중동
8830e0af53fffff,11:40:00,8830e0af0bfffff,10,52.4,24.56,경기 부천시 중동
8830e0af53fffff,12:00:00,8830e0af0bfffff,12,44.17,17.13,경기 부천시 중동
8830e0af53fffff,12:20:00,8830e0af0bfffff,13,59.23,27.28,경기 부천시 중동
8830e0af53fffff,13:00:00,8830e0af0bfffff,13,77.23,28.11,경기 부천시 중동
8830e0af53fffff,13:40:00,8830e0af0bfffff,12,103.0,33.33,경기 부천시 중동
8830e0af53fffff,15:20:00,8830e0af0bfffff,11,53.45,20.35,경기 부천시 중동
8830e0af53fffff,16:00:00,8830e0af0bfffff,12,46.17,23.7,경기 부천시 중동
8830e0af53fffff,16:40:00,8830e0af0bfffff,12,72.25,21.47,경기 부천시 중동
8830e0af53fffff,17:00:00,8830e0a1b1fffff,10,47.4,24.94,경기 부천시 오정동
8830e0af53fffff,17:00:00,8830e0af0bfffff,24,60.63,23.18,경기 부천시 중동
8830e0af53fffff,17:20:00,8830e0af0bfffff,26,65.77,22.2,경기 부천시 중동
8830e0af53fffff,17:40:00,8830e0a1b1fffff,10,41.6,33.8,경기 부천시 오정동
8830e0af53fffff,17:40:00,8830e0af0bfffff,17,99.71,22.35,경기 부천시 중동
8830e0af53fffff,17:40:00,8830e0af6dfffff,11,45.64,35.1,인천 계양구 계산동
8830e0af53fffff,18:00:00,8830e0a1b1fffff,18,51.0,31.0,경기 부천시 오정동
8830e0af53fffff,18:00:00,8830e0af0bfffff,25,54.84,22.98,경기 부천시 중동
8830e0af53fffff,18:00:00,8830e0af6dfffff,16,51.06,29.98,인천 계양구 계산동
8830e0af53fffff,18:20:00,8830e0af0bfffff,24,91.5,28.8,경기 부천시 중동
8830e0af53fffff,18:40:00,8830e0af0bfffff,13,87.46,23.47,경기 부천시 중동
8830e0af53fffff,20:00:00,8830e0af0bfffff,11,67.0,19.81,경기 부천시 중동
8830e0af55fffff,0:00:00,8830e0af0bfffff,72,61.08,21.39,경기 부천시 중동
8830e0af55fffff,0:40:00,8830e0af0bfffff,12,86.0,27.11,경기 부천시 중동
8830e0af55fffff,1:00:00,8830e0af0bfffff,11,56.27,18.1,경기 부천시 중동
8830e0af55fffff,1:20:00,8830e0af0bfffff,18,48.06,16.94,경기 부천시 중동
8830e0af55fffff,2:20:00,8830e0af0bfffff,12,75.08,19.29,경기 부천시 중동
8830e0af55fffff,4:20:00,8830e0af0bfffff,12,51.58,24.24,경기 부천시 중동
8830e0af55fffff,6:00:00,8830e0af0bfffff,11,144.45,39.68,경기 부천시 중동
8830e0af55fffff,6:40:00,8830e0af0bfffff,20,132.95,28.95,경기 부천시 중동
8830e0af55fffff,7:00:00,8830e0af0bfffff,34,80.24,20.68,경기 부천시 중동
8830e0af55fffff,7:20:00,8830e0af0bfffff,26,106.65,33.56,경기 부천시 중동
8830e0af55fffff,7:40:00,8830e0af0bfffff,37,85.05,21.85,경기 부천시 중동
8830e0af55fffff,8:00:00,8830e0af0bfffff,38,82.68,23.75,경기 부천시 중동
8830e0af55fffff,8:20:00,8830e0af0bfffff,45,78.8,21.53,경기 부천시 중동
8830e0af55fffff,8:40:00,8830e0af0bfffff,52,93.23,23.24,경기 부천시 중동
8830e0af55fffff,9:00:00,8830e0af0bfffff,71,82.01,35.87,경기 부천시 중동
8830e0af55fffff,9:20:00,8830e0af0bfffff,81,77.19,26.86,경기 부천시 중동
8830e0af55fffff,9:40:00,8830e0af0bfffff,86,65.87,26.32,경기 부천시 중동
8830e0af55fffff,10:00:00,8830e0af0bfffff,102,64.35,31.27,경기 부천시 중동
8830e0af55fffff,10:20:00,8830e0af0bfffff,106,66.43,26.37,경기 부천시 중동
8830e0af55fffff,10:40:00,8830e0af0bfffff,107,57.52,20.94,경기 부천시 중동
8830e0af55fffff,11:00:00,8830e0af0bfffff,106,65.63,22.39,경기 부천시 중동
8830e0af55fffff,11:20:00,8830e0af0bfffff,98,62.34,24.45,경기 부천시 중동
8830e0af55fffff,11:40:00,8830e0af0bfffff,90,61.68,23.74,경기 부천시 중동
8830e0af55fffff,12:00:00,8830e0af0bfffff,105,63.57,25.64,경기 부천시 중동
8830e0af55fffff,12:20:00,8830e0af0bfffff,115,71.79,22.21,경기 부천시 중동
8830e0af55fffff,12:40:00,8830e0af0bfffff,108,62.27,21.03,경기 부천시 중동
8830e0af55fffff,13:00:00,8830e0af0bfffff,130,64.95,23.2,경기 부천시 중동
8830e0af55fffff,13:20:00,8830e0af0bfffff,118,68.82,24.81,경기 부천시 중동
8830e0af55fffff,13:40:00,8830e0af0bfffff,121,67.01,23.47,경기 부천시 중동
8830e0af55fffff,14:00:00,8830e0af0bfffff,120,67.81,23.06,경기 부천시 중동
8830e0af55fffff,14:20:00,8830e0af0bfffff,92,76.24,23.37,경기 부천시 중동
8830e0af55fffff,14:40:00,8830e0af0bfffff,119,63.24,22.89,경기 부천시 중동
8830e0af55fffff,15:00:00,8830e0af0bfffff,114,59.27,22.67,경기 부천시 중동
8830e0af55fffff,15:20:00,8830e0af0bfffff,92,64.83,23.07,경기 부천시 중동
8830e0af55fffff,15:40:00,8830e0af0bfffff,104,62.47,24.46,경기 부천시 중동
8830e0af55fffff,16:00:00,8830e0af0bfffff,90,62.06,23.74,경기 부천시 중동
8830e0af55fffff,16:20:00,8830e0af0bfffff,121,56.36,19.94,경기 부천시 중동
8830e0af55fffff,16:40:00,8830e0af0bfffff,83,69.24,19.77,경기 부천시 중동
8830e0af55fffff,17:00:00,8830e0af0bfffff,94,57.82,21.16,경기 부천시 중동
8830e0af55fffff,17:20:00,8830e0af0bfffff,91,65.35,29.46,경기 부천시 중동
8830e0af55fffff,17:40:00,8830e0af0bfffff,86,57.71,21.56,경기 부천시 중동
8830e0af55fffff,18:00:00,8830e0af0bfffff,98,55.22,20.46,경기 부천시 중동
8830e0af55fffff,18:20:00,8830e0af0bfffff,105,56.99,22.75,경기 부천시 중동
8830e0af55fffff,18:40:00,8830e0af0bfffff,87,57.63,23.81,경기 부천시 중동
8830e0af55fffff,19:00:00,8830e0af0bfffff,96,64.49,21.69,경기 부천시 중동
8830e0af55fffff,19:20:00,8830e0af0bfffff,75,55.77,18.61,경기 부천시 중동
8830e0af55fffff,19:40:00,8830e0af0bfffff,69,57.3,24.28,경기 부천시 중동
8830e0af55fffff,20:00:00,8830e0af0bfffff,74,52.65,17.19,경기 부천시 중동
8830e0af55fffff,20:20:00,8830e0af0bfffff,67,54.94,21.9,경기 부천시 중동
8830e0af55fffff,20:40:00,8830e0af0bfffff,59,50.44,18.19,경기 부천시 중동
8830e0af55fffff,21:00:00,8830e0af0bfffff,40,56.95,21.36,경기 부천시 중동
8830e0af55fffff,21:20:00,8830e0af0bfffff,42,63.62,30.55,경기 부천시 중동
8830e0af55fffff,21:40:00,8830e0af0bfffff,58,58.88,22.56,경기 부천시 중동
8830e0af55fffff,22:00:00,8830e0af0bfffff,43,51.77,22.02,경기 부천시 중동
8830e0af55fffff,22:20:00,8830e0af0bfffff,25,48.72,20.98,경기 부천시 중동
8830e0af55fffff,22:40:00,8830e0af0bfffff,18,55.89,19.49,경기 부천시 중동
8830e0af55fffff,23:00:00,8830e0af0bfffff,21,45.19,11.56,경기 부천시 중동
8830e0af55fffff,23:20:00,8830e0af0bfffff,14,35.36,16.87,경기 부천시 중동
8830e0af57fffff,0:00:00,8830e0af0bfffff,39,60.13,21.03,경기 부천시 중동
8830e0af57fffff,6:40:00,8830e0af0bfffff,30,104.97,34.25,경기 부천시 중동
8830e0af57fffff,7:00:00,8830e0af0bfffff,43,64.7,23.52,경기 부천시 중동
8830e0af57fffff,7:20:00,8830e0af0bfffff,37,75.86,26.99,경기 부천시 중동
8830e0af57fffff,7:40:00,8830e0af0bfffff,49,98.2,26.55,경기 부천시 중동
8830e0af57fffff,8:00:00,8830e0af0bfffff,47,89.34,24.72,경기 부천시 중동
8830e0af57fffff,8:20:00,8830e0af0bfffff,58,76.02,24.28,경기 부천시 중동
8830e0af57fffff,8:40:00,8830e0af0bfffff,61,73.34,26.11,경기 부천시 중동
8830e0af57fffff,9:00:00,8830e0af0bfffff,98,71.52,25.12,경기 부천시 중동
8830e0af57fffff,9:20:00,8830e0af0bfffff,84,67.31,22.03,경기 부천시 중동
8830e0af57fffff,9:40:00,8830e0af0bfffff,117,73.48,25.61,경기 부천시 중동
8830e0af57fffff,10:00:00,8830e0af0bfffff,95,78.21,25.65,경기 부천시 중동
8830e0af57fffff,10:20:00,8830e0af0bfffff,98,66.66,26.53,경기 부천시 중동
8830e0af57fffff,10:40:00,8830e0af0bfffff,78,65.41,22.21,경기 부천시 중동
8830e0af57fffff,11:00:00,8830e0af0bfffff,83,63.96,22.56,경기 부천시 중동
8830e0af57fffff,11:20:00,8830e0af0bfffff,97,63.66,22.1,경기 부천시 중동
8830e0af57fffff,11:40:00,8830e0af0bfffff,98,68.36,22.51,경기 부천시 중동
8830e0af57fffff,12:00:00,8830e0af0bfffff,89,70.99,23.51,경기 부천시 중동
8830e0af57fffff,12:20:00,8830e0af0bfffff,81,76.36,23.19,경기 부천시 중동
8830e0af57fffff,12:40:00,8830e0af0bfffff,88,57.27,21.64,경기 부천시 중동
8830e0af57fffff,13:00:00,8830e0af0bfffff,101,66.31,21.84,경기 부천시 중동
8830e0af57fffff,13:20:00,8830e0af0bfffff,104,77.17,21.93,경기 부천시 중동
8830e0af57fffff,13:40:00,8830e0af0bfffff,103,68.74,20.46,경기 부천시 중동
8830e0af57fffff,14:00:00,8830e0af0bfffff,101,61.51,23.07,경기 부천시 중동
8830e0af57fffff,14:20:00,8830e0af0bfffff,114,72.89,22.42,경기 부천시 중동
8830e0af57fffff,14:40:00,8830e0af0bfffff,100,63.68,19.95,경기 부천시 중동
8830e0af57fffff,15:00:00,8830e0af0bfffff,95,74.63,26.47,경기 부천시 중동
8830e0af57fffff,15:20:00,8830e0af0bfffff,101,62.94,23.32,경기 부천시 중동
8830e0af57fffff,15:40:00,8830e0af0bfffff,76,56.17,21.87,경기 부천시 중동
8830e0af57fffff,16:00:00,8830e0af0bfffff,75,63.97,25.07,경기 부천시 중동
8830e0af57fffff,16:20:00,8830e0af0bfffff,68,53.1,21.34,경기 부천시 중동
8830e0af57fffff,16:40:00,8830e0af0bfffff,57,68.63,24.99,경기 부천시 중동
8830e0af57fffff,17:00:00,8830e0af0bfffff,70,57.47,18.04,경기 부천시 중동
8830e0af57fffff,17:20:00,8830e0af0bfffff,74,56.59,22.81,경기 부천시 중동
8830e0af57fffff,17:40:00,8830e0af0bfffff,77,55.45,23.91,경기 부천시 중동
8830e0af57fffff,18:00:00,8830e0af0bfffff,75,56.55,22.41,경기 부천시 중동
8830e0af57fffff,18:20:00,8830e0af0bfffff,55,64.05,23.44,경기 부천시 중동
8830e0af57fffff,18:40:00,8830e0af0bfffff,72,53.63,22.85,경기 부천시 중동
8830e0af57fffff,19:00:00,8830e0af0bfffff,52,53.19,22.89,경기 부천시 중동
8830e0af57fffff,19:20:00,8830e0af0bfffff,46,56.33,29.96,경기 부천시 중동
8830e0af57fffff,19:40:00,8830e0af0bfffff,44,68.7,20.73,경기 부천시 중동
8830e0af57fffff,20:00:00,8830e0af0bfffff,36,52.39,23.38,경기 부천시 중동
8830e0af57fffff,20:20:00,8830e0af0bfffff,48,56.92,27.46,경기 부천시 중동
8830e0af57fffff,20:40:00,8830e0af0bfffff,32,66.34,31.67,경기 부천시 중동
8830e0af57fffff,21:00:00,8830e0af0bfffff,31,81.65,23.63,경기 부천시 중동
8830e0af57fffff,21:20:00,8830e0af0bfffff,25,52.8,24.8,경기 부천시 중동
8830e0af57fffff,21:40:00,8830e0af0bfffff,19,59.32,25.93,경기 부천시 중동
8830e0af57fffff,22:00:00,8830e0af0bfffff,32,51.31,18.5,경기 부천시 중동
8830e0af57fffff,22:20:00,8830e0af0bfffff,18,46.33,14.1,경기 부천시 중동
8830e0af57fffff,22:40:00,8830e0af0bfffff,12,50.58,26.13,경기 부천시 중동
8830e0af57fffff,23:00:00,8830e0af0bfffff,19,50.58,15.55,경기 부천시 중동
8830e0af57fffff,23:20:00,8830e0af0bfffff,12,36.08,17.59,경기 부천시 중동
8830e0af59fffff,8:20:00,8830e0a1b1fffff,11,85.55,29.53,경기 부천시 오정동
8830e0af59fffff,9:00:00,8830e0a1b1fffff,16,96.31,23.31,경기 부천시 오정동
8830e0af59fffff,9:20:00,8830e0a1b1fffff,12,72.67,27.46,경기 부천시 오정동
8830e0af59fffff,10:20:00,8830e0a1b1fffff,10,101.0,37.34,경기 부천시 오정동
8830e0af59fffff,11:00:00,8830e0a1b1fffff,13,69.0,23.05,경기 부천시 오정동
8830e0af59fffff,11:20:00,8830e0a1b1fffff,10,71.6,29.42,경기 부천시 오정동
8830e0af59fffff,12:00:00,8830e0a1b1fffff,14,70.21,34.08,경기 부천시 오정동
8830e0af59fffff,12:20:00,8830e0a1b1fffff,13,58.54,33.03,경기 부천시 오정동
8830e0af59fffff,12:40:00,8830e0a1b1fffff,11,54.27,26.78,경기 부천시 오정동
8830e0af59fffff,13:00:00,8830e0a1b1fffff,13,57.77,36.58,경기 부천시 오정동
8830e0af59fffff,13:20:00,8830e0a1b1fffff,12,52.5,26.33,경기 부천시 오정동
8830e0af59fffff,13:40:00,8830e0a1b1fffff,15,77.6,16.9,경기 부천시 오정동
8830e0af59fffff,14:00:00,8830e0a1b1fffff,13,73.54,22.68,경기 부천시 오정동
8830e0af59fffff,14:20:00,8830e0a1b1fffff,10,74.9,25.92,경기 부천시 오정동
8830e0af59fffff,14:40:00,8830e0a1b1fffff,13,61.69,19.99,경기 부천시 오정동
8830e0af59fffff,15:00:00,8830e0a1b1fffff,10,74.6,24.2,경기 부천시 오정동
8830e0af59fffff,15:20:00,8830e0a1b1fffff,23,71.04,23.38,경기 부천시 오정동
8830e0af59fffff,15:40:00,8830e0a1b1fffff,12,102.33,17.23,경기 부천시 오정동
8830e0af59fffff,16:20:00,8830e0a1b1fffff,15,89.4,21.84,경기 부천시 오정동
8830e0af59fffff,17:00:00,8830e0a1b1fffff,10,57.4,31.26,경기 부천시 오정동
8830e0af59fffff,17:20:00,8830e0a1b1fffff,12,80.5,23.81,경기 부천시 오정동
8830e0af59fffff,17:40:00,8830e0a1b1fffff,11,59.18,27.48,경기 부천시 오정동
8830e0af5bfffff,17:00:00,8830e0a1b1fffff,14,47.07,24.79,경기 부천시 오정동
8830e0af5bfffff,18:00:00,8830e0a1b1fffff,11,81.36,20.57,경기 부천시 오정동
8830e0af5dfffff,7:20:00,8830e0af6dfffff,10,65.6,29.33,인천 계양구 계산동
8830e0af5dfffff,8:00:00,8830e0af6dfffff,10,55.3,35.34,인천 계양구 계산동
8830e0af5dfffff,9:00:00,8830e0af0bfffff,12,44.92,31.58,경기 부천시 중동
8830e0af5dfffff,9:00:00,8830e0af6dfffff,10,58.4,20.99,인천 계양구 계산동
8830e0af5dfffff,9:20:00,8830e0af0bfffff,12,84.67,31.02,경기 부천시 중동
8830e0af5dfffff,10:00:00,8830e0af0bfffff,11,59.09,29.8,경기 부천시 중동
8830e0af5dfffff,10:20:00,8830e0af0bfffff,14,54.71,31.0,경기 부천시 중동
8830e0af5dfffff,10:40:00,8830e0af0bfffff,25,66.6,26.78,경기 부천시 중동
8830e0af5dfffff,11:00:00,8830e0af0bfffff,19,44.0,30.96,경기 부천시 중동
8830e0af5dfffff,11:20:00,8830e0af0bfffff,25,66.16,31.3,경기 부천시 중동
8830e0af5dfffff,11:40:00,8830e0af0bfffff,16,61.75,30.34,경기 부천시 중동
8830e0af5dfffff,12:00:00,8830e0af0bfffff,17,101.18,23.9,경기 부천시 중동
8830e0af5dfffff,12:20:00,8830e0af0bfffff,12,55.83,25.73,경기 부천시 중동
8830e0af5dfffff,12:40:00,8830e0af0bfffff,14,64.79,29.16,경기 부천시 중동
8830e0af5dfffff,13:00:00,8830e0af0bfffff,20,62.3,23.12,경기 부천시 중동
8830e0af5dfffff,13:20:00,8830e0af0bfffff,13,43.31,26.62,경기 부천시 중동
8830e0af5dfffff,13:40:00,8830e0af0bfffff,17,65.0,25.55,경기 부천시 중동
8830e0af5dfffff,14:00:00,8830e0af0bfffff,20,70.8,28.43,경기 부천시 중동
8830e0af5dfffff,14:20:00,8830e0af0bfffff,22,64.91,30.18,경기 부천시 중동
8830e0af5dfffff,14:40:00,8830e0af0bfffff,20,60.85,22.48,경기 부천시 중동
8830e0af5dfffff,15:00:00,8830e0af0bfffff,14,60.79,25.6,경기 부천시 중동
8830e0af5dfffff,15:20:00,8830e0af0bfffff,10,62.7,30.17,경기 부천시 중동
8830e0af5dfffff,15:40:00,8830e0af0bfffff,19,75.68,30.34,경기 부천시 중동
8830e0af5dfffff,16:00:00,8830e0af0bfffff,14,60.5,24.09,경기 부천시 중동
8830e0af5dfffff,16:20:00,8830e0af0bfffff,14,62.36,27.64,경기 부천시 중동
8830e0af5dfffff,18:00:00,8830e0af0bfffff,10,67.2,16.41,경기 부천시 중동
8830e0af5dfffff,18:20:00,8830e0af0bfffff,10,44.0,30.88,경기 부천시 중동
8830e0af61fffff,0:00:00,8830e0af6dfffff,72,61.85,16.27,인천 계양구 계산동
8830e0af61fffff,5:00:00,8830e035ddfffff,11,62.36,56.21,Beom_Gye
8830e0af61fffff,5:00:00,8830e0af6dfffff,11,53.27,23.45,인천 계양구 계산동
8830e0af61fffff,6:00:00,8830e0af6dfffff,19,77.26,24.45,인천 계양구 계산동
8830e0af61fffff,6:20:00,8830e0af6dfffff,10,80.2,17.51,인천 계양구 계산동
8830e0af61fffff,6:40:00,8830e0af6dfffff,16,109.38,25.4,인천 계양구 계산동
8830e0af61fffff,7:00:00,8830e0af6dfffff,17,102.29,18.91,인천 계양구 계산동
8830e0af61fffff,7:20:00,8830e0af6dfffff,15,150.13,29.66,인천 계양구 계산동
8830e0af61fffff,7:40:00,8830e0af6dfffff,27,162.44,28.73,인천 계양구 계산동
8830e0af61fffff,8:00:00,8830e0af0bfffff,13,46.46,24.0,경기 부천시 중동
8830e0af61fffff,8:00:00,8830e0af6dfffff,38,87.26,17.96,인천 계양구 계산동
8830e0af61fffff,8:20:00,8830e0af6dfffff,42,73.67,21.41,인천 계양구 계산동
8830e0af61fffff,8:40:00,8830e0af6dfffff,24,97.17,33.82,인천 계양구 계산동
8830e0af61fffff,9:00:00,8830e0af6dfffff,47,81.83,27.49,인천 계양구 계산동
8830e0af61fffff,9:20:00,8830e0af6dfffff,42,96.24,20.25,인천 계양구 계산동
8830e0af61fffff,9:40:00,8830e0af6dfffff,34,79.32,23.66,인천 계양구 계산동
8830e0af61fffff,10:00:00,8830e0af0bfffff,10,41.9,31.84,경기 부천시 중동
8830e0af61fffff,10:00:00,8830e0af6dfffff,47,116.72,22.86,인천 계양구 계산동
8830e0af61fffff,10:20:00,8830e0af6dfffff,52,75.06,18.95,인천 계양구 계산동
8830e0af61fffff,10:40:00,8830e0af0bfffff,10,92.3,36.29,경기 부천시 중동
8830e0af61fffff,10:40:00,8830e0af6dfffff,40,73.35,22.52,인천 계양구 계산동
8830e0af61fffff,11:00:00,8830e0af0bfffff,11,54.64,29.67,경기 부천시 중동
8830e0af61fffff,11:00:00,8830e0af6dfffff,54,74.7,21.27,인천 계양구 계산동
8830e0af61fffff,11:20:00,8830e0af0bfffff,15,85.47,36.21,경기 부천시 중동
8830e0af61fffff,11:20:00,8830e0af6dfffff,56,81.77,22.49,인천 계양구 계산동
8830e0af61fffff,11:40:00,8830e0af0bfffff,12,60.17,18.96,경기 부천시 중동
8830e0af61fffff,11:40:00,8830e0af6dfffff,48,75.0,19.53,인천 계양구 계산동
8830e0af61fffff,12:00:00,8830e0af0bfffff,11,41.18,24.8,경기 부천시 중동
8830e0af61fffff,12:00:00,8830e0af6dfffff,52,61.4,19.72,인천 계양구 계산동
8830e0af61fffff,12:20:00,8830e0af0bfffff,10,49.3,22.83,경기 부천시 중동
8830e0af61fffff,12:20:00,8830e0af6dfffff,57,83.51,26.38,인천 계양구 계산동
8830e0af61fffff,12:40:00,8830e0af6dfffff,49,75.16,20.67,인천 계양구 계산동
8830e0af61fffff,13:00:00,8830e0af6dfffff,63,74.52,19.24,인천 계양구 계산동
8830e0af61fffff,13:20:00,8830e0af6dfffff,54,75.91,22.39,인천 계양구 계산동
8830e0af61fffff,13:40:00,8830e0af6dfffff,47,80.4,23.6,인천 계양구 계산동
8830e0af61fffff,14:00:00,8830e0af6dfffff,54,68.59,21.68,인천 계양구 계산동
8830e0af61fffff,14:20:00,8830e0af0bfffff,11,51.82,26.52,경기 부천시 중동
8830e0af61fffff,14:20:00,8830e0af6dfffff,55,58.45,19.61,인천 계양구 계산동
8830e0af61fffff,14:40:00,8830e0af6dfffff,48,73.44,29.87,인천 계양구 계산동
8830e0af61fffff,15:00:00,8830e0af6dfffff,42,58.83,21.29,인천 계양구 계산동
8830e0af61fffff,15:20:00,8830e0af6dfffff,41,63.56,21.28,인천 계양구 계산동
8830e0af61fffff,15:40:00,8830e0af6dfffff,37,71.22,24.25,인천 계양구 계산동
8830e0af61fffff,16:00:00,8830e0af0bfffff,13,67.77,21.02,경기 부천시 중동
8830e0af61fffff,16:00:00,8830e0af6dfffff,45,74.16,19.71,인천 계양구 계산동
8830e0af61fffff,16:20:00,8830e0af6dfffff,36,77.72,20.6,인천 계양구 계산동
8830e0af61fffff,16:40:00,8830e0af6dfffff,58,71.74,24.17,인천 계양구 계산동
8830e0af61fffff,17:00:00,8830e0af6dfffff,60,68.1,21.49,인천 계양구 계산동
8830e0af61fffff,17:20:00,8830e0af6dfffff,45,65.64,19.02,인천 계양구 계산동
8830e0af61fffff,17:40:00,8830e0af6dfffff,40,58.53,22.22,인천 계양구 계산동
8830e0af61fffff,18:00:00,8830e0af6dfffff,41,72.71,18.93,인천 계양구 계산동
8830e0af61fffff,18:20:00,8830e0af6dfffff,35,53.2,23.99,인천 계양구 계산동
8830e0af61fffff,18:40:00,8830e0af6dfffff,30,62.07,24.8,인천 계양구 계산동
8830e0af61fffff,19:00:00,8830e0af6dfffff,35,70.23,19.8,인천 계양구 계산동
8830e0af61fffff,19:20:00,8830e0af6dfffff,33,61.21,21.12,인천 계양구 계산동
8830e0af61fffff,19:40:00,8830e0af6dfffff,33,72.7,26.17,인천 계양구 계산동
8830e0af61fffff,20:00:00,8830e0af6dfffff,19,53.11,24.03,인천 계양구 계산동
8830e0af61fffff,20:20:00,8830e0af6dfffff,32,68.38,25.04,인천 계양구 계산동
8830e0af61fffff,20:40:00,8830e0af6dfffff,32,64.72,28.46,인천 계양구 계산동
8830e0af61fffff,21:00:00,8830e0af6dfffff,18,57.78,20.81,인천 계양구 계산동
8830e0af61fffff,21:20:00,8830e0af6dfffff,27,49.22,20.18,인천 계양구 계산동
8830e0af61fffff,21:40:00,8830e0af6dfffff,19,64.05,22.17,인천 계양구 계산동
8830e0af61fffff,22:00:00,8830e0af6dfffff,21,51.62,18.97,인천 계양구 계산동
8830e0af61fffff,22:20:00,8830e0af6dfffff,11,52.73,16.69,인천 계양구 계산동
8830e0af61fffff,22:40:00,8830e0af6dfffff,10,48.4,27.73,인천 계양구 계산동
8830e0af61fffff,23:00:00,8830e0af6dfffff,18,47.89,16.68,인천 계양구 계산동
8830e0af61fffff,23:20:00,8830e0af6dfffff,15,34.73,13.07,인천 계양구 계산동
8830e0af63fffff,0:00:00,8830e0af6dfffff,10,64.2,26.18,인천 계양구 계산동
8830e0af63fffff,6:20:00,8830e0af0bfffff,10,63.0,15.7,경기 부천시 중동
8830e0af63fffff,8:20:00,8830e0af0bfffff,10,81.1,18.56,경기 부천시 중동
8830e0af63fffff,8:20:00,8830e0af6dfffff,15,74.33,23.91,인천 계양구 계산동
8830e0af63fffff,8:40:00,8830e0af0bfffff,12,57.92,18.26,경기 부천시 중동
8830e0af63fffff,9:00:00,8830e0af0bfffff,15,84.73,29.16,경기 부천시 중동
8830e0af63fffff,9:00:00,8830e0af6dfffff,17,60.06,19.8,인천 계양구 계산동
8830e0af63fffff,9:20:00,8830e0af0bfffff,15,55.73,21.87,경기 부천시 중동
8830e0af63fffff,9:20:00,8830e0af6dfffff,10,56.2,24.14,인천 계양구 계산동
8830e0af63fffff,9:40:00,8830e0af0bfffff,15,58.87,17.63,경기 부천시 중동
8830e0af63fffff,10:00:00,8830e0af0bfffff,14,62.64,25.96,경기 부천시 중동
8830e0af63fffff,10:00:00,8830e0af6dfffff,11,64.64,22.36,인천 계양구 계산동
8830e0af63fffff,10:20:00,8830e0af0bfffff,30,46.6,20.69,경기 부천시 중동
8830e0af63fffff,10:20:00,8830e0af6dfffff,16,99.19,20.7,인천 계양구 계산동
8830e0af63fffff,10:40:00,8830e0af0bfffff,24,59.33,23.9,경기 부천시 중동
8830e0af63fffff,10:40:00,8830e0af6dfffff,11,77.36,16.0,인천 계양구 계산동
8830e0af63fffff,11:00:00,8830e0af6dfffff,17,60.0,26.19,인천 계양구 계산동
8830e0af63fffff,11:20:00,8830e0af0bfffff,20,54.25,25.12,경기 부천시 중동
8830e0af63fffff,11:20:00,8830e0af6dfffff,12,80.25,20.57,인천 계양구 계산동
8830e0af63fffff,11:40:00,8830e0af6dfffff,13,96.15,19.25,인천 계양구 계산동
8830e0af63fffff,12:00:00,8830e0af0bfffff,15,46.73,24.29,경기 부천시 중동
8830e0af63fffff,12:00:00,8830e0af6dfffff,12,75.08,23.62,인천 계양구 계산동
8830e0af63fffff,12:20:00,8830e0af0bfffff,13,80.15,18.62,경기 부천시 중동
8830e0af63fffff,12:40:00,8830e0af0bfffff,11,49.64,22.85,경기 부천시 중동
8830e0af63fffff,12:40:00,8830e0af6dfffff,13,82.31,21.62,인천 계양구 계산동
8830e0af63fffff,13:00:00,8830e0af0bfffff,21,72.52,28.82,경기 부천시 중동
8830e0af63fffff,13:00:00,8830e0af6dfffff,10,63.8,22.83,인천 계양구 계산동
8830e0af63fffff,13:20:00,8830e0af0bfffff,19,73.0,20.38,경기 부천시 중동
8830e0af63fffff,13:20:00,8830e0af6dfffff,15,58.6,17.53,인천 계양구 계산동
8830e0af63fffff,13:40:00,8830e0af0bfffff,15,55.47,29.03,경기 부천시 중동
8830e0af63fffff,13:40:00,8830e0af6dfffff,15,77.8,20.64,인천 계양구 계산동
8830e0af63fffff,14:00:00,8830e0af0bfffff,15,50.53,30.67,경기 부천시 중동
8830e0af63fffff,14:00:00,8830e0af6dfffff,16,54.0,19.67,인천 계양구 계산동
8830e0af63fffff,14:20:00,8830e0af0bfffff,15,86.0,25.65,경기 부천시 중동
8830e0af63fffff,14:20:00,8830e0af6dfffff,11,60.64,20.72,인천 계양구 계산동
8830e0af63fffff,14:40:00,8830e0af0bfffff,23,64.65,24.72,경기 부천시 중동
8830e0af63fffff,14:40:00,8830e0af6dfffff,18,84.11,20.86,인천 계양구 계산동
8830e0af63fffff,15:00:00,8830e0af0bfffff,26,68.85,26.2,경기 부천시 중동
8830e0af63fffff,15:20:00,8830e0af0bfffff,16,43.88,23.35,경기 부천시 중동
8830e0af63fffff,15:40:00,8830e0af0bfffff,18,59.67,26.41,경기 부천시 중동
8830e0af63fffff,15:40:00,8830e0af6dfffff,13,55.0,18.84,인천 계양구 계산동
8830e0af63fffff,16:00:00,8830e0af0bfffff,12,60.58,26.01,경기 부천시 중동
8830e0af63fffff,16:00:00,8830e0af6dfffff,11,81.09,15.54,인천 계양구 계산동
8830e0af63fffff,16:20:00,8830e0af0bfffff,12,43.92,24.91,경기 부천시 중동
8830e0af63fffff,16:20:00,8830e0af6dfffff,16,76.31,28.96,인천 계양구 계산동
8830e0af63fffff,16:40:00,8830e0af0bfffff,21,64.67,20.2,경기 부천시 중동
8830e0af63fffff,16:40:00,8830e0af6dfffff,10,54.7,18.3,인천 계양구 계산동
8830e0af63fffff,17:00:00,8830e0af0bfffff,17,68.18,18.22,경기 부천시 중동
8830e0af63fffff,17:00:00,8830e0af6dfffff,10,335.6,13.32,인천 계양구 계산동
8830e0af63fffff,17:20:00,8830e0af6dfffff,11,45.18,18.89,인천 계양구 계산동
8830e0af63fffff,17:40:00,8830e0af0bfffff,10,76.8,21.77,경기 부천시 중동
8830e0af63fffff,17:40:00,8830e0af6dfffff,10,54.1,22.42,인천 계양구 계산동
8830e0af63fffff,18:00:00,8830e0af0bfffff,15,83.0,24.51,경기 부천시 중동
8830e0af63fffff,18:00:00,8830e0af6dfffff,16,55.0,18.06,인천 계양구 계산동
8830e0af63fffff,18:20:00,8830e0af6dfffff,10,70.7,16.19,인천 계양구 계산동
8830e0af63fffff,19:40:00,8830e0af6dfffff,10,67.3,23.44,인천 계양구 계산동
8830e0af63fffff,20:20:00,8830e0af6dfffff,11,81.82,20.73,인천 계양구 계산동
8830e0af65fffff,0:00:00,8830e0af6dfffff,49,47.35,16.12,인천 계양구 계산동
8830e0af65fffff,4:40:00,8830e0af6dfffff,13,44.46,21.55,인천 계양구 계산동
8830e0af65fffff,5:00:00,8830e0af6dfffff,14,64.71,20.12,인천 계양구 계산동
8830e0af65fffff,5:40:00,8830e0af6dfffff,11,46.64,13.05,인천 계양구 계산동
8830e0af65fffff,6:00:00,8830e0af6dfffff,11,183.45,19.48,인천 계양구 계산동
8830e0af65fffff,6:20:00,8830e0af6dfffff,10,147.7,20.32,인천 계양구 계산동
8830e0af65fffff,6:40:00,8830e0af6dfffff,12,155.58,30.28,인천 계양구 계산동
8830e0af65fffff,7:20:00,8830e0af6dfffff,12,68.75,28.4,인천 계양구 계산동
8830e0af65fffff,7:40:00,8830e0af6dfffff,11,108.18,24.84,인천 계양구 계산동
8830e0af65fffff,8:00:00,8830e0af6dfffff,19,62.74,17.8,인천 계양구 계산동
8830e0af65fffff,8:20:00,8830e0af6dfffff,37,77.46,22.79,인천 계양구 계산동
8830e0af65fffff,8:40:00,8830e0af6dfffff,34,94.56,21.46,인천 계양구 계산동
8830e0af65fffff,9:00:00,8830e0af0bfffff,14,62.21,26.56,경기 부천시 중동
8830e0af65fffff,9:00:00,8830e0af6dfffff,48,78.29,25.98,인천 계양구 계산동
8830e0af65fffff,9:20:00,8830e0af6dfffff,40,65.93,16.84,인천 계양구 계산동
8830e0af65fffff,9:40:00,8830e0af6dfffff,37,79.19,33.63,인천 계양구 계산동
8830e0af65fffff,10:00:00,8830e0af6dfffff,38,79.68,25.02,인천 계양구 계산동
8830e0af65fffff,10:20:00,8830e0af6dfffff,34,67.91,30.74,인천 계양구 계산동
8830e0af65fffff,10:40:00,8830e0af6dfffff,37,110.7,23.39,인천 계양구 계산동
8830e0af65fffff,11:00:00,8830e0af6dfffff,34,66.12,21.66,인천 계양구 계산동
8830e0af65fffff,11:20:00,8830e0af6dfffff,40,78.8,21.81,인천 계양구 계산동
8830e0af65fffff,11:40:00,8830e0af6dfffff,49,66.37,18.76,인천 계양구 계산동
8830e0af65fffff,12:00:00,8830e0af6dfffff,32,67.88,21.71,인천 계양구 계산동
8830e0af65fffff,12:20:00,8830e0af6dfffff,36,65.19,20.96,인천 계양구 계산동
8830e0af65fffff,12:40:00,8830e0af6dfffff,38,75.29,23.49,인천 계양구 계산동
8830e0af65fffff,13:00:00,8830e0af0bfffff,10,69.3,29.62,경기 부천시 중동
8830e0af65fffff,13:00:00,8830e0af6dfffff,40,81.7,25.01,인천 계양구 계산동
8830e0af65fffff,13:20:00,8830e0af6dfffff,39,65.72,22.07,인천 계양구 계산동
8830e0af65fffff,13:40:00,8830e0af6dfffff,46,90.52,21.76,인천 계양구 계산동
8830e0af65fffff,14:00:00,8830e0af6dfffff,39,61.33,21.58,인천 계양구 계산동
8830e0af65fffff,14:20:00,8830e0af6dfffff,25,80.52,26.71,인천 계양구 계산동
8830e0af65fffff,14:40:00,8830e0af6dfffff,48,62.21,21.32,인천 계양구 계산동
8830e0af65fffff,15:00:00,8830e0af6dfffff,39,68.31,18.58,인천 계양구 계산동
8830e0af65fffff,15:20:00,8830e0af6dfffff,41,57.41,25.71,인천 계양구 계산동
8830e0af65fffff,15:40:00,8830e0af6dfffff,36,69.44,22.92,인천 계양구 계산동
8830e0af65fffff,16:00:00,8830e0af6dfffff,26,71.42,22.03,인천 계양구 계산동
8830e0af65fffff,16:20:00,8830e0af6dfffff,31,74.55,19.77,인천 계양구 계산동
8830e0af65fffff,16:40:00,8830e0af6dfffff,20,68.65,23.38,인천 계양구 계산동
8830e0af65fffff,17:00:00,8830e0a1b1fffff,10,136.3,27.32,경기 부천시 오정동
8830e0af65fffff,17:00:00,8830e0af6dfffff,32,59.88,22.59,인천 계양구 계산동
8830e0af65fffff,17:20:00,8830e0af6dfffff,34,67.65,23.23,인천 계양구 계산동
8830e0af65fffff,17:40:00,8830e0af6dfffff,20,50.65,21.53,인천 계양구 계산동
8830e0af65fffff,18:00:00,8830e0af6dfffff,22,49.41,19.84,인천 계양구 계산동
8830e0af65fffff,18:20:00,8830e0af6dfffff,33,70.36,26.17,인천 계양구 계산동
8830e0af65fffff,18:40:00,8830e0af6dfffff,17,51.71,19.81,인천 계양구 계산동
8830e0af65fffff,19:00:00,8830e0af6dfffff,20,52.9,17.74,인천 계양구 계산동
8830e0af65fffff,19:20:00,8830e0af6dfffff,21,54.33,21.5,인천 계양구 계산동
8830e0af65fffff,19:40:00,8830e0af6dfffff,22,67.18,19.87,인천 계양구 계산동
8830e0af65fffff,20:00:00,8830e0af6dfffff,18,61.0,23.77,인천 계양구 계산동
8830e0af65fffff,20:20:00,8830e0af6dfffff,27,45.26,22.29,인천 계양구 계산동
8830e0af65fffff,20:40:00,8830e0af6dfffff,25,65.6,17.07,인천 계양구 계산동
8830e0af65fffff,21:00:00,8830e0af6dfffff,18,43.78,16.82,인천 계양구 계산동
8830e0af65fffff,21:20:00,8830e0af6dfffff,14,69.29,15.3,인천 계양구 계산동
8830e0af65fffff,22:00:00,8830e0af6dfffff,15,60.0,20.79,인천 계양구 계산동
8830e0af65fffff,22:20:00,8830e0af6dfffff,21,52.1,20.38,인천 계양구 계산동
8830e0af67fffff,8:20:00,8830e0af6dfffff,13,79.62,21.19,인천 계양구 계산동
8830e0af67fffff,9:40:00,8830e0af6dfffff,13,63.62,25.56,인천 계양구 계산동
8830e0af67fffff,10:00:00,8830e0af6dfffff,15,80.93,19.37,인천 계양구 계산동
8830e0af67fffff,10:20:00,8830e0af6dfffff,11,67.09,16.2,인천 계양구 계산동
8830e0af67fffff,11:20:00,8830e0af6dfffff,14,103.5,26.09,인천 계양구 계산동
8830e0af67fffff,12:00:00,8830e0af6dfffff,18,48.39,18.85,인천 계양구 계산동
8830e0af67fffff,12:20:00,8830e0af6dfffff,17,62.59,15.48,인천 계양구 계산동
8830e0af67fffff,13:00:00,8830e0af6dfffff,13,55.92,19.19,인천 계양구 계산동
8830e0af67fffff,13:20:00,8830e0af6dfffff,16,70.5,20.05,인천 계양구 계산동
8830e0af67fffff,14:00:00,8830e0af6dfffff,22,72.64,18.16,인천 계양구 계산동
8830e0af67fffff,14:20:00,8830e0af6dfffff,11,69.09,22.35,인천 계양구 계산동
8830e0af67fffff,15:00:00,8830e0af6dfffff,10,57.4,30.54,인천 계양구 계산동
8830e0af67fffff,15:20:00,8830e0af6dfffff,17,55.0,21.42,인천 계양구 계산동
8830e0af67fffff,15:40:00,8830e0af6dfffff,14,73.71,18.06,인천 계양구 계산동
8830e0af67fffff,16:00:00,8830e0af6dfffff,10,64.8,25.59,인천 계양구 계산동
8830e0af67fffff,16:20:00,8830e0af6dfffff,12,56.58,18.57,인천 계양구 계산동
8830e0af67fffff,16:40:00,8830e0af6dfffff,15,59.0,18.71,인천 계양구 계산동
8830e0af67fffff,17:20:00,8830e0af6dfffff,14,74.93,17.99,인천 계양구 계산동
8830e0af67fffff,17:40:00,8830e0af6dfffff,11,55.91,15.74,인천 계양구 계산동
8830e0af67fffff,18:00:00,8830e0af6dfffff,12,43.0,15.59,인천 계양구 계산동
8830e0af67fffff,18:40:00,8830e0af6dfffff,11,55.09,23.8,인천 계양구 계산동
8830e0af67fffff,19:40:00,8830e0af6dfffff,10,117.1,45.33,인천 계양구 계산동
8830e0af67fffff,20:40:00,8830e0af6dfffff,11,73.82,29.72,인천 계양구 계산동
8830e0af69fffff,0:00:00,8830e0af6dfffff,76,54.04,19.83,인천 계양구 계산동
8830e0af69fffff,0:40:00,8830e0af6dfffff,19,49.32,20.41,인천 계양구 계산동
8830e0af69fffff,3:00:00,8830e0af6dfffff,13,45.85,24.61,인천 계양구 계산동
8830e0af69fffff,4:00:00,8830e0af6dfffff,11,109.82,34.3,인천 계양구 계산동
8830e0af69fffff,4:40:00,8830e035ddfffff,10,65.6,42.15,Beom_Gye
8830e0af69fffff,4:40:00,8830e0af6dfffff,11,100.73,37.65,인천 계양구 계산동
8830e0af69fffff,6:40:00,8830e0af6dfffff,20,74.7,19.01,인천 계양구 계산동
8830e0af69fffff,7:00:00,8830e0af6dfffff,18,119.78,29.3,인천 계양구 계산동
8830e0af69fffff,7:20:00,8830e0af6dfffff,16,96.88,22.66,인천 계양구 계산동
8830e0af69fffff,7:40:00,8830e0af6dfffff,23,74.04,25.57,인천 계양구 계산동
8830e0af69fffff,8:00:00,8830e0af6dfffff,23,55.04,20.96,인천 계양구 계산동
8830e0af69fffff,8:20:00,8830e0af6dfffff,35,70.54,24.16,인천 계양구 계산동
8830e0af69fffff,8:40:00,8830e0af0bfffff,19,41.68,24.98,경기 부천시 중동
8830e0af69fffff,8:40:00,8830e0af6dfffff,39,81.77,23.19,인천 계양구 계산동
8830e0af69fffff,9:00:00,8830e0af0bfffff,14,66.71,32.87,경기 부천시 중동
8830e0af69fffff,9:00:00,8830e0af6dfffff,36,73.83,23.71,인천 계양구 계산동
8830e0af69fffff,9:20:00,8830e0af0bfffff,17,64.71,21.59,경기 부천시 중동
8830e0af69fffff,9:20:00,8830e0af6dfffff,39,79.08,24.22,인천 계양구 계산동
8830e0af69fffff,9:40:00,8830e0af6dfffff,43,87.72,23.64,인천 계양구 계산동
8830e0af69fffff,10:00:00,8830e0af6dfffff,54,78.69,21.44,인천 계양구 계산동
8830e0af69fffff,10:20:00,8830e0af6dfffff,58,91.03,24.07,인천 계양구 계산동
8830e0af69fffff,10:40:00,8830e0af6dfffff,65,77.05,44.36,인천 계양구 계산동
8830e0af69fffff,11:00:00,8830e0af0bfffff,14,61.0,40.15,경기 부천시 중동
8830e0af69fffff,11:00:00,8830e0af6dfffff,55,53.56,17.03,인천 계양구 계산동
8830e0af69fffff,11:20:00,8830e0af0bfffff,11,55.55,23.36,경기 부천시 중동
8830e0af69fffff,11:20:00,8830e0af6dfffff,62,76.34,25.53,인천 계양구 계산동
8830e0af69fffff,11:40:00,8830e0af0bfffff,12,49.83,21.45,경기 부천시 중동
8830e0af69fffff,11:40:00,8830e0af6dfffff,58,63.62,21.58,인천 계양구 계산동
8830e0af69fffff,12:00:00,8830e0af0bfffff,12,43.75,16.83,경기 부천시 중동
8830e0af69fffff,12:00:00,8830e0af6dfffff,60,65.33,22.54,인천 계양구 계산동
8830e0af69fffff,12:20:00,8830e0af0bfffff,12,47.83,22.22,경기 부천시 중동
8830e0af69fffff,12:20:00,8830e0af6dfffff,48,63.85,24.02,인천 계양구 계산동
8830e0af69fffff,12:40:00,8830e0af0bfffff,11,62.0,25.76,경기 부천시 중동
8830e0af69fffff,12:40:00,8830e0af6dfffff,70,59.24,20.39,인천 계양구 계산동
8830e0af69fffff,13:00:00,8830e0a1b1fffff,11,55.36,24.95,경기 부천시 오정동
8830e0af69fffff,13:00:00,8830e0af6dfffff,76,56.84,20.88,인천 계양구 계산동
8830e0af69fffff,13:20:00,8830e0a1b1fffff,13,77.08,25.16,경기 부천시 오정동
8830e0af69fffff,13:20:00,8830e0af0bfffff,15,53.27,25.92,경기 부천시 중동
8830e0af69fffff,13:20:00,8830e0af6dfffff,68,65.68,20.68,인천 계양구 계산동
8830e0af69fffff,13:40:00,8830e0a1b1fffff,16,64.06,25.35,경기 부천시 오정동
8830e0af69fffff,13:40:00,8830e0af6dfffff,71,72.72,22.21,인천 계양구 계산동
8830e0af69fffff,14:00:00,8830e0a1b1fffff,11,83.09,30.96,경기 부천시 오정동
8830e0af69fffff,14:00:00,8830e0af0bfffff,15,77.13,34.69,경기 부천시 중동
8830e0af69fffff,14:00:00,8830e0af6dfffff,72,67.0,25.42,인천 계양구 계산동
8830e0af69fffff,14:20:00,8830e0a1b1fffff,10,58.8,28.6,경기 부천시 오정동
8830e0af69fffff,14:20:00,8830e0af6dfffff,78,62.21,20.36,인천 계양구 계산동
8830e0af69fffff,14:40:00,8830e0a1b1fffff,12,59.42,27.39,경기 부천시 오정동
8830e0af69fffff,14:40:00,8830e0af0bfffff,11,57.55,25.27,경기 부천시 중동
8830e0af69fffff,14:40:00,8830e0af6dfffff,63,63.79,22.24,인천 계양구 계산동
8830e0af69fffff,15:00:00,8830e0af0bfffff,10,54.5,19.73,경기 부천시 중동
8830e0af69fffff,15:00:00,8830e0af6dfffff,76,61.76,18.48,인천 계양구 계산동
8830e0af69fffff,15:20:00,8830e0a1b1fffff,13,43.38,23.17,경기 부천시 오정동
8830e0af69fffff,15:20:00,8830e0af6dfffff,75,56.85,21.62,인천 계양구 계산동
8830e0af69fffff,15:40:00,8830e0a1b1fffff,14,55.43,26.11,경기 부천시 오정동
8830e0af69fffff,15:40:00,8830e0af6dfffff,60,61.45,22.63,인천 계양구 계산동
8830e0af69fffff,16:00:00,8830e0a1b1fffff,13,61.31,27.25,경기 부천시 오정동
8830e0af69fffff,16:00:00,8830e0af6dfffff,62,52.29,20.2,인천 계양구 계산동
8830e0af69fffff,16:20:00,8830e0a1b1fffff,16,57.88,24.57,경기 부천시 오정동
8830e0af69fffff,16:20:00,8830e0af0bfffff,11,62.82,31.23,경기 부천시 중동
8830e0af69fffff,16:20:00,8830e0af6dfffff,65,68.17,125.88,인천 계양구 계산동
8830e0af69fffff,16:40:00,8830e0a1b1fffff,13,51.54,23.74,경기 부천시 오정동
8830e0af69fffff,16:40:00,8830e0af0bfffff,16,48.56,26.72,경기 부천시 중동
8830e0af69fffff,16:40:00,8830e0af6dfffff,57,76.37,20.4,인천 계양구 계산동
8830e0af69fffff,17:00:00,8830e0a1b1fffff,14,52.14,24.66,경기 부천시 오정동
8830e0af69fffff,17:00:00,8830e0af0bfffff,11,40.09,22.13,경기 부천시 중동
8830e0af69fffff,17:00:00,8830e0af6dfffff,52,65.79,21.62,인천 계양구 계산동
8830e0af69fffff,17:20:00,8830e0a1b1fffff,12,53.58,27.9,경기 부천시 오정동
8830e0af69fffff,17:20:00,8830e0af6dfffff,55,61.4,21.0,인천 계양구 계산동
8830e0af69fffff,17:40:00,8830e0a1b1fffff,14,51.43,22.82,경기 부천시 오정동
8830e0af69fffff,17:40:00,8830e0af0bfffff,14,49.57,28.04,경기 부천시 중동
8830e0af69fffff,17:40:00,8830e0af6dfffff,57,90.6,20.16,인천 계양구 계산동
8830e0af69fffff,18:00:00,8830e0a1b1fffff,22,42.45,21.61,경기 부천시 오정동
8830e0af69fffff,18:00:00,8830e0af6dfffff,60,64.88,21.7,인천 계양구 계산동
8830e0af69fffff,18:20:00,8830e0a1b1fffff,16,49.25,28.41,경기 부천시 오정동
8830e0af69fffff,18:20:00,8830e0af0bfffff,12,57.58,27.08,경기 부천시 중동
8830e0af69fffff,18:20:00,8830e0af6dfffff,41,70.73,17.99,인천 계양구 계산동
8830e0af69fffff,18:40:00,8830e0a1b1fffff,11,43.82,24.18,경기 부천시 오정동
8830e0af69fffff,18:40:00,8830e0af6dfffff,45,65.62,23.26,인천 계양구 계산동
8830e0af69fffff,19:00:00,8830e0af6dfffff,52,67.23,19.78,인천 계양구 계산동
8830e0af69fffff,19:20:00,8830e0af6dfffff,36,61.75,20.31,인천 계양구 계산동
8830e0af69fffff,19:40:00,8830e0af6dfffff,48,75.27,19.25,인천 계양구 계산동
8830e0af69fffff,20:00:00,8830e0af6dfffff,41,62.95,23.09,인천 계양구 계산동
8830e0af69fffff,20:20:00,8830e0af6dfffff,38,51.16,20.87,인천 계양구 계산동
8830e0af69fffff,20:40:00,8830e0af6dfffff,44,68.09,20.37,인천 계양구 계산동
8830e0af69fffff,21:00:00,8830e0af6dfffff,34,66.03,25.45,인천 계양구 계산동
8830e0af69fffff,21:20:00,8830e0af6dfffff,28,54.71,26.69,인천 계양구 계산동
8830e0af69fffff,21:40:00,8830e0af6dfffff,23,56.48,21.06,인천 계양구 계산동
8830e0af69fffff,22:00:00,8830e0af6dfffff,27,91.52,23.8,인천 계양구 계산동
8830e0af69fffff,22:20:00,8830e0af6dfffff,16,46.63,26.7,인천 계양구 계산동
8830e0af69fffff,22:40:00,8830e0af6dfffff,22,54.77,17.94,인천 계양구 계산동
8830e0af69fffff,23:00:00,8830e0af6dfffff,20,47.2,13.94,인천 계양구 계산동
8830e0af6bfffff,0:00:00,8830e0af6dfffff,13,59.69,24.45,인천 계양구 계산동
8830e0af6bfffff,7:20:00,8830e0ae99fffff,15,51.53,40.68,서울 강서구 등촌동
8830e0af6bfffff,7:40:00,8830e0af0bfffff,11,50.73,23.0,경기 부천시 중동
8830e0af6bfffff,8:00:00,8830e0af6dfffff,10,70.4,22.22,인천 계양구 계산동
8830e0af6bfffff,8:20:00,8830e0af0bfffff,20,60.15,26.62,경기 부천시 중동
8830e0af6bfffff,8:20:00,8830e0af6dfffff,13,67.15,19.84,인천 계양구 계산동
8830e0af6bfffff,8:40:00,8830e0af0bfffff,22,50.14,33.15,경기 부천시 중동
8830e0af6bfffff,9:00:00,8830e0af0bfffff,18,70.61,25.67,경기 부천시 중동
8830e0af6bfffff,9:20:00,8830e0af0bfffff,21,65.1,25.77,경기 부천시 중동
8830e0af6bfffff,9:20:00,8830e0af6dfffff,14,97.71,30.55,인천 계양구 계산동
8830e0af6bfffff,9:40:00,8830e0af0bfffff,14,60.14,22.81,경기 부천시 중동
8830e0af6bfffff,9:40:00,8830e0af6dfffff,14,85.29,23.81,인천 계양구 계산동
8830e0af6bfffff,10:00:00,8830e0af0bfffff,26,49.38,24.77,경기 부천시 중동
8830e0af6bfffff,10:00:00,8830e0af6dfffff,17,67.71,21.98,인천 계양구 계산동
8830e0af6bfffff,10:20:00,8830e0af0bfffff,14,177.07,28.28,경기 부천시 중동
8830e0af6bfffff,10:20:00,8830e0af6dfffff,17,45.94,23.17,인천 계양구 계산동
8830e0af6bfffff,10:40:00,8830e0af0bfffff,21,47.81,23.51,경기 부천시 중동
8830e0af6bfffff,10:40:00,8830e0af6dfffff,13,59.15,21.08,인천 계양구 계산동
8830e0af6bfffff,11:00:00,8830e0af0bfffff,14,54.43,27.95,경기 부천시 중동
8830e0af6bfffff,11:00:00,8830e0af6dfffff,15,70.0,32.25,인천 계양구 계산동
8830e0af6bfffff,11:20:00,8830e0af0bfffff,17,69.47,19.63,경기 부천시 중동
8830e0af6bfffff,11:20:00,8830e0af6dfffff,20,73.65,21.5,인천 계양구 계산동
8830e0af6bfffff,11:40:00,8830e0af0bfffff,13,53.85,25.96,경기 부천시 중동
8830e0af6bfffff,11:40:00,8830e0af6dfffff,16,75.56,26.21,인천 계양구 계산동
8830e0af6bfffff,12:00:00,8830e0af0bfffff,19,64.0,29.65,경기 부천시 중동
8830e0af6bfffff,12:00:00,8830e0af6dfffff,15,83.13,21.85,인천 계양구 계산동
8830e0af6bfffff,12:20:00,8830e0af0bfffff,23,56.17,25.38,경기 부천시 중동
8830e0af6bfffff,12:20:00,8830e0af6dfffff,12,51.42,14.88,인천 계양구 계산동
8830e0af6bfffff,12:40:00,8830e0af0bfffff,14,53.07,19.03,경기 부천시 중동
8830e0af6bfffff,12:40:00,8830e0af6dfffff,15,52.47,24.19,인천 계양구 계산동
8830e0af6bfffff,13:00:00,8830e0af0bfffff,20,75.4,14.42,경기 부천시 중동
8830e0af6bfffff,13:00:00,8830e0af6dfffff,17,55.65,27.73,인천 계양구 계산동
8830e0af6bfffff,13:20:00,8830e0af0bfffff,21,55.1,22.76,경기 부천시 중동
8830e0af6bfffff,13:20:00,8830e0af6dfffff,15,69.07,25.65,인천 계양구 계산동
8830e0af6bfffff,13:40:00,8830e0af0bfffff,21,63.9,23.37,경기 부천시 중동
8830e0af6bfffff,13:40:00,8830e0af6dfffff,10,60.1,25.42,인천 계양구 계산동
8830e0af6bfffff,14:00:00,8830e0af0bfffff,16,48.44,24.78,경기 부천시 중동
8830e0af6bfffff,14:00:00,8830e0af6dfffff,13,60.0,20.51,인천 계양구 계산동
8830e0af6bfffff,14:20:00,8830e0af0bfffff,19,64.74,29.29,경기 부천시 중동
8830e0af6bfffff,14:20:00,8830e0af6dfffff,20,71.35,25.78,인천 계양구 계산동
8830e0af6bfffff,14:40:00,8830e0af0bfffff,20,68.15,29.77,경기 부천시 중동
8830e0af6bfffff,14:40:00,8830e0af6dfffff,18,79.11,24.72,인천 계양구 계산동
8830e0af6bfffff,15:00:00,8830e0af0bfffff,25,54.84,30.4,경기 부천시 중동
8830e0af6bfffff,15:00:00,8830e0af6dfffff,20,90.25,23.12,인천 계양구 계산동
8830e0af6bfffff,15:20:00,8830e0af0bfffff,15,62.4,28.66,경기 부천시 중동
8830e0af6bfffff,15:20:00,8830e0af6dfffff,19,60.47,21.63,인천 계양구 계산동
8830e0af6bfffff,15:40:00,8830e0af0bfffff,14,48.5,22.94,경기 부천시 중동
8830e0af6bfffff,16:00:00,8830e0af0bfffff,16,60.56,21.89,경기 부천시 중동
8830e0af6bfffff,16:00:00,8830e0af6dfffff,18,63.17,22.47,인천 계양구 계산동
8830e0af6bfffff,16:20:00,8830e0af0bfffff,12,76.42,25.66,경기 부천시 중동
8830e0af6bfffff,16:40:00,8830e0af0bfffff,12,60.67,27.56,경기 부천시 중동
8830e0af6bfffff,16:40:00,8830e0af6dfffff,15,95.53,22.82,인천 계양구 계산동
8830e0af6bfffff,17:00:00,8830e0af6dfffff,12,115.58,23.24,인천 계양구 계산동
8830e0af6bfffff,17:20:00,8830e0af0bfffff,16,50.69,21.54,경기 부천시 중동
8830e0af6bfffff,17:20:00,8830e0af6dfffff,18,43.22,20.29,인천 계양구 계산동
8830e0af6bfffff,17:40:00,8830e0af0bfffff,13,70.08,20.17,경기 부천시 중동
8830e0af6bfffff,17:40:00,8830e0af6dfffff,20,70.55,25.6,인천 계양구 계산동
8830e0af6bfffff,18:00:00,8830e0af6dfffff,14,52.0,21.83,인천 계양구 계산동
8830e0af6bfffff,18:20:00,8830e0af6dfffff,12,40.67,17.15,인천 계양구 계산동
8830e0af6dfffff,0:00:00,8830e0af6dfffff,704,54.95,14.95,인천 계양구 계산동
8830e0af6dfffff,0:20:00,8830e0af6dfffff,51,52.98,20.52,인천 계양구 계산동
8830e0af6dfffff,0:40:00,8830e0af6dfffff,62,62.52,16.97,인천 계양구 계산동
8830e0af6dfffff,1:00:00,8830e0af6dfffff,59,103.69,14.74,인천 계양구 계산동
8830e0af6dfffff,1:20:00,8830e0af6dfffff,60,223.97,19.08,인천 계양구 계산동
8830e0af6dfffff,1:40:00,8830e0af6dfffff,64,60.48,18.68,인천 계양구 계산동
8830e0af6dfffff,2:00:00,8830e0af6dfffff,45,65.07,17.83,인천 계양구 계산동
8830e0af6dfffff,2:20:00,8830e0af6dfffff,39,54.21,18.49,인천 계양구 계산동
8830e0af6dfffff,2:40:00,8830e0af6dfffff,37,53.68,17.29,인천 계양구 계산동
8830e0af6dfffff,3:00:00,8830e0af6dfffff,38,60.47,15.83,인천 계양구 계산동
8830e0af6dfffff,3:20:00,8830e0af6dfffff,41,73.98,22.24,인천 계양구 계산동
8830e0af6dfffff,3:40:00,8830e0af6dfffff,33,54.12,13.98,인천 계양구 계산동
8830e0af6dfffff,4:00:00,8830e0af6dfffff,39,64.95,19.47,인천 계양구 계산동
8830e0af6dfffff,4:20:00,8830e0af6dfffff,34,59.09,19.24,인천 계양구 계산동
8830e0af6dfffff,4:40:00,8830e0af6dfffff,66,167.74,43.28,인천 계양구 계산동
8830e0af6dfffff,5:00:00,8830e0af6dfffff,76,86.99,30.55,인천 계양구 계산동
8830e0af6dfffff,5:20:00,8830e0af6dfffff,61,97.56,26.83,인천 계양구 계산동
8830e0af6dfffff,5:40:00,8830e0af6dfffff,59,92.86,19.01,인천 계양구 계산동
8830e0af6dfffff,6:00:00,8830e0af6dfffff,99,109.17,23.98,인천 계양구 계산동
8830e0af6dfffff,6:20:00,8830e0af6dfffff,76,98.41,21.87,인천 계양구 계산동
8830e0af6dfffff,6:40:00,8830e0af6dfffff,87,96.61,24.52,인천 계양구 계산동
8830e0af6dfffff,7:00:00,8830e0af6dfffff,121,84.01,20.51,인천 계양구 계산동
8830e0af6dfffff,7:20:00,8830e0af6dfffff,108,95.06,22.61,인천 계양구 계산동
8830e0af6dfffff,7:40:00,8830e0af6dfffff,125,105.91,20.15,인천 계양구 계산동
8830e0af6dfffff,8:00:00,8830e0af6dfffff,136,121.05,22.88,인천 계양구 계산동
8830e0af6dfffff,8:20:00,8830e0af6dfffff,147,84.59,20.1,인천 계양구 계산동
8830e0af6dfffff,8:40:00,8830e0af6dfffff,188,80.06,24.14,인천 계양구 계산동
8830e0af6dfffff,9:00:00,8830e0af0bfffff,10,58.2,21.79,경기 부천시 중동
8830e0af6dfffff,9:00:00,8830e0af6dfffff,238,77.64,25.56,인천 계양구 계산동
8830e0af6dfffff,9:20:00,8830e0af6dfffff,248,90.17,24.81,인천 계양구 계산동
8830e0af6dfffff,9:40:00,8830e0af6dfffff,275,78.09,23.28,인천 계양구 계산동
8830e0af6dfffff,10:00:00,8830e0af6dfffff,281,75.83,24.68,인천 계양구 계산동
8830e0af6dfffff,10:20:00,8830e0af0bfffff,11,69.82,21.93,경기 부천시 중동
8830e0af6dfffff,10:20:00,8830e0af6dfffff,320,76.27,23.44,인천 계양구 계산동
8830e0af6dfffff,10:40:00,8830e0af6dfffff,311,83.86,20.47,인천 계양구 계산동
8830e0af6dfffff,11:00:00,8830e0af6dfffff,335,76.73,22.13,인천 계양구 계산동
8830e0af6dfffff,11:20:00,8830e0af6dfffff,340,68.68,24.31,인천 계양구 계산동
8830e0af6dfffff,11:40:00,8830e0af6dfffff,340,66.76,22.56,인천 계양구 계산동
8830e0af6dfffff,12:00:00,8830e0a1b1fffff,10,63.7,32.9,경기 부천시 오정동
8830e0af6dfffff,12:00:00,8830e0af0bfffff,18,58.89,26.05,경기 부천시 중동
8830e0af6dfffff,12:00:00,8830e0af6dfffff,364,76.76,22.53,인천 계양구 계산동
8830e0af6dfffff,12:20:00,8830e0af6dfffff,352,71.51,22.78,인천 계양구 계산동
8830e0af6dfffff,12:40:00,8830e0af6dfffff,349,81.2,23.41,인천 계양구 계산동
8830e0af6dfffff,13:00:00,8830e0a1b1fffff,12,115.5,26.51,경기 부천시 오정동
8830e0af6dfffff,13:00:00,8830e0af0bfffff,19,58.42,27.49,경기 부천시 중동
8830e0af6dfffff,13:00:00,8830e0af6dfffff,389,68.4,23.84,인천 계양구 계산동
8830e0af6dfffff,13:20:00,8830e0af0bfffff,12,78.17,26.96,경기 부천시 중동
8830e0af6dfffff,13:20:00,8830e0af6dfffff,388,74.46,22.87,인천 계양구 계산동
8830e0af6dfffff,13:40:00,8830e0af0bfffff,11,62.45,43.29,경기 부천시 중동
8830e0af6dfffff,13:40:00,8830e0af6dfffff,376,78.6,25.08,인천 계양구 계산동
8830e0af6dfffff,14:00:00,8830e0af6dfffff,407,71.68,21.88,인천 계양구 계산동
8830e0af6dfffff,14:20:00,8830e0a1b1fffff,10,179.0,21.36,경기 부천시 오정동
8830e0af6dfffff,14:20:00,8830e0af6dfffff,365,68.74,24.83,인천 계양구 계산동
8830e0af6dfffff,14:40:00,8830e0a1b1fffff,11,64.55,28.19,경기 부천시 오정동
8830e0af6dfffff,14:40:00,8830e0af0bfffff,16,57.94,27.74,경기 부천시 중동
8830e0af6dfffff,14:40:00,8830e0af6dfffff,338,71.09,23.67,인천 계양구 계산동
8830e0af6dfffff,15:00:00,8830e0af0bfffff,13,44.31,31.41,경기 부천시 중동
8830e0af6dfffff,15:00:00,8830e0af6dfffff,364,66.92,22.72,인천 계양구 계산동
8830e0af6dfffff,15:20:00,8830e0a1b1fffff,11,68.45,30.4,경기 부천시 오정동
8830e0af6dfffff,15:20:00,8830e0af0bfffff,11,48.18,29.79,경기 부천시 중동
8830e0af6dfffff,15:20:00,8830e0af6dfffff,317,68.87,20.81,인천 계양구 계산동
8830e0af6dfffff,15:40:00,8830e0a1b1fffff,12,53.58,29.39,경기 부천시 오정동
8830e0af6dfffff,15:40:00,8830e0af6dfffff,338,65.41,20.4,인천 계양구 계산동
8830e0af6dfffff,16:00:00,8830e0a1b1fffff,17,61.35,27.98,경기 부천시 오정동
8830e0af6dfffff,16:00:00,8830e0af6dfffff,296,61.99,35.87,인천 계양구 계산동
8830e0af6dfffff,16:20:00,8830e0a1b1fffff,19,65.79,29.23,경기 부천시 오정동
8830e0af6dfffff,16:20:00,8830e0af6dfffff,298,72.55,22.25,인천 계양구 계산동
8830e0af6dfffff,16:40:00,8830e0a1b1fffff,16,70.0,26.73,경기 부천시 오정동
8830e0af6dfffff,16:40:00,8830e0af0bfffff,14,59.14,23.96,경기 부천시 중동
8830e0af6dfffff,16:40:00,8830e0af6dfffff,281,68.19,23.36,인천 계양구 계산동
8830e0af6dfffff,17:00:00,8830e0a1b1fffff,15,65.6,23.26,경기 부천시 오정동
8830e0af6dfffff,17:00:00,8830e0af0bfffff,14,101.71,20.11,경기 부천시 중동
8830e0af6dfffff,17:00:00,8830e0af6dfffff,269,82.91,22.68,인천 계양구 계산동
8830e0af6dfffff,17:20:00,8830e0a1b1fffff,14,64.93,24.09,경기 부천시 오정동
8830e0af6dfffff,17:20:00,8830e0af0bfffff,22,57.32,27.24,경기 부천시 중동
8830e0af6dfffff,17:20:00,8830e0af6dfffff,292,70.35,21.25,인천 계양구 계산동
8830e0af6dfffff,17:40:00,8830e0a1b1fffff,11,88.55,21.41,경기 부천시 오정동
8830e0af6dfffff,17:40:00,8830e0af0bfffff,15,55.27,27.36,경기 부천시 중동
8830e0af6dfffff,17:40:00,8830e0af6dfffff,261,60.28,21.66,인천 계양구 계산동
8830e0af6dfffff,18:00:00,8830e0a1b1fffff,21,63.67,25.97,경기 부천시 오정동
8830e0af6dfffff,18:00:00,8830e0af0bfffff,21,61.14,28.87,경기 부천시 중동
8830e0af6dfffff,18:00:00,8830e0af6dfffff,266,65.54,22.02,인천 계양구 계산동
8830e0af6dfffff,18:20:00,8830e0a1b1fffff,11,78.73,28.9,경기 부천시 오정동
8830e0af6dfffff,18:20:00,8830e0af0bfffff,12,57.42,21.9,경기 부천시 중동
8830e0af6dfffff,18:20:00,8830e0af6dfffff,261,62.24,21.67,인천 계양구 계산동
8830e0af6dfffff,18:40:00,8830e0a1b1fffff,14,68.79,25.64,경기 부천시 오정동
8830e0af6dfffff,18:40:00,8830e0af6dfffff,266,65.94,22.23,인천 계양구 계산동
8830e0af6dfffff,19:00:00,8830e0a1b1fffff,14,87.71,20.77,경기 부천시 오정동
8830e0af6dfffff,19:00:00,8830e0af6dfffff,244,57.08,22.9,인천 계양구 계산동
8830e0af6dfffff,19:20:00,8830e0af6dfffff,230,56.73,19.53,인천 계양구 계산동
8830e0af6dfffff,19:40:00,8830e0af6dfffff,242,60.83,22.91,인천 계양구 계산동
8830e0af6dfffff,20:00:00,8830e0a1b1fffff,11,45.82,31.01,경기 부천시 오정동
8830e0af6dfffff,20:00:00,8830e0af6dfffff,231,62.78,22.46,인천 계양구 계산동
8830e0af6dfffff,20:20:00,8830e0af6dfffff,253,57.93,23.2,인천 계양구 계산동
8830e0af6dfffff,20:40:00,8830e0af6dfffff,196,60.29,22.02,인천 계양구 계산동
8830e0af6dfffff,21:00:00,8830e0a1b1fffff,12,56.83,24.91,경기 부천시 오정동
8830e0af6dfffff,21:00:00,8830e0af6dfffff,195,65.34,20.32,인천 계양구 계산동
8830e0af6dfffff,21:20:00,8830e0af6dfffff,197,53.67,20.5,인천 계양구 계산동
8830e0af6dfffff,21:40:00,8830e0a1b1fffff,11,59.91,26.67,경기 부천시 오정동
8830e0af6dfffff,21:40:00,8830e0af6dfffff,176,54.01,21.05,인천 계양구 계산동
8830e0af6dfffff,22:00:00,8830e0a1b1fffff,12,55.67,29.75,경기 부천시 오정동
8830e0af6dfffff,22:00:00,8830e0af6dfffff,195,57.67,21.41,인천 계양구 계산동
8830e0af6dfffff,22:20:00,8830e0af6dfffff,154,55.08,20.45,인천 계양구 계산동
8830e0af6dfffff,22:40:00,8830e0af6dfffff,135,57.39,17.68,인천 계양구 계산동
8830e0af6dfffff,23:00:00,8830e0af6dfffff,150,47.28,15.09,인천 계양구 계산동
8830e0af6dfffff,23:20:00,8830e0af6dfffff,158,34.53,13.02,인천 계양구 계산동
8830e0b001fffff,20:00:00,8830e0a1b1fffff,10,53.5,69.25,경기 부천시 오정동
8830e0b0a7fffff,7:20:00,8830e0ae99fffff,15,68.47,67.08,서울 강서구 등촌동
8830e0b0a7fffff,7:40:00,8830e0ae99fffff,10,68.0,52.22,서울 강서구 등촌동
8830e0b0b5fffff,7:40:00,8830e0ae99fffff,10,73.7,64.44,서울 강서구 등촌동
8830e0b0e9fffff,16:40:00,8830e0ae99fffff,13,43.54,83.95,서울 강서구 등촌동
8830e0b19bfffff,7:20:00,8830e0a1b1fffff,13,41.23,39.99,경기 부천시 오정동
8830e0b1abfffff,18:20:00,8830e0a1b1fffff,10,53.6,57.11,경기 부천시 오정동
8830e0b1b5fffff,15:00:00,8830e0a1b1fffff,24,61.96,56.9,경기 부천시 오정동
8830e0b213fffff,6:40:00,8830e0aea7fffff,13,68.15,65.39,서울 양천구 목동
8830e0b4abfffff,8:40:00,8830e0ae99fffff,12,52.58,200.94,서울 강서구 등촌동
8830e0b4c5fffff,8:20:00,8830e0ac87fffff,12,68.33,85.83,서울 강서구 화곡동
8830e0b4e1fffff,7:20:00,8830e0af0bfffff,16,52.31,65.17,경기 부천시 중동
8830e0b4e7fffff,8:20:00,8830e0ac99fffff,10,72.4,87.69,Kintex
8830e0b523fffff,7:00:00,8830e0ae99fffff,30,55.17,42.02,서울 강서구 등촌동
8830e0b525fffff,7:00:00,8830e0ae99fffff,14,72.07,69.77,서울 강서구 등촌동
8830e0b525fffff,8:20:00,8830e0af0bfffff,12,56.17,62.19,경기 부천시 중동
8830e0b59bfffff,8:00:00,8830e0ae99fffff,10,63.1,50.94,서울 강서구 등촌동
8830e0b721fffff,17:20:00,8830e0a1b1fffff,13,69.69,64.23,경기 부천시 오정동
8830e0b885fffff,17:00:00,8830e0a1b1fffff,12,54.25,60.88,경기 부천시 오정동
8830e0b88bfffff,16:20:00,8830e0af6dfffff,11,71.45,41.91,인천 계양구 계산동
8830e0b895fffff,9:00:00,8830e0a1b1fffff,12,50.17,46.22,경기 부천시 오정동
8830e0b8b1fffff,7:20:00,8830e0a1b1fffff,12,48.58,50.71,경기 부천시 오정동
8830e0b8bbfffff,10:00:00,8830e0af6dfffff,14,53.29,56.01,인천 계양구 계산동
8830e0b8bbfffff,16:00:00,8830e0a1b1fffff,11,50.27,64.28,경기 부천시 오정동
8830e0b911fffff,7:40:00,8830e0ae99fffff,16,52.38,63.99,서울 강서구 등촌동
8830e0b917fffff,7:40:00,8830e0af6dfffff,16,68.81,60.2,인천 계양구 계산동
8830e14a87fffff,6:40:00,8830e1530dfffff,10,50.3,73.97,Bundang_Townhall
8830e14aabfffff,6:40:00,8830e024dbfffff,10,75.6,105.92,경기 성남시 분당구 서현동
8830e14abdfffff,22:40:00,8830e025a5fffff,13,44.77,85.58,경기 수원시 영통구 원천동
8830e14eb3fffff,17:40:00,8830e024dbfffff,13,77.31,79.15,경기 성남시 분당구 서현동
8830e1508dfffff,7:20:00,8830e024dbfffff,17,51.76,58.19,경기 성남시 분당구 서현동
8830e1508dfffff,9:00:00,8830e1530dfffff,12,41.83,113.55,Bundang_Townhall
8830e150b9fffff,6:40:00,8830e024dbfffff,10,50.7,36.92,경기 성남시 분당구 서현동
8830e150cdfffff,7:00:00,8830e15361fffff,10,57.8,41.9,경기 성남시 분당구 야탑동
8830e150e3fffff,7:40:00,8830e15361fffff,10,61.9,49.61,경기 성남시 분당구 야탑동
8830e15209fffff,17:00:00,8830e024dbfffff,10,65.7,36.72,경기 성남시 분당구 서현동
8830e1520dfffff,6:40:00,8830e15361fffff,10,39.3,34.3,경기 성남시 분당구 야탑동
8830e15211fffff,18:00:00,8830e1530dfffff,10,192.7,25.63,Bundang_Townhall
8830e15211fffff,18:00:00,8830e15361fffff,10,51.6,38.53,경기 성남시 분당구 야탑동
8830e15211fffff,18:20:00,8830e15361fffff,10,46.0,44.22,경기 성남시 분당구 야탑동
8830e15219fffff,7:20:00,8830e15361fffff,11,48.09,41.94,경기 성남시 분당구 야탑동
8830e15219fffff,7:40:00,8830e1530dfffff,10,45.3,38.43,Bundang_Townhall
8830e15219fffff,7:40:00,8830e15361fffff,14,51.71,29.68,경기 성남시 분당구 야탑동
8830e15219fffff,8:00:00,8830e1530dfffff,14,52.64,37.78,Bundang_Townhall
8830e15219fffff,8:00:00,8830e15361fffff,10,45.3,41.12,경기 성남시 분당구 야탑동
8830e1521bfffff,18:00:00,8830e035ddfffff,14,92.79,45.94,Beom_Gye
8830e1521dfffff,7:40:00,8830e024dbfffff,11,242.55,28.0,경기 성남시 분당구 서현동
8830e15221fffff,18:00:00,8830e15361fffff,12,48.17,31.06,경기 성남시 분당구 야탑동
8830e15221fffff,18:20:00,8830e15361fffff,12,81.33,29.6,경기 성남시 분당구 야탑동
8830e15221fffff,19:00:00,8830e0a1b1fffff,15,99.73,66.15,경기 부천시 오정동
8830e1522bfffff,8:00:00,8830e15361fffff,10,41.6,33.21,경기 성남시 분당구 야탑동
8830e15241fffff,7:40:00,8830e024dbfffff,13,63.38,36.4,경기 성남시 분당구 서현동
8830e15241fffff,7:40:00,8830e1530dfffff,11,38.91,28.29,Bundang_Townhall
8830e15241fffff,8:00:00,8830e15361fffff,14,51.71,39.71,경기 성남시 분당구 야탑동
8830e15243fffff,4:40:00,8830e15361fffff,11,60.18,30.06,경기 성남시 분당구 야탑동
8830e15243fffff,7:20:00,8830e15361fffff,10,56.3,21.8,경기 성남시 분당구 야탑동
8830e15243fffff,8:00:00,8830e024dbfffff,13,53.77,43.11,경기 성남시 분당구 서현동
8830e15245fffff,7:00:00,8830e024dbfffff,10,35.5,39.9,경기 성남시 분당구 서현동
8830e15245fffff,8:00:00,8830e15361fffff,17,84.47,28.17,경기 성남시 분당구 야탑동
8830e15249fffff,7:40:00,8830e024dbfffff,13,55.15,36.69,경기 성남시 분당구 서현동
8830e15249fffff,17:20:00,8830e035ddfffff,10,92.7,43.91,Beom_Gye
8830e1524bfffff,7:20:00,8830e024dbfffff,11,70.91,32.51,경기 성남시 분당구 서현동
8830e1524bfffff,8:00:00,8830e024dbfffff,11,55.82,26.77,경기 성남시 분당구 서현동
8830e1524dfffff,7:40:00,8830e15361fffff,10,41.8,39.21,경기 성남시 분당구 야탑동
8830e15257fffff,7:40:00,8830e024dbfffff,13,45.54,23.13,경기 성남시 분당구 서현동
8830e15257fffff,8:40:00,8830e024dbfffff,11,54.18,35.83,경기 성남시 분당구 서현동
8830e15265fffff,12:40:00,8830e15361fffff,13,57.38,27.81,경기 성남시 분당구 야탑동
8830e15265fffff,13:20:00,8830e15361fffff,12,66.92,25.78,경기 성남시 분당구 야탑동
8830e15265fffff,14:00:00,8830e1530dfffff,11,75.82,29.71,Bundang_Townhall
8830e15265fffff,15:20:00,8830e15361fffff,13,83.62,28.36,경기 성남시 분당구 야탑동
8830e15265fffff,16:20:00,8830e15361fffff,16,67.38,20.05,경기 성남시 분당구 야탑동
8830e15265fffff,16:40:00,8830e15361fffff,11,64.73,25.04,경기 성남시 분당구 야탑동
8830e15265fffff,17:20:00,8830e15361fffff,12,62.67,27.95,경기 성남시 분당구 야탑동
8830e15265fffff,17:40:00,8830e15361fffff,11,50.73,27.75,경기 성남시 분당구 야탑동
8830e15265fffff,18:40:00,8830e15361fffff,10,100.7,31.14,경기 성남시 분당구 야탑동
8830e15265fffff,20:00:00,8830e15361fffff,15,137.53,33.08,경기 성남시 분당구 야탑동
8830e15301fffff,0:00:00,8830e1530dfffff,14,47.64,17.21,Bundang_Townhall
8830e15301fffff,7:20:00,8830e1530dfffff,13,69.85,29.78,Bundang_Townhall
8830e15301fffff,7:40:00,8830e1530dfffff,11,67.64,29.82,Bundang_Townhall
8830e15301fffff,8:00:00,8830e1530dfffff,12,62.08,27.52,Bundang_Townhall
8830e15301fffff,8:00:00,8830e15361fffff,10,57.7,20.57,경기 성남시 분당구 야탑동
8830e15301fffff,8:20:00,8830e15361fffff,12,69.08,23.81,경기 성남시 분당구 야탑동
8830e15301fffff,8:40:00,8830e1530dfffff,17,67.88,19.76,Bundang_Townhall
8830e15301fffff,9:00:00,8830e035ddfffff,10,60.1,50.1,Beom_Gye
8830e15301fffff,9:00:00,8830e1530dfffff,16,75.38,32.76,Bundang_Townhall
8830e15301fffff,9:00:00,8830e15361fffff,10,96.8,27.39,경기 성남시 분당구 야탑동
8830e15301fffff,9:20:00,8830e1530dfffff,16,100.88,33.85,Bundang_Townhall
8830e15301fffff,9:40:00,8830e1530dfffff,20,81.75,28.87,Bundang_Townhall
8830e15301fffff,9:40:00,8830e15361fffff,16,49.06,19.63,경기 성남시 분당구 야탑동
8830e15301fffff,10:00:00,8830e1530dfffff,17,75.76,27.74,Bundang_Townhall
8830e15301fffff,10:20:00,8830e1530dfffff,12,76.25,22.84,Bundang_Townhall
8830e15301fffff,10:40:00,8830e1530dfffff,15,97.13,20.83,Bundang_Townhall
8830e15301fffff,11:00:00,8830e1530dfffff,18,71.28,18.23,Bundang_Townhall
8830e15301fffff,11:20:00,8830e1530dfffff,13,70.0,23.47,Bundang_Townhall
8830e15301fffff,11:20:00,8830e15361fffff,10,71.5,23.38,경기 성남시 분당구 야탑동
8830e15301fffff,12:00:00,8830e1530dfffff,19,54.37,17.9,Bundang_Townhall
8830e15301fffff,12:00:00,8830e15361fffff,12,51.0,15.55,경기 성남시 분당구 야탑동
8830e15301fffff,12:20:00,8830e1530dfffff,24,48.63,17.44,Bundang_Townhall
8830e15301fffff,12:20:00,8830e15361fffff,13,53.62,23.28,경기 성남시 분당구 야탑동
8830e15301fffff,12:40:00,8830e1530dfffff,24,71.46,19.15,Bundang_Townhall
8830e15301fffff,12:40:00,8830e15361fffff,12,48.67,26.39,경기 성남시 분당구 야탑동
8830e15301fffff,13:00:00,8830e1530dfffff,26,94.23,18.19,Bundang_Townhall
8830e15301fffff,13:00:00,8830e15361fffff,11,59.73,19.51,경기 성남시 분당구 야탑동
8830e15301fffff,13:20:00,8830e1530dfffff,13,67.69,22.89,Bundang_Townhall
8830e15301fffff,13:20:00,8830e15361fffff,17,49.47,19.47,경기 성남시 분당구 야탑동
8830e15301fffff,13:40:00,8830e1530dfffff,18,91.67,27.76,Bundang_Townhall
8830e15301fffff,13:40:00,8830e15361fffff,16,56.0,15.89,경기 성남시 분당구 야탑동
8830e15301fffff,14:00:00,8830e1530dfffff,16,56.06,28.54,Bundang_Townhall
8830e15301fffff,14:20:00,8830e1530dfffff,13,69.15,19.6,Bundang_Townhall
8830e15301fffff,14:20:00,8830e15361fffff,23,84.35,26.32,경기 성남시 분당구 야탑동
8830e15301fffff,14:40:00,8830e1530dfffff,19,50.95,14.4,Bundang_Townhall
8830e15301fffff,14:40:00,8830e15361fffff,12,53.0,16.5,경기 성남시 분당구 야탑동
8830e15301fffff,15:00:00,8830e1530dfffff,13,64.62,21.07,Bundang_Townhall
8830e15301fffff,15:00:00,8830e15361fffff,19,58.79,21.2,경기 성남시 분당구 야탑동
8830e15301fffff,15:20:00,8830e1530dfffff,21,56.38,21.71,Bundang_Townhall
8830e15301fffff,15:20:00,8830e15361fffff,21,59.86,19.61,경기 성남시 분당구 야탑동
8830e15301fffff,15:40:00,8830e1530dfffff,17,50.24,14.67,Bundang_Townhall
8830e15301fffff,15:40:00,8830e15361fffff,15,52.8,24.39,경기 성남시 분당구 야탑동
8830e15301fffff,16:00:00,8830e1530dfffff,15,57.93,20.85,Bundang_Townhall
8830e15301fffff,16:00:00,8830e15361fffff,12,69.92,22.43,경기 성남시 분당구 야탑동
8830e15301fffff,16:20:00,8830e1530dfffff,21,62.57,17.57,Bundang_Townhall
8830e15301fffff,16:20:00,8830e15361fffff,11,50.36,25.44,경기 성남시 분당구 야탑동
8830e15301fffff,16:40:00,8830e1530dfffff,16,53.63,24.52,Bundang_Townhall
8830e15301fffff,16:40:00,8830e15361fffff,18,50.28,22.33,경기 성남시 분당구 야탑동
8830e15301fffff,17:00:00,8830e1530dfffff,18,117.22,20.97,Bundang_Townhall
8830e15301fffff,17:00:00,8830e15361fffff,13,45.0,28.71,경기 성남시 분당구 야탑동
8830e15301fffff,17:20:00,8830e1530dfffff,14,49.93,22.44,Bundang_Townhall
8830e15301fffff,17:20:00,8830e15361fffff,24,46.04,19.46,경기 성남시 분당구 야탑동
8830e15301fffff,17:40:00,8830e15361fffff,11,43.64,19.04,경기 성남시 분당구 야탑동
8830e15301fffff,18:00:00,8830e1530dfffff,10,68.2,18.56,Bundang_Townhall
8830e15301fffff,18:00:00,8830e15361fffff,13,47.23,24.89,경기 성남시 분당구 야탑동
8830e15301fffff,18:20:00,8830e15361fffff,15,50.13,22.0,경기 성남시 분당구 야탑동
8830e15301fffff,21:20:00,8830e1530dfffff,10,48.7,34.83,Bundang_Townhall
8830e15301fffff,21:40:00,8830e1530dfffff,16,64.19,28.72,Bundang_Townhall
8830e15305fffff,0:00:00,8830e1530dfffff,15,56.47,12.54,Bundang_Townhall
8830e15305fffff,9:00:00,8830e1530dfffff,10,55.3,25.75,Bundang_Townhall
8830e15305fffff,9:00:00,8830e15361fffff,10,49.2,22.06,경기 성남시 분당구 야탑동
8830e15305fffff,9:20:00,8830e1530dfffff,12,59.17,15.15,Bundang_Townhall
8830e15305fffff,11:00:00,8830e1530dfffff,10,83.2,17.21,Bundang_Townhall
8830e15305fffff,12:00:00,8830e1530dfffff,14,57.79,22.57,Bundang_Townhall
8830e15305fffff,12:20:00,8830e1530dfffff,11,45.82,28.01,Bundang_Townhall
8830e15305fffff,12:40:00,8830e1530dfffff,12,65.0,18.04,Bundang_Townhall
8830e15305fffff,13:40:00,8830e1530dfffff,17,68.0,17.99,Bundang_Townhall
8830e15305fffff,13:40:00,8830e15361fffff,10,68.0,18.1,경기 성남시 분당구 야탑동
8830e15305fffff,14:00:00,8830e1530dfffff,12,51.5,15.62,Bundang_Townhall
8830e15305fffff,14:20:00,8830e1530dfffff,20,68.35,19.81,Bundang_Townhall
8830e15305fffff,15:00:00,8830e1530dfffff,16,119.88,21.95,Bundang_Townhall
8830e15305fffff,15:20:00,8830e1530dfffff,21,54.19,16.48,Bundang_Townhall
8830e15305fffff,15:40:00,8830e1530dfffff,11,40.91,18.31,Bundang_Townhall
8830e15305fffff,15:40:00,8830e15361fffff,11,51.91,22.72,경기 성남시 분당구 야탑동
8830e15305fffff,16:00:00,8830e1530dfffff,15,61.47,18.23,Bundang_Townhall
8830e15305fffff,16:20:00,8830e1530dfffff,16,50.75,18.04,Bundang_Townhall
8830e15305fffff,16:40:00,8830e15361fffff,10,62.7,24.52,경기 성남시 분당구 야탑동
8830e15305fffff,17:00:00,8830e15361fffff,15,55.6,17.57,경기 성남시 분당구 야탑동
8830e15305fffff,19:00:00,8830e1530dfffff,10,46.0,29.0,Bundang_Townhall
8830e15305fffff,19:20:00,8830e1530dfffff,11,72.27,15.79,Bundang_Townhall
8830e15305fffff,19:40:00,8830e1530dfffff,11,78.82,22.82,Bundang_Townhall
8830e15305fffff,23:00:00,8830e1530dfffff,11,49.18,15.89,Bundang_Townhall
8830e15307fffff,13:40:00,8830e15361fffff,10,64.9,17.86,경기 성남시 분당구 야탑동
8830e15307fffff,16:40:00,8830e15361fffff,10,50.3,23.37,경기 성남시 분당구 야탑동
8830e15307fffff,17:00:00,8830e15361fffff,12,91.25,22.06,경기 성남시 분당구 야탑동
8830e15307fffff,17:20:00,8830e15361fffff,10,55.7,20.81,경기 성남시 분당구 야탑동
8830e15309fffff,0:00:00,8830e024dbfffff,10,51.1,20.24,경기 성남시 분당구 서현동
8830e15309fffff,0:00:00,8830e1530dfffff,27,49.85,15.94,Bundang_Townhall
8830e15309fffff,0:00:00,8830e15361fffff,23,59.74,24.39,경기 성남시 분당구 야탑동
8830e15309fffff,7:40:00,8830e1530dfffff,11,79.18,15.74,Bundang_Townhall
8830e15309fffff,8:00:00,8830e1530dfffff,13,58.38,17.87,Bundang_Townhall
8830e15309fffff,8:20:00,8830e1530dfffff,18,60.72,20.42,Bundang_Townhall
8830e15309fffff,8:40:00,8830e1530dfffff,21,84.19,20.2,Bundang_Townhall
8830e15309fffff,9:00:00,8830e1530dfffff,13,75.85,31.33,Bundang_Townhall
8830e15309fffff,9:00:00,8830e15361fffff,12,53.42,25.65,경기 성남시 분당구 야탑동
8830e15309fffff,9:20:00,8830e1530dfffff,29,106.21,26.47,Bundang_Townhall
8830e15309fffff,9:40:00,8830e1530dfffff,31,72.68,24.87,Bundang_Townhall
8830e15309fffff,10:00:00,8830e1530dfffff,30,107.43,20.08,Bundang_Townhall
8830e15309fffff,10:20:00,8830e1530dfffff,31,63.77,18.05,Bundang_Townhall
8830e15309fffff,10:40:00,8830e1530dfffff,33,79.0,20.41,Bundang_Townhall
8830e15309fffff,10:40:00,8830e15361fffff,13,211.23,20.84,경기 성남시 분당구 야탑동
8830e15309fffff,11:00:00,8830e1530dfffff,35,89.8,15.92,Bundang_Townhall
8830e15309fffff,11:00:00,8830e15361fffff,14,173.14,16.62,경기 성남시 분당구 야탑동
8830e15309fffff,11:20:00,8830e1530dfffff,49,49.71,13.69,Bundang_Townhall
8830e15309fffff,11:40:00,8830e024dbfffff,13,42.31,25.65,경기 성남시 분당구 서현동
8830e15309fffff,11:40:00,8830e1530dfffff,62,66.05,18.0,Bundang_Townhall
8830e15309fffff,11:40:00,8830e15361fffff,14,56.07,19.27,경기 성남시 분당구 야탑동
8830e15309fffff,12:00:00,8830e1530dfffff,77,53.44,19.54,Bundang_Townhall
8830e15309fffff,12:00:00,8830e15361fffff,14,78.07,19.09,경기 성남시 분당구 야탑동
8830e15309fffff,12:20:00,8830e1530dfffff,61,53.57,18.18,Bundang_Townhall
8830e15309fffff,12:20:00,8830e15361fffff,11,48.73,26.83,경기 성남시 분당구 야탑동
8830e15309fffff,12:40:00,8830e1530dfffff,71,55.0,21.03,Bundang_Townhall
8830e15309fffff,13:00:00,8830e1530dfffff,51,65.06,21.03,Bundang_Townhall
8830e15309fffff,13:20:00,8830e1530dfffff,44,55.18,17.02,Bundang_Townhall
8830e15309fffff,13:20:00,8830e15361fffff,14,55.86,21.82,경기 성남시 분당구 야탑동
8830e15309fffff,13:40:00,8830e1530dfffff,37,46.89,17.65,Bundang_Townhall
8830e15309fffff,13:40:00,8830e15361fffff,21,84.9,20.76,경기 성남시 분당구 야탑동
8830e15309fffff,14:00:00,8830e1530dfffff,40,104.68,19.26,Bundang_Townhall
8830e15309fffff,14:00:00,8830e15361fffff,12,81.75,25.53,경기 성남시 분당구 야탑동
8830e15309fffff,14:20:00,8830e024dbfffff,12,51.5,24.76,경기 성남시 분당구 서현동
8830e15309fffff,14:20:00,8830e1530dfffff,45,56.96,21.48,Bundang_Townhall
8830e15309fffff,14:20:00,8830e15361fffff,12,46.42,21.9,경기 성남시 분당구 야탑동
8830e15309fffff,14:40:00,8830e1530dfffff,33,54.09,18.3,Bundang_Townhall
8830e15309fffff,14:40:00,8830e15361fffff,26,99.88,24.05,경기 성남시 분당구 야탑동
8830e15309fffff,15:00:00,8830e024dbfffff,12,152.58,18.16,경기 성남시 분당구 서현동
8830e15309fffff,15:00:00,8830e1530dfffff,35,53.6,18.84,Bundang_Townhall
8830e15309fffff,15:00:00,8830e15361fffff,24,55.63,22.25,경기 성남시 분당구 야탑동
8830e15309fffff,15:20:00,8830e1530dfffff,32,47.69,24.44,Bundang_Townhall
8830e15309fffff,15:20:00,8830e15361fffff,33,66.97,19.85,경기 성남시 분당구 야탑동
8830e15309fffff,15:40:00,8830e1530dfffff,39,51.67,14.81,Bundang_Townhall
8830e15309fffff,15:40:00,8830e15361fffff,20,60.65,17.34,경기 성남시 분당구 야탑동
8830e15309fffff,16:00:00,8830e1530dfffff,53,53.68,19.33,Bundang_Townhall
8830e15309fffff,16:00:00,8830e15361fffff,32,56.16,22.39,경기 성남시 분당구 야탑동
8830e15309fffff,16:20:00,8830e1530dfffff,50,60.06,22.42,Bundang_Townhall
8830e15309fffff,16:20:00,8830e15361fffff,32,95.66,17.78,경기 성남시 분당구 야탑동
8830e15309fffff,16:40:00,8830e1530dfffff,31,97.06,23.61,Bundang_Townhall
8830e15309fffff,16:40:00,8830e15361fffff,29,134.97,16.78,경기 성남시 분당구 야탑동
8830e15309fffff,17:00:00,8830e1530dfffff,28,56.5,23.16,Bundang_Townhall
8830e15309fffff,17:00:00,8830e15361fffff,14,51.29,29.1,경기 성남시 분당구 야탑동
8830e15309fffff,17:20:00,8830e024dbfffff,13,53.85,18.08,경기 성남시 분당구 서현동
8830e15309fffff,17:20:00,8830e1530dfffff,32,58.81,20.49,Bundang_Townhall
8830e15309fffff,17:20:00,8830e15361fffff,23,86.39,23.14,경기 성남시 분당구 야탑동
8830e15309fffff,17:40:00,8830e1530dfffff,33,60.55,19.29,Bundang_Townhall
8830e15309fffff,17:40:00,8830e15361fffff,21,72.52,18.12,경기 성남시 분당구 야탑동
8830e15309fffff,18:00:00,8830e035ddfffff,15,65.27,52.21,Beom_Gye
8830e15309fffff,18:00:00,8830e1530dfffff,29,52.21,17.86,Bundang_Townhall
8830e15309fffff,18:00:00,8830e15361fffff,21,52.1,23.86,경기 성남시 분당구 야탑동
8830e15309fffff,18:20:00,8830e035ddfffff,11,71.36,49.32,Beom_Gye
8830e15309fffff,18:20:00,8830e1530dfffff,30,59.13,19.69,Bundang_Townhall
8830e15309fffff,18:20:00,8830e15361fffff,21,51.29,18.5,경기 성남시 분당구 야탑동
8830e15309fffff,18:40:00,8830e1530dfffff,28,57.43,19.41,Bundang_Townhall
8830e15309fffff,18:40:00,8830e15361fffff,13,45.92,23.51,경기 성남시 분당구 야탑동
8830e15309fffff,19:00:00,8830e1530dfffff,26,52.35,20.27,Bundang_Townhall
8830e15309fffff,19:00:00,8830e15361fffff,12,113.75,16.86,경기 성남시 분당구 야탑동
8830e15309fffff,19:20:00,8830e1530dfffff,22,55.14,22.4,Bundang_Townhall
8830e15309fffff,19:40:00,8830e1530dfffff,12,76.83,20.59,Bundang_Townhall
8830e15309fffff,19:40:00,8830e15361fffff,14,59.21,19.42,경기 성남시 분당구 야탑동
8830e15309fffff,20:00:00,8830e1530dfffff,14,51.57,20.43,Bundang_Townhall
8830e15309fffff,20:20:00,8830e1530dfffff,24,58.79,22.16,Bundang_Townhall
8830e15309fffff,21:00:00,8830e1530dfffff,15,110.47,19.3,Bundang_Townhall
8830e15309fffff,21:20:00,8830e1530dfffff,11,63.09,20.5,Bundang_Townhall
8830e15309fffff,21:20:00,8830e15361fffff,10,68.8,10.3,경기 성남시 분당구 야탑동
8830e15309fffff,21:40:00,8830e1530dfffff,12,59.83,21.55,Bundang_Townhall
8830e15309fffff,22:00:00,8830e1530dfffff,15,56.47,16.03,Bundang_Townhall
8830e15309fffff,22:20:00,8830e15361fffff,11,57.09,15.84,경기 성남시 분당구 야탑동
8830e15309fffff,22:40:00,8830e1530dfffff,12,67.5,20.63,Bundang_Townhall
8830e15309fffff,22:40:00,8830e15361fffff,10,58.1,17.29,경기 성남시 분당구 야탑동
8830e15309fffff,23:20:00,8830e1530dfffff,12,34.83,14.73,Bundang_Townhall
8830e15309fffff,23:20:00,8830e15361fffff,10,34.8,26.85,경기 성남시 분당구 야탑동
8830e1530dfffff,0:00:00,8830e1530dfffff,119,55.5,15.51,Bundang_Townhall
8830e1530dfffff,5:00:00,8830e1530dfffff,19,64.21,14.39,Bundang_Townhall
8830e1530dfffff,5:20:00,8830e1530dfffff,18,74.44,24.98,Bundang_Townhall
8830e1530dfffff,6:20:00,8830e1530dfffff,15,106.73,14.53,Bundang_Townhall
8830e1530dfffff,6:40:00,8830e1530dfffff,18,47.22,24.15,Bundang_Townhall
8830e1530dfffff,7:00:00,8830e1530dfffff,35,73.69,34.45,Bundang_Townhall
8830e1530dfffff,7:20:00,8830e1530dfffff,41,103.9,21.64,Bundang_Townhall
8830e1530dfffff,7:40:00,8830e1530dfffff,18,60.0,17.7,Bundang_Townhall
8830e1530dfffff,8:00:00,8830e1530dfffff,28,258.39,19.26,Bundang_Townhall
8830e1530dfffff,8:20:00,8830e1530dfffff,39,57.08,24.62,Bundang_Townhall
8830e1530dfffff,8:40:00,8830e1530dfffff,34,80.74,26.68,Bundang_Townhall
8830e1530dfffff,9:00:00,8830e1530dfffff,63,78.52,25.59,Bundang_Townhall
8830e1530dfffff,9:20:00,8830e1530dfffff,81,76.84,24.44,Bundang_Townhall
8830e1530dfffff,9:40:00,8830e1530dfffff,107,84.03,20.35,Bundang_Townhall
8830e1530dfffff,10:00:00,8830e1530dfffff,61,65.34,21.6,Bundang_Townhall
8830e1530dfffff,10:20:00,8830e1530dfffff,68,76.22,24.17,Bundang_Townhall
8830e1530dfffff,10:40:00,8830e1530dfffff,60,58.52,21.98,Bundang_Townhall
8830e1530dfffff,11:00:00,8830e1530dfffff,58,56.47,15.78,Bundang_Townhall
8830e1530dfffff,11:20:00,8830e1530dfffff,178,55.04,18.36,Bundang_Townhall
8830e1530dfffff,11:40:00,8830e1530dfffff,155,51.49,21.4,Bundang_Townhall
8830e1530dfffff,12:00:00,8830e1530dfffff,129,51.71,19.83,Bundang_Townhall
8830e1530dfffff,12:20:00,8830e1530dfffff,77,56.99,22.1,Bundang_Townhall
8830e1530dfffff,12:40:00,8830e1530dfffff,74,67.54,22.17,Bundang_Townhall
8830e1530dfffff,13:00:00,8830e1530dfffff,92,98.46,27.48,Bundang_Townhall
8830e1530dfffff,13:20:00,8830e1530dfffff,75,77.97,26.28,Bundang_Townhall
8830e1530dfffff,13:20:00,8830e15361fffff,10,237.2,12.83,경기 성남시 분당구 야탑동
8830e1530dfffff,13:40:00,8830e1530dfffff,63,81.46,23.79,Bundang_Townhall
8830e1530dfffff,14:00:00,8830e1530dfffff,92,84.64,21.52,Bundang_Townhall
8830e1530dfffff,14:00:00,8830e15361fffff,10,123.5,21.93,경기 성남시 분당구 야탑동
8830e1530dfffff,14:20:00,8830e1530dfffff,93,92.14,23.49,Bundang_Townhall
8830e1530dfffff,14:40:00,8830e1530dfffff,67,63.7,23.81,Bundang_Townhall
8830e1530dfffff,15:00:00,8830e1530dfffff,48,62.65,23.39,Bundang_Townhall
8830e1530dfffff,15:20:00,8830e1530dfffff,72,91.08,21.26,Bundang_Townhall
8830e1530dfffff,15:20:00,8830e15361fffff,10,101.9,29.04,경기 성남시 분당구 야탑동
8830e1530dfffff,15:40:00,8830e1530dfffff,66,49.09,21.99,Bundang_Townhall
8830e1530dfffff,15:40:00,8830e15361fffff,14,71.64,25.64,경기 성남시 분당구 야탑동
8830e1530dfffff,16:00:00,8830e1530dfffff,75,55.61,20.19,Bundang_Townhall
8830e1530dfffff,16:20:00,8830e1530dfffff,34,64.24,25.26,Bundang_Townhall
8830e1530dfffff,16:40:00,8830e1530dfffff,43,53.0,18.1,Bundang_Townhall
8830e1530dfffff,17:00:00,8830e1530dfffff,50,56.28,22.78,Bundang_Townhall
8830e1530dfffff,17:20:00,8830e1530dfffff,45,64.29,21.68,Bundang_Townhall
8830e1530dfffff,17:40:00,8830e1530dfffff,50,54.32,22.09,Bundang_Townhall
8830e1530dfffff,18:00:00,8830e1530dfffff,60,56.2,17.64,Bundang_Townhall
8830e1530dfffff,18:20:00,8830e1530dfffff,39,64.49,21.99,Bundang_Townhall
8830e1530dfffff,18:40:00,8830e1530dfffff,46,60.17,19.68,Bundang_Townhall
8830e1530dfffff,19:00:00,8830e1530dfffff,41,48.8,20.55,Bundang_Townhall
8830e1530dfffff,19:20:00,8830e1530dfffff,40,55.35,21.88,Bundang_Townhall
8830e1530dfffff,19:40:00,8830e1530dfffff,42,56.86,19.63,Bundang_Townhall
8830e1530dfffff,20:00:00,8830e1530dfffff,40,57.88,20.6,Bundang_Townhall
8830e1530dfffff,20:20:00,8830e1530dfffff,47,55.06,16.62,Bundang_Townhall
8830e1530dfffff,20:40:00,8830e1530dfffff,29,59.9,16.86,Bundang_Townhall
8830e1530dfffff,21:00:00,8830e1530dfffff,39,72.05,18.99,Bundang_Townhall
8830e1530dfffff,21:20:00,8830e1530dfffff,38,53.08,21.0,Bundang_Townhall
8830e1530dfffff,21:40:00,8830e1530dfffff,59,59.47,18.09,Bundang_Townhall
8830e1530dfffff,22:00:00,8830e1530dfffff,31,67.55,20.98,Bundang_Townhall
8830e1530dfffff,22:20:00,8830e1530dfffff,40,61.78,17.43,Bundang_Townhall
8830e1530dfffff,22:40:00,8830e1530dfffff,21,58.71,17.2,Bundang_Townhall
8830e1530dfffff,23:00:00,8830e1530dfffff,29,52.17,17.7,Bundang_Townhall
8830e1530dfffff,23:20:00,8830e1530dfffff,14,34.21,11.7,Bundang_Townhall
8830e15329fffff,12:20:00,8830e15361fffff,13,59.0,23.79,경기 성남시 분당구 야탑동
8830e15329fffff,13:40:00,8830e15361fffff,13,52.85,17.45,경기 성남시 분당구 야탑동
8830e15329fffff,16:20:00,8830e15361fffff,11,65.09,21.15,경기 성남시 분당구 야탑동
8830e15329fffff,16:40:00,8830e15361fffff,11,67.18,22.38,경기 성남시 분당구 야탑동
8830e15329fffff,17:00:00,8830e15361fffff,16,57.94,19.26,경기 성남시 분당구 야탑동
8830e15329fffff,17:20:00,8830e15361fffff,16,48.19,25.05,경기 성남시 분당구 야탑동
8830e15329fffff,18:00:00,8830e15361fffff,10,45.6,17.55,경기 성남시 분당구 야탑동
8830e1532dfffff,0:00:00,8830e024dbfffff,20,56.05,16.93,경기 성남시 분당구 서현동
8830e1532dfffff,8:00:00,8830e024dbfffff,10,68.5,15.55,경기 성남시 분당구 서현동
8830e1532dfffff,8:00:00,8830e15361fffff,13,70.85,23.13,경기 성남시 분당구 야탑동
8830e1532dfffff,8:20:00,8830e15361fffff,10,50.8,18.84,경기 성남시 분당구 야탑동
8830e1532dfffff,8:40:00,8830e024dbfffff,10,82.1,33.02,경기 성남시 분당구 서현동
8830e1532dfffff,8:40:00,8830e15361fffff,10,52.2,18.63,경기 성남시 분당구 야탑동
8830e1532dfffff,9:00:00,8830e024dbfffff,16,89.63,23.59,경기 성남시 분당구 서현동
8830e1532dfffff,9:20:00,8830e024dbfffff,14,110.86,23.78,경기 성남시 분당구 서현동
8830e1532dfffff,9:40:00,8830e024dbfffff,16,74.94,22.48,경기 성남시 분당구 서현동
8830e1532dfffff,10:00:00,8830e024dbfffff,14,69.93,24.67,경기 성남시 분당구 서현동
8830e1532dfffff,10:20:00,8830e024dbfffff,20,76.25,17.73,경기 성남시 분당구 서현동
8830e1532dfffff,10:40:00,8830e024dbfffff,22,64.73,22.27,경기 성남시 분당구 서현동
8830e1532dfffff,10:40:00,8830e15361fffff,11,68.64,22.61,경기 성남시 분당구 야탑동
8830e1532dfffff,11:00:00,8830e024dbfffff,27,56.96,26.66,경기 성남시 분당구 서현동
8830e1532dfffff,11:20:00,8830e024dbfffff,60,53.82,34.66,경기 성남시 분당구 서현동
8830e1532dfffff,11:20:00,8830e15361fffff,10,59.0,21.64,경기 성남시 분당구 야탑동
8830e1532dfffff,11:40:00,8830e024dbfffff,37,62.81,23.79,경기 성남시 분당구 서현동
8830e1532dfffff,12:00:00,8830e024dbfffff,35,55.63,23.43,경기 성남시 분당구 서현동
8830e1532dfffff,12:00:00,8830e15361fffff,10,62.5,17.48,경기 성남시 분당구 야탑동
8830e1532dfffff,12:20:00,8830e024dbfffff,26,57.65,25.85,경기 성남시 분당구 서현동
8830e1532dfffff,12:20:00,8830e15361fffff,14,46.93,20.43,경기 성남시 분당구 야탑동
8830e1532dfffff,12:40:00,8830e024dbfffff,24,55.88,28.24,경기 성남시 분당구 서현동
8830e1532dfffff,12:40:00,8830e15361fffff,12,76.17,22.94,경기 성남시 분당구 야탑동
8830e1532dfffff,13:00:00,8830e024dbfffff,17,59.35,21.48,경기 성남시 분당구 서현동
8830e1532dfffff,13:20:00,8830e024dbfffff,17,77.59,25.6,경기 성남시 분당구 서현동
8830e1532dfffff,13:20:00,8830e15361fffff,14,50.36,13.81,경기 성남시 분당구 야탑동
8830e1532dfffff,13:40:00,8830e024dbfffff,22,59.68,20.15,경기 성남시 분당구 서현동
8830e1532dfffff,14:00:00,8830e024dbfffff,20,62.0,19.53,경기 성남시 분당구 서현동
8830e1532dfffff,14:20:00,8830e024dbfffff,31,58.87,19.19,경기 성남시 분당구 서현동
8830e1532dfffff,14:20:00,8830e15361fffff,12,64.08,29.78,경기 성남시 분당구 야탑동
8830e1532dfffff,14:40:00,8830e024dbfffff,24,66.0,18.08,경기 성남시 분당구 서현동
8830e1532dfffff,15:00:00,8830e024dbfffff,16,65.25,22.55,경기 성남시 분당구 서현동
8830e1532dfffff,15:00:00,8830e15361fffff,10,60.6,18.09,경기 성남시 분당구 야탑동
8830e1532dfffff,15:20:00,8830e024dbfffff,20,84.6,18.8,경기 성남시 분당구 서현동
8830e1532dfffff,15:20:00,8830e15361fffff,11,58.55,21.73,경기 성남시 분당구 야탑동
8830e1532dfffff,15:40:00,8830e024dbfffff,24,80.71,20.0,경기 성남시 분당구 서현동
8830e1532dfffff,16:00:00,8830e024dbfffff,12,52.58,15.03,경기 성남시 분당구 서현동
8830e1532dfffff,16:00:00,8830e15361fffff,15,68.73,20.67,경기 성남시 분당구 야탑동
8830e1532dfffff,16:20:00,8830e024dbfffff,14,69.29,23.33,경기 성남시 분당구 서현동
8830e1532dfffff,16:40:00,8830e024dbfffff,13,69.92,23.52,경기 성남시 분당구 서현동
8830e1532dfffff,17:00:00,8830e024dbfffff,15,59.73,19.32,경기 성남시 분당구 서현동
8830e1532dfffff,17:00:00,8830e15361fffff,12,71.25,17.32,경기 성남시 분당구 야탑동
8830e1532dfffff,17:20:00,8830e024dbfffff,19,71.79,15.38,경기 성남시 분당구 서현동
8830e1532dfffff,17:20:00,8830e15361fffff,18,78.17,16.21,경기 성남시 분당구 야탑동
8830e1532dfffff,17:40:00,8830e024dbfffff,12,80.17,14.75,경기 성남시 분당구 서현동
8830e1532dfffff,18:00:00,8830e024dbfffff,20,82.95,19.51,경기 성남시 분당구 서현동
8830e1532dfffff,18:00:00,8830e15361fffff,13,69.31,17.04,경기 성남시 분당구 야탑동
8830e1532dfffff,18:20:00,8830e024dbfffff,13,61.38,14.31,경기 성남시 분당구 서현동
8830e1532dfffff,18:40:00,8830e024dbfffff,10,51.1,26.57,경기 성남시 분당구 서현동
8830e1532dfffff,19:00:00,8830e024dbfffff,12,72.92,30.31,경기 성남시 분당구 서현동
8830e1532dfffff,20:40:00,8830e024dbfffff,11,61.64,24.87,경기 성남시 분당구 서현동
8830e15339fffff,8:20:00,8830e15361fffff,10,50.8,30.91,경기 성남시 분당구 야탑동
8830e15341fffff,0:00:00,8830e1530dfffff,50,47.34,15.86,Bundang_Townhall
8830e15341fffff,4:20:00,8830e1530dfffff,16,52.94,7.74,Bundang_Townhall
8830e15341fffff,7:20:00,8830e1530dfffff,12,51.33,14.14,Bundang_Townhall
8830e15341fffff,8:00:00,8830e1530dfffff,10,64.2,13.09,Bundang_Townhall
8830e15341fffff,8:20:00,8830e1530dfffff,14,56.29,19.41,Bundang_Townhall
8830e15341fffff,8:40:00,8830e1530dfffff,13,63.08,16.52,Bundang_Townhall
8830e15341fffff,9:00:00,8830e1530dfffff,14,90.79,25.08,Bundang_Townhall
8830e15341fffff,9:20:00,8830e1530dfffff,15,55.33,18.93,Bundang_Townhall
8830e15341fffff,9:40:00,8830e1530dfffff,12,66.08,22.42,Bundang_Townhall
8830e15341fffff,10:00:00,8830e1530dfffff,13,86.08,25.06,Bundang_Townhall
8830e15341fffff,10:20:00,8830e1530dfffff,10,55.1,19.24,Bundang_Townhall
8830e15341fffff,10:40:00,8830e1530dfffff,16,79.0,23.68,Bundang_Townhall
8830e15341fffff,11:00:00,8830e1530dfffff,19,69.0,26.29,Bundang_Townhall
8830e15341fffff,11:20:00,8830e1530dfffff,10,44.0,12.87,Bundang_Townhall
8830e15341fffff,11:20:00,8830e15361fffff,12,73.67,26.47,경기 성남시 분당구 야탑동
8830e15341fffff,11:40:00,8830e1530dfffff,13,63.62,22.84,Bundang_Townhall
8830e15341fffff,11:40:00,8830e15361fffff,10,41.7,26.35,경기 성남시 분당구 야탑동
8830e15341fffff,12:00:00,8830e024dbfffff,13,56.23,28.22,경기 성남시 분당구 서현동
8830e15341fffff,12:00:00,8830e1530dfffff,19,65.47,15.67,Bundang_Townhall
8830e15341fffff,12:00:00,8830e15361fffff,18,44.67,23.89,경기 성남시 분당구 야탑동
8830e15341fffff,12:20:00,8830e1530dfffff,15,70.33,19.66,Bundang_Townhall
8830e15341fffff,12:20:00,8830e15361fffff,18,124.39,32.39,경기 성남시 분당구 야탑동
8830e15341fffff,12:40:00,8830e1530dfffff,12,176.5,24.71,Bundang_Townhall
8830e15341fffff,12:40:00,8830e15361fffff,21,59.71,24.84,경기 성남시 분당구 야탑동
8830e15341fffff,13:00:00,8830e1530dfffff,13,75.69,19.53,Bundang_Townhall
8830e15341fffff,13:00:00,8830e15361fffff,29,58.86,26.81,경기 성남시 분당구 야탑동
8830e15341fffff,13:20:00,8830e1530dfffff,19,144.26,22.49,Bundang_Townhall
8830e15341fffff,13:20:00,8830e15361fffff,30,98.9,22.77,경기 성남시 분당구 야탑동
8830e15341fffff,13:40:00,8830e024dbfffff,10,90.9,23.16,경기 성남시 분당구 서현동
8830e15341fffff,13:40:00,8830e1530dfffff,27,66.15,22.63,Bundang_Townhall
8830e15341fffff,13:40:00,8830e15361fffff,24,64.96,27.67,경기 성남시 분당구 야탑동
8830e15341fffff,14:00:00,8830e024dbfffff,10,65.1,27.11,경기 성남시 분당구 서현동
8830e15341fffff,14:00:00,8830e1530dfffff,25,51.2,25.25,Bundang_Townhall
8830e15341fffff,14:00:00,8830e15361fffff,28,106.11,24.69,경기 성남시 분당구 야탑동
8830e15341fffff,14:20:00,8830e1530dfffff,20,108.2,25.78,Bundang_Townhall
8830e15341fffff,14:20:00,8830e15361fffff,35,60.43,33.85,경기 성남시 분당구 야탑동
8830e15341fffff,14:40:00,8830e1530dfffff,25,57.44,19.25,Bundang_Townhall
8830e15341fffff,14:40:00,8830e15361fffff,14,48.79,25.71,경기 성남시 분당구 야탑동
8830e15341fffff,15:00:00,8830e1530dfffff,27,62.22,21.97,Bundang_Townhall
8830e15341fffff,15:00:00,8830e15361fffff,45,85.29,25.68,경기 성남시 분당구 야탑동
8830e15341fffff,15:20:00,8830e1530dfffff,17,63.29,26.26,Bundang_Townhall
8830e15341fffff,15:20:00,8830e15361fffff,28,154.14,25.15,경기 성남시 분당구 야탑동
8830e15341fffff,15:40:00,8830e1530dfffff,22,65.77,20.06,Bundang_Townhall
8830e15341fffff,15:40:00,8830e15361fffff,35,126.66,25.9,경기 성남시 분당구 야탑동
8830e15341fffff,16:00:00,8830e024dbfffff,12,53.25,49.66,경기 성남시 분당구 서현동
8830e15341fffff,16:00:00,8830e1530dfffff,27,56.26,25.1,Bundang_Townhall
8830e15341fffff,16:00:00,8830e15361fffff,29,91.83,27.59,경기 성남시 분당구 야탑동
8830e15341fffff,16:20:00,8830e024dbfffff,10,49.4,23.26,경기 성남시 분당구 서현동
8830e15341fffff,16:20:00,8830e035ddfffff,11,67.18,46.07,Beom_Gye
8830e15341fffff,16:20:00,8830e1530dfffff,25,52.24,19.67,Bundang_Townhall
8830e15341fffff,16:20:00,8830e15361fffff,31,64.0,24.13,경기 성남시 분당구 야탑동
8830e15341fffff,16:40:00,8830e035d7fffff,10,55.3,55.06,경기 안양시 동안구 평촌동
8830e15341fffff,16:40:00,8830e035ddfffff,10,50.3,54.31,Beom_Gye
8830e15341fffff,16:40:00,8830e1530dfffff,22,74.27,18.62,Bundang_Townhall
8830e15341fffff,16:40:00,8830e15361fffff,29,43.24,24.04,경기 성남시 분당구 야탑동
8830e15341fffff,17:00:00,8830e024dbfffff,13,56.62,18.9,경기 성남시 분당구 서현동
8830e15341fffff,17:00:00,8830e035ddfffff,14,61.21,48.05,Beom_Gye
8830e15341fffff,17:00:00,8830e1530dfffff,29,58.31,22.16,Bundang_Townhall
8830e15341fffff,17:00:00,8830e15361fffff,33,50.58,23.13,경기 성남시 분당구 야탑동
8830e15341fffff,17:20:00,8830e024dbfffff,14,53.71,28.42,경기 성남시 분당구 서현동
8830e15341fffff,17:20:00,8830e035ddfffff,10,52.6,59.1,Beom_Gye
8830e15341fffff,17:20:00,8830e1530dfffff,31,62.77,19.2,Bundang_Townhall
8830e15341fffff,17:20:00,8830e15361fffff,30,77.2,22.69,경기 성남시 분당구 야탑동
8830e15341fffff,17:40:00,8830e035d7fffff,13,54.54,69.47,경기 안양시 동안구 평촌동
8830e15341fffff,17:40:00,8830e035ddfffff,14,60.36,56.69,Beom_Gye
8830e15341fffff,17:40:00,8830e1530dfffff,28,66.89,19.94,Bundang_Townhall
8830e15341fffff,17:40:00,8830e15361fffff,25,67.12,21.58,경기 성남시 분당구 야탑동
8830e15341fffff,18:00:00,8830e024dbfffff,19,62.68,33.51,경기 성남시 분당구 서현동
8830e15341fffff,18:00:00,8830e035ddfffff,13,55.54,61.84,Beom_Gye
8830e15341fffff,18:00:00,8830e1530dfffff,14,89.86,21.66,Bundang_Townhall
8830e15341fffff,18:00:00,8830e15361fffff,26,64.62,30.08,경기 성남시 분당구 야탑동
8830e15341fffff,18:20:00,8830e024dbfffff,10,39.3,26.57,경기 성남시 분당구 서현동
8830e15341fffff,18:20:00,8830e035ddfffff,11,60.45,62.9,Beom_Gye
8830e15341fffff,18:20:00,8830e1530dfffff,30,69.87,21.57,Bundang_Townhall
8830e15341fffff,18:20:00,8830e15361fffff,28,57.61,19.26,경기 성남시 분당구 야탑동
8830e15341fffff,18:40:00,8830e024dbfffff,11,52.27,32.79,경기 성남시 분당구 서현동
8830e15341fffff,18:40:00,8830e035ddfffff,15,62.6,59.27,Beom_Gye
8830e15341fffff,18:40:00,8830e1530dfffff,19,81.05,19.1,Bundang_Townhall
8830e15341fffff,18:40:00,8830e15361fffff,30,38.77,29.06,경기 성남시 분당구 야탑동
8830e15341fffff,19:00:00,8830e024dbfffff,16,54.81,34.04,경기 성남시 분당구 서현동
8830e15341fffff,19:00:00,8830e035d7fffff,10,55.4,61.64,경기 안양시 동안구 평촌동
8830e15341fffff,19:00:00,8830e035ddfffff,25,53.2,55.7,Beom_Gye
8830e15341fffff,19:00:00,8830e0af0bfffff,10,117.5,74.8,경기 부천시 중동
8830e15341fffff,19:00:00,8830e1530dfffff,27,135.11,20.21,Bundang_Townhall
8830e15341fffff,19:00:00,8830e15361fffff,30,87.33,26.67,경기 성남시 분당구 야탑동
8830e15341fffff,19:20:00,8830e024dbfffff,13,43.31,24.01,경기 성남시 분당구 서현동
8830e15341fffff,19:20:00,8830e035d7fffff,10,51.5,50.33,경기 안양시 동안구 평촌동
8830e15341fffff,19:20:00,8830e035ddfffff,16,63.56,62.45,Beom_Gye
8830e15341fffff,19:20:00,8830e1530dfffff,32,67.91,17.57,Bundang_Townhall
8830e15341fffff,19:20:00,8830e15361fffff,26,58.77,24.65,경기 성남시 분당구 야탑동
8830e15341fffff,19:40:00,8830e024dbfffff,13,47.0,39.02,경기 성남시 분당구 서현동
8830e15341fffff,19:40:00,8830e035ddfffff,18,50.06,51.34,Beom_Gye
8830e15341fffff,19:40:00,8830e1530dfffff,17,81.06,22.93,Bundang_Townhall
8830e15341fffff,19:40:00,8830e15361fffff,23,64.78,19.62,경기 성남시 분당구 야탑동
8830e15341fffff,20:00:00,8830e024dbfffff,18,52.0,35.17,경기 성남시 분당구 서현동
8830e15341fffff,20:00:00,8830e035ddfffff,12,50.17,57.05,Beom_Gye
8830e15341fffff,20:00:00,8830e1530dfffff,25,99.64,22.92,Bundang_Townhall
8830e15341fffff,20:00:00,8830e15361fffff,31,110.23,22.71,경기 성남시 분당구 야탑동
8830e15341fffff,20:20:00,8830e1530dfffff,31,110.81,24.32,Bundang_Townhall
8830e15341fffff,20:20:00,8830e15361fffff,17,69.24,24.39,경기 성남시 분당구 야탑동
8830e15341fffff,20:40:00,8830e1530dfffff,33,110.03,18.85,Bundang_Townhall
8830e15341fffff,20:40:00,8830e15361fffff,15,80.33,23.09,경기 성남시 분당구 야탑동
8830e15341fffff,21:00:00,8830e1530dfffff,26,121.46,18.79,Bundang_Townhall
8830e15341fffff,21:00:00,8830e15361fffff,10,49.6,28.29,경기 성남시 분당구 야탑동
8830e15341fffff,21:20:00,8830e1530dfffff,30,91.0,11.53,Bundang_Townhall
8830e15341fffff,21:20:00,8830e15361fffff,12,60.92,28.5,경기 성남시 분당구 야탑동
8830e15341fffff,21:40:00,8830e1530dfffff,42,91.64,13.31,Bundang_Townhall
8830e15341fffff,21:40:00,8830e15361fffff,11,80.73,30.64,경기 성남시 분당구 야탑동
8830e15341fffff,22:00:00,8830e1530dfffff,47,85.53,13.76,Bundang_Townhall
8830e15341fffff,22:20:00,8830e1530dfffff,59,72.81,13.64,Bundang_Townhall
8830e15341fffff,22:40:00,8830e1530dfffff,96,71.42,8.93,Bundang_Townhall
8830e15341fffff,23:00:00,8830e1530dfffff,66,55.7,10.35,Bundang_Townhall
8830e15341fffff,23:20:00,8830e1530dfffff,15,38.27,10.74,Bundang_Townhall
8830e15343fffff,0:00:00,8830e1530dfffff,12,53.58,15.4,Bundang_Townhall
8830e15343fffff,9:20:00,8830e1530dfffff,10,88.8,32.55,Bundang_Townhall
8830e15343fffff,13:20:00,8830e1530dfffff,12,54.33,15.07,Bundang_Townhall
8830e15343fffff,13:40:00,8830e1530dfffff,10,54.5,20.7,Bundang_Townhall
8830e15343fffff,14:20:00,8830e1530dfffff,10,47.5,18.77,Bundang_Townhall
8830e15343fffff,15:20:00,8830e1530dfffff,12,49.58,18.21,Bundang_Townhall
8830e15343fffff,15:40:00,8830e1530dfffff,10,176.5,13.37,Bundang_Townhall
8830e15343fffff,16:20:00,8830e15361fffff,12,47.17,28.69,경기 성남시 분당구 야탑동
8830e15343fffff,18:00:00,8830e1530dfffff,11,55.18,21.83,Bundang_Townhall
8830e15345fffff,11:40:00,8830e1530dfffff,11,71.73,22.31,Bundang_Townhall
8830e15345fffff,12:00:00,8830e1530dfffff,10,59.2,26.61,Bundang_Townhall
8830e15345fffff,12:40:00,8830e15361fffff,10,56.1,30.03,경기 성남시 분당구 야탑동
8830e15345fffff,14:40:00,8830e15361fffff,10,80.7,34.39,경기 성남시 분당구 야탑동
8830e15345fffff,22:20:00,8830e1530dfffff,13,76.0,10.91,Bundang_Townhall
8830e15347fffff,0:00:00,8830e1530dfffff,11,57.36,25.37,Bundang_Townhall
8830e15347fffff,7:20:00,8830e1530dfffff,17,62.41,21.52,Bundang_Townhall
8830e15347fffff,8:00:00,8830e1530dfffff,12,97.33,16.98,Bundang_Townhall
8830e15347fffff,8:20:00,8830e1530dfffff,14,93.86,20.7,Bundang_Townhall
8830e15347fffff,8:40:00,8830e1530dfffff,18,61.83,18.62,Bundang_Townhall
8830e15347fffff,9:00:00,8830e1530dfffff,30,69.27,22.67,Bundang_Townhall
8830e15347fffff,9:20:00,8830e1530dfffff,19,65.26,23.57,Bundang_Townhall
8830e15347fffff,9:40:00,8830e1530dfffff,36,66.89,25.01,Bundang_Townhall
8830e15347fffff,10:00:00,8830e1530dfffff,39,73.51,21.8,Bundang_Townhall
8830e15347fffff,10:20:00,8830e1530dfffff,21,62.52,17.11,Bundang_Townhall
8830e15347fffff,10:40:00,8830e1530dfffff,19,86.05,21.53,Bundang_Townhall
8830e15347fffff,11:00:00,8830e1530dfffff,25,64.48,21.15,Bundang_Townhall
8830e15347fffff,11:00:00,8830e15361fffff,11,82.91,28.09,경기 성남시 분당구 야탑동
8830e15347fffff,11:20:00,8830e1530dfffff,44,57.8,15.02,Bundang_Townhall
8830e15347fffff,11:40:00,8830e1530dfffff,67,50.69,18.36,Bundang_Townhall
8830e15347fffff,12:00:00,8830e1530dfffff,78,57.54,18.59,Bundang_Townhall
8830e15347fffff,12:20:00,8830e1530dfffff,58,49.19,18.69,Bundang_Townhall
8830e15347fffff,12:40:00,8830e1530dfffff,46,56.39,19.03,Bundang_Townhall
8830e15347fffff,13:00:00,8830e1530dfffff,47,48.0,20.76,Bundang_Townhall
8830e15347fffff,13:00:00,8830e15361fffff,11,54.36,22.31,경기 성남시 분당구 야탑동
8830e15347fffff,13:20:00,8830e1530dfffff,38,61.55,23.6,Bundang_Townhall
8830e15347fffff,13:20:00,8830e15361fffff,10,71.8,28.7,경기 성남시 분당구 야탑동
8830e15347fffff,13:40:00,8830e1530dfffff,39,71.67,24.23,Bundang_Townhall
8830e15347fffff,14:00:00,8830e1530dfffff,30,79.3,28.84,Bundang_Townhall
8830e15347fffff,14:20:00,8830e1530dfffff,38,77.68,19.42,Bundang_Townhall
8830e15347fffff,14:40:00,8830e1530dfffff,25,83.68,26.42,Bundang_Townhall
8830e15347fffff,15:00:00,8830e1530dfffff,28,66.68,20.77,Bundang_Townhall
8830e15347fffff,15:00:00,8830e15361fffff,15,51.13,22.0,경기 성남시 분당구 야탑동
8830e15347fffff,15:20:00,8830e1530dfffff,22,65.32,24.63,Bundang_Townhall
8830e15347fffff,15:20:00,8830e15361fffff,10,45.4,21.74,경기 성남시 분당구 야탑동
8830e15347fffff,15:40:00,8830e1530dfffff,27,61.63,21.65,Bundang_Townhall
8830e15347fffff,16:00:00,8830e1530dfffff,28,54.89,26.8,Bundang_Townhall
8830e15347fffff,16:00:00,8830e15361fffff,15,64.67,23.05,경기 성남시 분당구 야탑동
8830e15347fffff,16:20:00,8830e1530dfffff,27,57.67,18.68,Bundang_Townhall
8830e15347fffff,16:40:00,8830e1530dfffff,31,58.52,17.58,Bundang_Townhall
8830e15347fffff,16:40:00,8830e15361fffff,17,79.53,23.81,경기 성남시 분당구 야탑동
8830e15347fffff,17:00:00,8830e1530dfffff,21,77.24,18.69,Bundang_Townhall
8830e15347fffff,17:20:00,8830e024dbfffff,10,125.5,31.48,경기 성남시 분당구 서현동
8830e15347fffff,17:20:00,8830e1530dfffff,19,55.63,23.69,Bundang_Townhall
8830e15347fffff,17:20:00,8830e15361fffff,18,47.33,23.47,경기 성남시 분당구 야탑동
8830e15347fffff,17:40:00,8830e1530dfffff,23,112.09,15.22,Bundang_Townhall
8830e15347fffff,18:00:00,8830e1530dfffff,25,44.36,20.13,Bundang_Townhall
8830e15347fffff,18:00:00,8830e15361fffff,15,49.87,20.0,경기 성남시 분당구 야탑동
8830e15347fffff,18:20:00,8830e1530dfffff,12,46.83,19.38,Bundang_Townhall
8830e15347fffff,18:40:00,8830e1530dfffff,19,71.05,17.86,Bundang_Townhall
8830e15347fffff,18:40:00,8830e15361fffff,10,44.0,23.48,경기 성남시 분당구 야탑동
8830e15347fffff,19:00:00,8830e1530dfffff,24,58.0,21.62,Bundang_Townhall
8830e15347fffff,19:20:00,8830e1530dfffff,11,53.73,23.38,Bundang_Townhall
8830e15347fffff,19:40:00,8830e1530dfffff,17,64.65,17.98,Bundang_Townhall
8830e15347fffff,20:20:00,8830e1530dfffff,11,77.45,22.04,Bundang_Townhall
8830e15347fffff,20:40:00,8830e1530dfffff,11,55.09,16.42,Bundang_Townhall
8830e15347fffff,21:00:00,8830e1530dfffff,13,49.08,21.64,Bundang_Townhall
8830e15347fffff,21:20:00,8830e1530dfffff,15,42.13,18.94,Bundang_Townhall
8830e15347fffff,21:40:00,8830e1530dfffff,11,56.64,33.81,Bundang_Townhall
8830e15347fffff,22:20:00,8830e1530dfffff,12,62.17,15.29,Bundang_Townhall
8830e15347fffff,22:40:00,8830e1530dfffff,11,41.73,25.71,Bundang_Townhall
8830e15349fffff,13:00:00,8830e15361fffff,13,52.92,34.78,경기 성남시 분당구 야탑동
8830e15349fffff,13:20:00,8830e15361fffff,10,127.1,38.23,경기 성남시 분당구 야탑동
8830e15349fffff,17:00:00,8830e025a5fffff,16,50.38,73.61,경기 수원시 영통구 원천동
8830e15349fffff,17:00:00,8830e035d7fffff,26,55.27,61.87,경기 안양시 동안구 평촌동
8830e15349fffff,17:00:00,8830e035ddfffff,20,73.75,52.31,Beom_Gye
8830e15349fffff,17:00:00,8830e15361fffff,13,52.62,28.83,경기 성남시 분당구 야탑동
8830e15349fffff,17:20:00,8830e024dbfffff,18,74.61,31.26,경기 성남시 분당구 서현동
8830e15349fffff,17:20:00,8830e025a5fffff,20,55.95,70.83,경기 수원시 영통구 원천동
8830e15349fffff,17:20:00,8830e035ddfffff,21,62.71,57.06,Beom_Gye
8830e15349fffff,17:20:00,8830e1530dfffff,12,101.25,30.77,Bundang_Townhall
8830e15349fffff,17:20:00,8830e15361fffff,11,49.73,31.58,경기 성남시 분당구 야탑동
8830e15349fffff,17:40:00,8830e025a5fffff,11,53.27,75.84,경기 수원시 영통구 원천동
8830e15349fffff,17:40:00,8830e035ddfffff,23,68.52,55.95,Beom_Gye
8830e15349fffff,17:40:00,8830e15361fffff,14,45.57,25.93,경기 성남시 분당구 야탑동
8830e15349fffff,18:00:00,8830e024dbfffff,16,59.44,38.78,경기 성남시 분당구 서현동
8830e15349fffff,18:00:00,8830e025a5fffff,23,57.83,65.13,경기 수원시 영통구 원천동
8830e15349fffff,18:00:00,8830e035d7fffff,13,61.77,53.4,경기 안양시 동안구 평촌동
8830e15349fffff,18:00:00,8830e035ddfffff,20,71.35,56.54,Beom_Gye
8830e15349fffff,18:00:00,8830e1530dfffff,10,56.2,31.77,Bundang_Townhall
8830e15349fffff,18:00:00,8830e15361fffff,30,53.2,28.26,경기 성남시 분당구 야탑동
8830e15349fffff,18:20:00,8830e035d7fffff,12,65.33,40.26,경기 안양시 동안구 평촌동
8830e15349fffff,18:20:00,8830e035ddfffff,22,67.09,53.88,Beom_Gye
8830e15349fffff,18:20:00,8830e15361fffff,16,55.19,31.41,경기 성남시 분당구 야탑동
8830e15349fffff,18:40:00,8830e035ddfffff,12,151.17,47.57,Beom_Gye
8830e15349fffff,18:40:00,8830e15361fffff,17,62.47,34.7,경기 성남시 분당구 야탑동
8830e15349fffff,19:00:00,8830e024dbfffff,12,39.83,44.06,경기 성남시 분당구 서현동
8830e15349fffff,19:00:00,8830e025a5fffff,11,70.18,65.28,경기 수원시 영통구 원천동
8830e15349fffff,19:00:00,8830e035ddfffff,16,52.63,58.43,Beom_Gye
8830e15349fffff,19:00:00,8830e15361fffff,24,43.42,27.54,경기 성남시 분당구 야탑동
8830e15349fffff,19:20:00,8830e024dbfffff,10,93.7,53.89,경기 성남시 분당구 서현동
8830e15349fffff,19:20:00,8830e035ddfffff,10,50.4,69.04,Beom_Gye
8830e15349fffff,19:20:00,8830e15361fffff,13,105.38,24.96,경기 성남시 분당구 야탑동
8830e15349fffff,19:40:00,8830e035ddfffff,10,59.2,62.06,Beom_Gye
8830e15349fffff,19:40:00,8830e15361fffff,11,187.55,33.72,경기 성남시 분당구 야탑동
8830e15349fffff,20:00:00,8830e035ddfffff,11,50.55,69.35,Beom_Gye
8830e15349fffff,20:00:00,8830e15361fffff,10,65.5,26.88,경기 성남시 분당구 야탑동
8830e15349fffff,20:20:00,8830e15361fffff,10,190.4,25.17,경기 성남시 분당구 야탑동
8830e15349fffff,21:00:00,8830e1530dfffff,11,75.64,34.28,Bundang_Townhall
8830e15349fffff,21:00:00,8830e15361fffff,13,76.23,36.83,경기 성남시 분당구 야탑동
8830e15349fffff,22:00:00,8830e1530dfffff,10,76.7,15.47,Bundang_Townhall
8830e15349fffff,23:00:00,8830e1530dfffff,10,54.6,11.22,Bundang_Townhall
8830e1534bfffff,17:20:00,8830e15361fffff,11,40.91,33.5,경기 성남시 분당구 야탑동
8830e1534bfffff,18:00:00,8830e024dbfffff,11,69.64,22.37,경기 성남시 분당구 서현동
8830e1534bfffff,18:00:00,8830e035ddfffff,13,82.46,55.53,Beom_Gye
8830e1534dfffff,22:40:00,8830e1530dfffff,13,74.38,2.69,Bundang_Townhall
8830e15351fffff,17:00:00,8830e024dbfffff,13,100.08,30.12,경기 성남시 분당구 서현동
8830e15359fffff,13:20:00,8830e15361fffff,10,72.7,24.97,경기 성남시 분당구 야탑동
8830e15359fffff,13:40:00,8830e15361fffff,10,54.2,37.63,경기 성남시 분당구 야탑동
8830e15359fffff,17:20:00,8830e035ddfffff,11,63.36,61.28,Beom_Gye
8830e15359fffff,17:20:00,8830e15361fffff,11,55.09,26.94,경기 성남시 분당구 야탑동
8830e1535dfffff,9:20:00,8830e15361fffff,11,41.27,28.73,경기 성남시 분당구 야탑동
8830e1535dfffff,14:20:00,8830e15361fffff,10,92.3,26.73,경기 성남시 분당구 야탑동
8830e1535dfffff,17:20:00,8830e15361fffff,10,54.4,25.25,경기 성남시 분당구 야탑동
8830e15361fffff,0:00:00,8830e024dbfffff,12,103.42,31.93,경기 성남시 분당구 서현동
8830e15361fffff,0:00:00,8830e15361fffff,268,76.54,17.49,경기 성남시 분당구 야탑동
8830e15361fffff,0:20:00,8830e15361fffff,17,57.47,27.77,경기 성남시 분당구 야탑동
8830e15361fffff,0:40:00,8830e15361fffff,25,55.72,23.92,경기 성남시 분당구 야탑동
8830e15361fffff,1:00:00,8830e15361fffff,34,63.79,27.65,경기 성남시 분당구 야탑동
8830e15361fffff,1:20:00,8830e15361fffff,19,44.47,16.47,경기 성남시 분당구 야탑동
8830e15361fffff,1:40:00,8830e15361fffff,23,44.91,15.07,경기 성남시 분당구 야탑동
8830e15361fffff,2:00:00,8830e15361fffff,21,56.81,18.92,경기 성남시 분당구 야탑동
8830e15361fffff,2:20:00,8830e15361fffff,12,45.67,17.81,경기 성남시 분당구 야탑동
8830e15361fffff,2:40:00,8830e15361fffff,17,50.12,19.56,경기 성남시 분당구 야탑동
8830e15361fffff,3:00:00,8830e15361fffff,14,50.21,32.77,경기 성남시 분당구 야탑동
8830e15361fffff,3:20:00,8830e15361fffff,14,55.07,804.79,경기 성남시 분당구 야탑동
8830e15361fffff,3:40:00,8830e15361fffff,14,53.14,16.84,경기 성남시 분당구 야탑동
8830e15361fffff,4:00:00,8830e15361fffff,14,58.93,22.33,경기 성남시 분당구 야탑동
8830e15361fffff,4:20:00,8830e15361fffff,13,83.62,33.2,경기 성남시 분당구 야탑동
8830e15361fffff,4:40:00,8830e15361fffff,16,61.94,49.89,경기 성남시 분당구 야탑동
8830e15361fffff,5:00:00,8830e15361fffff,25,150.96,25.59,경기 성남시 분당구 야탑동
8830e15361fffff,5:20:00,8830e15361fffff,26,65.27,27.13,경기 성남시 분당구 야탑동
8830e15361fffff,5:40:00,8830e15361fffff,25,44.64,18.77,경기 성남시 분당구 야탑동
8830e15361fffff,6:00:00,8830e15361fffff,30,135.9,36.56,경기 성남시 분당구 야탑동
8830e15361fffff,6:20:00,8830e15361fffff,36,104.67,29.18,경기 성남시 분당구 야탑동
8830e15361fffff,6:40:00,8830e15361fffff,39,69.59,31.33,경기 성남시 분당구 야탑동
8830e15361fffff,7:00:00,8830e15361fffff,82,85.29,19.7,경기 성남시 분당구 야탑동
8830e15361fffff,7:20:00,8830e15361fffff,116,63.6,25.52,경기 성남시 분당구 야탑동
8830e15361fffff,7:40:00,8830e15361fffff,111,65.41,24.46,경기 성남시 분당구 야탑동
8830e15361fffff,8:00:00,8830e035ddfffff,15,69.4,35.14,Beom_Gye
8830e15361fffff,8:00:00,8830e15361fffff,132,72.87,27.73,경기 성남시 분당구 야탑동
8830e15361fffff,8:20:00,8830e15361fffff,177,68.52,28.56,경기 성남시 분당구 야탑동
8830e15361fffff,8:40:00,8830e15361fffff,162,88.34,28.8,경기 성남시 분당구 야탑동
8830e15361fffff,9:00:00,8830e15361fffff,209,107.41,26.55,경기 성남시 분당구 야탑동
8830e15361fffff,9:20:00,8830e15361fffff,248,77.88,29.41,경기 성남시 분당구 야탑동
8830e15361fffff,9:40:00,8830e15361fffff,223,73.87,25.53,경기 성남시 분당구 야탑동
8830e15361fffff,10:00:00,8830e15361fffff,226,84.45,26.59,경기 성남시 분당구 야탑동
8830e15361fffff,10:20:00,8830e15361fffff,222,82.0,23.13,경기 성남시 분당구 야탑동
8830e15361fffff,10:40:00,8830e024dbfffff,14,46.43,16.6,경기 성남시 분당구 서현동
8830e15361fffff,10:40:00,8830e15361fffff,221,66.38,26.85,경기 성남시 분당구 야탑동
8830e15361fffff,11:00:00,8830e15361fffff,270,76.74,24.51,경기 성남시 분당구 야탑동
8830e15361fffff,11:20:00,8830e024dbfffff,12,64.75,24.93,경기 성남시 분당구 서현동
8830e15361fffff,11:20:00,8830e15361fffff,254,59.67,23.4,경기 성남시 분당구 야탑동
8830e15361fffff,11:40:00,8830e024dbfffff,10,77.8,19.14,경기 성남시 분당구 서현동
8830e15361fffff,11:40:00,8830e15361fffff,280,64.53,26.07,경기 성남시 분당구 야탑동
8830e15361fffff,12:00:00,8830e024dbfffff,16,64.69,14.49,경기 성남시 분당구 서현동
8830e15361fffff,12:00:00,8830e15361fffff,277,63.48,25.73,경기 성남시 분당구 야탑동
8830e15361fffff,12:20:00,8830e024dbfffff,14,42.93,15.34,경기 성남시 분당구 서현동
8830e15361fffff,12:20:00,8830e15361fffff,256,82.64,25.62,경기 성남시 분당구 야탑동
8830e15361fffff,12:40:00,8830e024dbfffff,11,58.82,20.49,경기 성남시 분당구 서현동
8830e15361fffff,12:40:00,8830e15361fffff,278,72.39,29.39,경기 성남시 분당구 야탑동
8830e15361fffff,13:00:00,8830e024dbfffff,12,76.92,24.28,경기 성남시 분당구 서현동
8830e15361fffff,13:00:00,8830e1530dfffff,10,52.8,1020.28,Bundang_Townhall
8830e15361fffff,13:00:00,8830e15361fffff,281,70.5,26.82,경기 성남시 분당구 야탑동
8830e15361fffff,13:20:00,8830e15361fffff,247,71.9,23.88,경기 성남시 분당구 야탑동
8830e15361fffff,13:40:00,8830e024dbfffff,10,78.6,30.07,경기 성남시 분당구 서현동
8830e15361fffff,13:40:00,8830e1530dfffff,10,73.7,18.96,Bundang_Townhall
8830e15361fffff,13:40:00,8830e15361fffff,278,65.99,24.02,경기 성남시 분당구 야탑동
8830e15361fffff,14:00:00,8830e024dbfffff,10,47.2,15.64,경기 성남시 분당구 서현동
8830e15361fffff,14:00:00,8830e15361fffff,269,70.0,23.48,경기 성남시 분당구 야탑동
8830e15361fffff,14:20:00,8830e1530dfffff,11,70.36,24.86,Bundang_Townhall
8830e15361fffff,14:20:00,8830e15361fffff,301,67.14,23.67,경기 성남시 분당구 야탑동
8830e15361fffff,14:40:00,8830e024dbfffff,11,59.27,28.3,경기 성남시 분당구 서현동
8830e15361fffff,14:40:00,8830e15361fffff,280,63.87,22.67,경기 성남시 분당구 야탑동
8830e15361fffff,15:00:00,8830e15361fffff,275,74.76,24.58,경기 성남시 분당구 야탑동
8830e15361fffff,15:20:00,8830e15361fffff,290,68.69,24.79,경기 성남시 분당구 야탑동
8830e15361fffff,15:40:00,8830e15361fffff,257,64.07,26.24,경기 성남시 분당구 야탑동
8830e15361fffff,16:00:00,8830e024dbfffff,11,47.36,17.12,경기 성남시 분당구 서현동
8830e15361fffff,16:00:00,8830e15361fffff,256,65.75,22.48,경기 성남시 분당구 야탑동
8830e15361fffff,16:20:00,8830e024dbfffff,12,46.75,21.62,경기 성남시 분당구 서현동
8830e15361fffff,16:20:00,8830e15361fffff,242,60.91,22.02,경기 성남시 분당구 야탑동
8830e15361fffff,16:40:00,8830e15361fffff,268,60.2,22.03,경기 성남시 분당구 야탑동
8830e15361fffff,17:00:00,8830e024dbfffff,10,51.2,35.97,경기 성남시 분당구 서현동
8830e15361fffff,17:00:00,8830e1530dfffff,11,45.91,16.04,Bundang_Townhall
8830e15361fffff,17:00:00,8830e15361fffff,252,56.28,22.93,경기 성남시 분당구 야탑동
8830e15361fffff,17:20:00,8830e024dbfffff,12,76.08,28.82,경기 성남시 분당구 서현동
8830e15361fffff,17:20:00,8830e15361fffff,234,55.56,21.56,경기 성남시 분당구 야탑동
8830e15361fffff,17:40:00,8830e024dbfffff,10,45.4,20.51,경기 성남시 분당구 서현동
8830e15361fffff,17:40:00,8830e15361fffff,197,62.32,23.23,경기 성남시 분당구 야탑동
8830e15361fffff,18:00:00,8830e024dbfffff,18,121.78,14.31,경기 성남시 분당구 서현동
8830e15361fffff,18:00:00,8830e15361fffff,201,59.57,20.33,경기 성남시 분당구 야탑동
8830e15361fffff,18:20:00,8830e024dbfffff,11,61.55,18.57,경기 성남시 분당구 서현동
8830e15361fffff,18:20:00,8830e15361fffff,200,64.03,20.76,경기 성남시 분당구 야탑동
8830e15361fffff,18:40:00,8830e024dbfffff,14,80.14,16.19,경기 성남시 분당구 서현동
8830e15361fffff,18:40:00,8830e15361fffff,172,67.73,22.59,경기 성남시 분당구 야탑동
8830e15361fffff,19:00:00,8830e15361fffff,162,62.01,19.44,경기 성남시 분당구 야탑동
8830e15361fffff,19:20:00,8830e15361fffff,132,55.41,21.79,경기 성남시 분당구 야탑동
8830e15361fffff,19:40:00,8830e15361fffff,138,56.88,25.55,경기 성남시 분당구 야탑동
8830e15361fffff,20:00:00,8830e15361fffff,103,57.24,25.81,경기 성남시 분당구 야탑동
8830e15361fffff,20:20:00,8830e15361fffff,129,63.81,30.87,경기 성남시 분당구 야탑동
8830e15361fffff,20:40:00,8830e15361fffff,117,58.6,29.0,경기 성남시 분당구 야탑동
8830e15361fffff,21:00:00,8830e15361fffff,127,59.97,28.57,경기 성남시 분당구 야탑동
8830e15361fffff,21:20:00,8830e024dbfffff,10,91.9,23.74,경기 성남시 분당구 서현동
8830e15361fffff,21:20:00,8830e15361fffff,134,63.87,31.72,경기 성남시 분당구 야탑동
8830e15361fffff,21:40:00,8830e024dbfffff,12,61.08,17.71,경기 성남시 분당구 서현동
8830e15361fffff,21:40:00,8830e15361fffff,105,49.59,24.09,경기 성남시 분당구 야탑동
8830e15361fffff,22:00:00,8830e024dbfffff,13,57.54,32.83,경기 성남시 분당구 서현동
8830e15361fffff,22:00:00,8830e1530dfffff,15,66.4,35.01,Bundang_Townhall
8830e15361fffff,22:00:00,8830e15361fffff,97,59.21,23.79,경기 성남시 분당구 야탑동
8830e15361fffff,22:20:00,8830e15361fffff,73,52.18,30.59,경기 성남시 분당구 야탑동
8830e15361fffff,22:40:00,8830e15361fffff,53,49.43,20.19,경기 성남시 분당구 야탑동
8830e15361fffff,23:00:00,8830e15361fffff,43,47.58,23.21,경기 성남시 분당구 야탑동
8830e15361fffff,23:20:00,8830e15361fffff,45,35.13,17.87,경기 성남시 분당구 야탑동
8830e15363fffff,0:00:00,8830e1530dfffff,18,47.17,13.4,Bundang_Townhall
8830e15363fffff,0:00:00,8830e15361fffff,26,45.77,17.97,경기 성남시 분당구 야탑동
8830e15363fffff,7:00:00,8830e15361fffff,12,60.92,19.12,경기 성남시 분당구 야탑동
8830e15363fffff,7:20:00,8830e1530dfffff,11,53.27,17.06,Bundang_Townhall
8830e15363fffff,7:20:00,8830e15361fffff,12,63.92,22.35,경기 성남시 분당구 야탑동
8830e15363fffff,7:40:00,8830e1530dfffff,10,55.3,19.81,Bundang_Townhall
8830e15363fffff,7:40:00,8830e15361fffff,11,153.91,23.32,경기 성남시 분당구 야탑동
8830e15363fffff,8:00:00,8830e1530dfffff,12,74.5,31.98,Bundang_Townhall
8830e15363fffff,8:00:00,8830e15361fffff,15,70.33,22.85,경기 성남시 분당구 야탑동
8830e15363fffff,8:20:00,8830e15361fffff,23,49.52,27.09,경기 성남시 분당구 야탑동
8830e15363fffff,8:40:00,8830e1530dfffff,24,69.08,30.73,Bundang_Townhall
8830e15363fffff,8:40:00,8830e15361fffff,25,117.16,25.81,경기 성남시 분당구 야탑동
8830e15363fffff,9:00:00,8830e1530dfffff,30,59.77,23.72,Bundang_Townhall
8830e15363fffff,9:00:00,8830e15361fffff,20,79.4,26.23,경기 성남시 분당구 야탑동
8830e15363fffff,9:20:00,8830e1530dfffff,14,93.07,18.03,Bundang_Townhall
8830e15363fffff,9:20:00,8830e15361fffff,21,51.76,22.5,경기 성남시 분당구 야탑동
8830e15363fffff,9:40:00,8830e1530dfffff,18,75.5,19.93,Bundang_Townhall
8830e15363fffff,9:40:00,8830e15361fffff,25,69.52,27.11,경기 성남시 분당구 야탑동
8830e15363fffff,10:00:00,8830e1530dfffff,21,60.0,19.51,Bundang_Townhall
8830e15363fffff,10:00:00,8830e15361fffff,21,78.0,27.51,경기 성남시 분당구 야탑동
8830e15363fffff,10:20:00,8830e1530dfffff,18,56.22,22.06,Bundang_Townhall
8830e15363fffff,10:20:00,8830e15361fffff,23,64.78,22.24,경기 성남시 분당구 야탑동
8830e15363fffff,10:40:00,8830e1530dfffff,16,85.56,17.26,Bundang_Townhall
8830e15363fffff,10:40:00,8830e15361fffff,22,65.95,16.75,경기 성남시 분당구 야탑동
8830e15363fffff,11:00:00,8830e1530dfffff,26,54.38,20.66,Bundang_Townhall
8830e15363fffff,11:00:00,8830e15361fffff,29,62.93,28.03,경기 성남시 분당구 야탑동
8830e15363fffff,11:20:00,8830e1530dfffff,25,58.12,25.63,Bundang_Townhall
8830e15363fffff,11:20:00,8830e15361fffff,25,112.72,20.51,경기 성남시 분당구 야탑동
8830e15363fffff,11:40:00,8830e1530dfffff,21,59.38,18.01,Bundang_Townhall
8830e15363fffff,11:40:00,8830e15361fffff,26,76.77,23.91,경기 성남시 분당구 야탑동
8830e15363fffff,12:00:00,8830e1530dfffff,30,56.93,21.34,Bundang_Townhall
8830e15363fffff,12:00:00,8830e15361fffff,37,71.11,20.17,경기 성남시 분당구 야탑동
8830e15363fffff,12:20:00,8830e024dbfffff,10,52.6,14.07,경기 성남시 분당구 서현동
8830e15363fffff,12:20:00,8830e1530dfffff,18,54.83,17.47,Bundang_Townhall
8830e15363fffff,12:20:00,8830e15361fffff,33,86.33,25.53,경기 성남시 분당구 야탑동
8830e15363fffff,12:40:00,8830e1530dfffff,21,65.48,22.23,Bundang_Townhall
8830e15363fffff,12:40:00,8830e15361fffff,46,74.3,25.61,경기 성남시 분당구 야탑동
8830e15363fffff,13:00:00,8830e1530dfffff,20,61.95,16.21,Bundang_Townhall
8830e15363fffff,13:00:00,8830e15361fffff,47,79.45,23.66,경기 성남시 분당구 야탑동
8830e15363fffff,13:20:00,8830e024dbfffff,10,39.7,15.99,경기 성남시 분당구 서현동
8830e15363fffff,13:20:00,8830e1530dfffff,28,64.68,17.88,Bundang_Townhall
8830e15363fffff,13:20:00,8830e15361fffff,41,98.54,24.85,경기 성남시 분당구 야탑동
8830e15363fffff,13:40:00,8830e1530dfffff,21,53.76,19.5,Bundang_Townhall
8830e15363fffff,13:40:00,8830e15361fffff,32,62.78,29.03,경기 성남시 분당구 야탑동
8830e15363fffff,14:00:00,8830e1530dfffff,20,61.15,18.19,Bundang_Townhall
8830e15363fffff,14:00:00,8830e15361fffff,30,60.33,18.72,경기 성남시 분당구 야탑동
8830e15363fffff,14:20:00,8830e1530dfffff,26,58.65,17.34,Bundang_Townhall
8830e15363fffff,14:20:00,8830e15361fffff,27,66.04,20.73,경기 성남시 분당구 야탑동
8830e15363fffff,14:40:00,8830e1530dfffff,27,49.59,16.35,Bundang_Townhall
8830e15363fffff,14:40:00,8830e15361fffff,29,61.14,26.32,경기 성남시 분당구 야탑동
8830e15363fffff,15:00:00,8830e1530dfffff,16,52.63,18.75,Bundang_Townhall
8830e15363fffff,15:00:00,8830e15361fffff,27,80.48,22.21,경기 성남시 분당구 야탑동
8830e15363fffff,15:20:00,8830e1530dfffff,34,58.68,20.14,Bundang_Townhall
8830e15363fffff,15:20:00,8830e15361fffff,35,57.69,22.19,경기 성남시 분당구 야탑동
8830e15363fffff,15:40:00,8830e1530dfffff,32,61.78,23.23,Bundang_Townhall
8830e15363fffff,15:40:00,8830e15361fffff,38,78.08,24.92,경기 성남시 분당구 야탑동
8830e15363fffff,16:00:00,8830e1530dfffff,23,48.22,21.22,Bundang_Townhall
8830e15363fffff,16:00:00,8830e15361fffff,24,74.92,26.76,경기 성남시 분당구 야탑동
8830e15363fffff,16:20:00,8830e1530dfffff,32,55.97,17.95,Bundang_Townhall
8830e15363fffff,16:20:00,8830e15361fffff,29,63.86,24.43,경기 성남시 분당구 야탑동
8830e15363fffff,16:40:00,8830e1530dfffff,17,44.88,16.58,Bundang_Townhall
8830e15363fffff,16:40:00,8830e15361fffff,38,74.53,23.84,경기 성남시 분당구 야탑동
8830e15363fffff,17:00:00,8830e1530dfffff,30,60.9,22.68,Bundang_Townhall
8830e15363fffff,17:00:00,8830e15361fffff,41,67.49,18.37,경기 성남시 분당구 야탑동
8830e15363fffff,17:20:00,8830e1530dfffff,18,61.94,23.21,Bundang_Townhall
8830e15363fffff,17:20:00,8830e15361fffff,24,53.58,25.22,경기 성남시 분당구 야탑동
8830e15363fffff,17:40:00,8830e1530dfffff,21,46.67,24.19,Bundang_Townhall
8830e15363fffff,17:40:00,8830e15361fffff,33,60.82,22.38,경기 성남시 분당구 야탑동
8830e15363fffff,18:00:00,8830e15361fffff,21,61.43,22.27,경기 성남시 분당구 야탑동
8830e15363fffff,18:20:00,8830e1530dfffff,18,47.33,22.99,Bundang_Townhall
8830e15363fffff,18:20:00,8830e15361fffff,23,51.13,17.97,경기 성남시 분당구 야탑동
8830e15363fffff,18:40:00,8830e1530dfffff,14,51.07,16.62,Bundang_Townhall
8830e15363fffff,18:40:00,8830e15361fffff,20,77.6,21.25,경기 성남시 분당구 야탑동
8830e15363fffff,19:00:00,8830e1530dfffff,21,58.33,21.47,Bundang_Townhall
8830e15363fffff,19:00:00,8830e15361fffff,21,99.33,16.82,경기 성남시 분당구 야탑동
8830e15363fffff,19:20:00,8830e1530dfffff,16,68.38,13.74,Bundang_Townhall
8830e15363fffff,19:20:00,8830e15361fffff,16,77.38,18.09,경기 성남시 분당구 야탑동
8830e15363fffff,19:40:00,8830e1530dfffff,17,111.18,16.27,Bundang_Townhall
8830e15363fffff,19:40:00,8830e15361fffff,15,45.8,19.66,경기 성남시 분당구 야탑동
8830e15363fffff,20:00:00,8830e1530dfffff,16,55.06,21.07,Bundang_Townhall
8830e15363fffff,20:00:00,8830e15361fffff,15,72.53,31.35,경기 성남시 분당구 야탑동
8830e15363fffff,20:20:00,8830e1530dfffff,17,58.29,19.16,Bundang_Townhall
8830e15363fffff,20:20:00,8830e15361fffff,15,52.4,23.56,경기 성남시 분당구 야탑동
8830e15363fffff,20:40:00,8830e1530dfffff,11,63.91,40.2,Bundang_Townhall
8830e15363fffff,20:40:00,8830e15361fffff,18,58.17,29.53,경기 성남시 분당구 야탑동
8830e15363fffff,21:00:00,8830e15361fffff,16,64.13,33.91,경기 성남시 분당구 야탑동
8830e15363fffff,21:20:00,8830e1530dfffff,13,45.85,28.34,Bundang_Townhall
8830e15363fffff,21:20:00,8830e15361fffff,21,85.67,22.89,경기 성남시 분당구 야탑동
8830e15363fffff,21:40:00,8830e1530dfffff,28,52.29,31.46,Bundang_Townhall
8830e15363fffff,22:00:00,8830e1530dfffff,15,56.4,23.34,Bundang_Townhall
8830e15363fffff,22:20:00,8830e15361fffff,11,45.36,28.76,경기 성남시 분당구 야탑동
8830e15363fffff,22:40:00,8830e15361fffff,12,81.17,22.51,경기 성남시 분당구 야탑동
8830e15363fffff,23:00:00,8830e15361fffff,12,51.25,27.65,경기 성남시 분당구 야탑동
8830e15363fffff,23:20:00,8830e1530dfffff,14,35.14,12.07,Bundang_Townhall
8830e15365fffff,0:00:00,8830e024dbfffff,84,57.5,32.99,경기 성남시 분당구 서현동
8830e15365fffff,0:00:00,8830e15361fffff,82,50.67,16.56,경기 성남시 분당구 야탑동
8830e15365fffff,0:20:00,8830e024dbfffff,10,53.1,25.02,경기 성남시 분당구 서현동
8830e15365fffff,0:40:00,8830e024dbfffff,10,72.7,26.53,경기 성남시 분당구 서현동
8830e15365fffff,1:00:00,8830e024dbfffff,11,65.45,25.9,경기 성남시 분당구 서현동
8830e15365fffff,1:00:00,8830e15361fffff,15,99.47,31.07,경기 성남시 분당구 야탑동
8830e15365fffff,2:00:00,8830e024dbfffff,12,83.92,53.83,경기 성남시 분당구 서현동
8830e15365fffff,6:00:00,8830e15361fffff,10,84.5,19.17,경기 성남시 분당구 야탑동
8830e15365fffff,6:20:00,8830e024dbfffff,11,49.73,21.86,경기 성남시 분당구 서현동
8830e15365fffff,6:40:00,8830e035ddfffff,10,45.4,49.71,Beom_Gye
8830e15365fffff,7:00:00,8830e024dbfffff,15,87.53,33.32,경기 성남시 분당구 서현동
8830e15365fffff,7:00:00,8830e15361fffff,16,103.81,31.47,경기 성남시 분당구 야탑동
8830e15365fffff,7:20:00,8830e024dbfffff,16,71.44,27.38,경기 성남시 분당구 서현동
8830e15365fffff,7:20:00,8830e15361fffff,20,64.4,28.72,경기 성남시 분당구 야탑동
8830e15365fffff,7:40:00,8830e024dbfffff,28,127.82,35.76,경기 성남시 분당구 서현동
8830e15365fffff,7:40:00,8830e15361fffff,21,192.52,20.27,경기 성남시 분당구 야탑동
8830e15365fffff,8:00:00,8830e024dbfffff,19,64.79,24.24,경기 성남시 분당구 서현동
8830e15365fffff,8:00:00,8830e15361fffff,21,71.19,20.28,경기 성남시 분당구 야탑동
8830e15365fffff,8:20:00,8830e024dbfffff,25,89.24,23.9,경기 성남시 분당구 서현동
8830e15365fffff,8:20:00,8830e15361fffff,37,63.86,28.63,경기 성남시 분당구 야탑동
8830e15365fffff,8:40:00,8830e024dbfffff,31,65.16,34.35,경기 성남시 분당구 서현동
8830e15365fffff,8:40:00,8830e15361fffff,29,72.52,40.08,경기 성남시 분당구 야탑동
8830e15365fffff,9:00:00,8830e024dbfffff,22,70.23,23.64,경기 성남시 분당구 서현동
8830e15365fffff,9:00:00,8830e15361fffff,31,106.0,27.21,경기 성남시 분당구 야탑동
8830e15365fffff,9:20:00,8830e024dbfffff,39,72.85,24.71,경기 성남시 분당구 서현동
8830e15365fffff,9:20:00,8830e15361fffff,41,104.34,16.66,경기 성남시 분당구 야탑동
8830e15365fffff,9:40:00,8830e024dbfffff,51,98.67,36.95,경기 성남시 분당구 서현동
8830e15365fffff,9:40:00,8830e15361fffff,52,71.94,21.49,경기 성남시 분당구 야탑동
8830e15365fffff,10:00:00,8830e024dbfffff,35,55.97,36.39,경기 성남시 분당구 서현동
8830e15365fffff,10:00:00,8830e15361fffff,60,69.08,23.94,경기 성남시 분당구 야탑동
8830e15365fffff,10:20:00,8830e024dbfffff,39,83.23,29.0,경기 성남시 분당구 서현동
8830e15365fffff,10:20:00,8830e15361fffff,71,68.7,26.14,경기 성남시 분당구 야탑동
8830e15365fffff,10:40:00,8830e024dbfffff,44,77.8,29.83,경기 성남시 분당구 서현동
8830e15365fffff,10:40:00,8830e15361fffff,66,63.92,21.72,경기 성남시 분당구 야탑동
8830e15365fffff,11:00:00,8830e024dbfffff,57,70.3,37.55,경기 성남시 분당구 서현동
8830e15365fffff,11:00:00,8830e15361fffff,71,67.08,21.14,경기 성남시 분당구 야탑동
8830e15365fffff,11:20:00,8830e024dbfffff,79,63.04,22.39,경기 성남시 분당구 서현동
8830e15365fffff,11:20:00,8830e15361fffff,106,57.4,23.39,경기 성남시 분당구 야탑동
8830e15365fffff,11:40:00,8830e024dbfffff,80,54.03,28.2,경기 성남시 분당구 서현동
8830e15365fffff,11:40:00,8830e15361fffff,103,55.3,27.64,경기 성남시 분당구 야탑동
8830e15365fffff,12:00:00,8830e024dbfffff,79,54.89,18.9,경기 성남시 분당구 서현동
8830e15365fffff,12:00:00,8830e1530dfffff,11,49.36,21.11,Bundang_Townhall
8830e15365fffff,12:00:00,8830e15361fffff,114,55.19,23.39,경기 성남시 분당구 야탑동
8830e15365fffff,12:20:00,8830e024dbfffff,78,61.77,24.21,경기 성남시 분당구 서현동
8830e15365fffff,12:20:00,8830e15361fffff,94,50.62,20.69,경기 성남시 분당구 야탑동
8830e15365fffff,12:40:00,8830e024dbfffff,68,62.32,30.93,경기 성남시 분당구 서현동
8830e15365fffff,12:40:00,8830e15361fffff,72,62.65,20.28,경기 성남시 분당구 야탑동
8830e15365fffff,13:00:00,8830e024dbfffff,48,61.48,28.24,경기 성남시 분당구 서현동
8830e15365fffff,13:00:00,8830e15361fffff,80,64.81,20.97,경기 성남시 분당구 야탑동
8830e15365fffff,13:20:00,8830e024dbfffff,55,69.42,26.48,경기 성남시 분당구 서현동
8830e15365fffff,13:20:00,8830e15361fffff,72,69.4,21.24,경기 성남시 분당구 야탑동
8830e15365fffff,13:40:00,8830e024dbfffff,49,62.84,26.47,경기 성남시 분당구 서현동
8830e15365fffff,13:40:00,8830e15361fffff,70,64.87,21.12,경기 성남시 분당구 야탑동
8830e15365fffff,14:00:00,8830e024dbfffff,49,68.84,20.77,경기 성남시 분당구 서현동
8830e15365fffff,14:00:00,8830e15361fffff,78,59.86,23.06,경기 성남시 분당구 야탑동
8830e15365fffff,14:20:00,8830e024dbfffff,54,85.41,26.29,경기 성남시 분당구 서현동
8830e15365fffff,14:20:00,8830e15361fffff,75,59.13,20.78,경기 성남시 분당구 야탑동
8830e15365fffff,14:40:00,8830e024dbfffff,55,84.87,27.48,경기 성남시 분당구 서현동
8830e15365fffff,14:40:00,8830e15361fffff,66,59.08,22.1,경기 성남시 분당구 야탑동
8830e15365fffff,15:00:00,8830e024dbfffff,61,93.77,26.49,경기 성남시 분당구 서현동
8830e15365fffff,15:00:00,8830e15361fffff,84,66.27,21.25,경기 성남시 분당구 야탑동
8830e15365fffff,15:20:00,8830e024dbfffff,44,73.07,24.75,경기 성남시 분당구 서현동
8830e15365fffff,15:20:00,8830e15361fffff,72,66.1,25.79,경기 성남시 분당구 야탑동
8830e15365fffff,15:40:00,8830e024dbfffff,52,72.4,26.4,경기 성남시 분당구 서현동
8830e15365fffff,15:40:00,8830e15361fffff,76,75.78,23.1,경기 성남시 분당구 야탑동
8830e15365fffff,16:00:00,8830e024dbfffff,46,76.5,27.07,경기 성남시 분당구 서현동
8830e15365fffff,16:00:00,8830e15361fffff,71,63.85,22.63,경기 성남시 분당구 야탑동
8830e15365fffff,16:20:00,8830e024dbfffff,41,72.24,33.03,경기 성남시 분당구 서현동
8830e15365fffff,16:20:00,8830e15361fffff,86,51.16,21.45,경기 성남시 분당구 야탑동
8830e15365fffff,16:40:00,8830e024dbfffff,30,67.73,27.43,경기 성남시 분당구 서현동
8830e15365fffff,16:40:00,8830e15361fffff,77,49.35,17.3,경기 성남시 분당구 야탑동
8830e15365fffff,17:00:00,8830e024dbfffff,58,72.67,25.34,경기 성남시 분당구 서현동
8830e15365fffff,17:00:00,8830e025a5fffff,12,68.58,43.82,경기 수원시 영통구 원천동
8830e15365fffff,17:00:00,8830e15361fffff,94,57.61,21.39,경기 성남시 분당구 야탑동
8830e15365fffff,17:20:00,8830e024dbfffff,39,66.74,23.75,경기 성남시 분당구 서현동
8830e15365fffff,17:20:00,8830e1530dfffff,10,77.4,26.87,Bundang_Townhall
8830e15365fffff,17:20:00,8830e15361fffff,113,58.61,21.87,경기 성남시 분당구 야탑동
8830e15365fffff,17:40:00,8830e024dbfffff,33,56.73,23.5,경기 성남시 분당구 서현동
8830e15365fffff,17:40:00,8830e15361fffff,99,47.22,17.23,경기 성남시 분당구 야탑동
8830e15365fffff,18:00:00,8830e024dbfffff,58,54.78,27.88,경기 성남시 분당구 서현동
8830e15365fffff,18:00:00,8830e025a5fffff,12,57.08,42.43,경기 수원시 영통구 원천동
8830e15365fffff,18:00:00,8830e035d7fffff,11,92.27,44.99,경기 안양시 동안구 평촌동
8830e15365fffff,18:00:00,8830e035ddfffff,13,80.0,48.48,Beom_Gye
8830e15365fffff,18:00:00,8830e15361fffff,100,57.14,18.51,경기 성남시 분당구 야탑동
8830e15365fffff,18:20:00,8830e024dbfffff,55,67.53,28.54,경기 성남시 분당구 서현동
8830e15365fffff,18:20:00,8830e15361fffff,76,76.74,24.17,경기 성남시 분당구 야탑동
8830e15365fffff,18:40:00,8830e024dbfffff,52,66.81,25.03,경기 성남시 분당구 서현동
8830e15365fffff,18:40:00,8830e15361fffff,81,48.51,19.92,경기 성남시 분당구 야탑동
8830e15365fffff,19:00:00,8830e024dbfffff,48,65.58,24.02,경기 성남시 분당구 서현동
8830e15365fffff,19:00:00,8830e15361fffff,63,55.63,18.81,경기 성남시 분당구 야탑동
8830e15365fffff,19:20:00,8830e024dbfffff,48,73.52,37.44,경기 성남시 분당구 서현동
8830e15365fffff,19:20:00,8830e15361fffff,50,58.94,23.65,경기 성남시 분당구 야탑동
8830e15365fffff,19:40:00,8830e024dbfffff,51,75.06,30.05,경기 성남시 분당구 서현동
8830e15365fffff,19:40:00,8830e15361fffff,61,46.2,20.22,경기 성남시 분당구 야탑동
8830e15365fffff,20:00:00,8830e024dbfffff,63,73.63,26.51,경기 성남시 분당구 서현동
8830e15365fffff,20:00:00,8830e15361fffff,59,57.42,24.51,경기 성남시 분당구 야탑동
8830e15365fffff,20:20:00,8830e024dbfffff,63,73.02,26.29,경기 성남시 분당구 서현동
8830e15365fffff,20:20:00,8830e15361fffff,56,50.02,18.32,경기 성남시 분당구 야탑동
8830e15365fffff,20:40:00,8830e024dbfffff,48,81.79,24.91,경기 성남시 분당구 서현동
8830e15365fffff,20:40:00,8830e15361fffff,49,56.8,18.86,경기 성남시 분당구 야탑동
8830e15365fffff,21:00:00,8830e024dbfffff,45,80.98,29.62,경기 성남시 분당구 서현동
8830e15365fffff,21:00:00,8830e15361fffff,42,60.36,26.18,경기 성남시 분당구 야탑동
8830e15365fffff,21:20:00,8830e024dbfffff,46,68.93,22.37,경기 성남시 분당구 서현동
8830e15365fffff,21:20:00,8830e15361fffff,51,86.25,24.95,경기 성남시 분당구 야탑동
8830e15365fffff,21:40:00,8830e024dbfffff,57,66.46,27.62,경기 성남시 분당구 서현동
8830e15365fffff,21:40:00,8830e1530dfffff,10,43.9,20.83,Bundang_Townhall
8830e15365fffff,21:40:00,8830e15361fffff,53,52.23,27.95,경기 성남시 분당구 야탑동
8830e15365fffff,22:00:00,8830e024dbfffff,43,68.86,21.74,경기 성남시 분당구 서현동
8830e15365fffff,22:00:00,8830e1530dfffff,15,63.27,18.49,Bundang_Townhall
8830e15365fffff,22:00:00,8830e15361fffff,41,54.2,20.87,경기 성남시 분당구 야탑동
8830e15365fffff,22:20:00,8830e024dbfffff,49,60.9,21.16,경기 성남시 분당구 서현동
8830e15365fffff,22:20:00,8830e15361fffff,30,48.87,26.42,경기 성남시 분당구 야탑동
8830e15365fffff,22:40:00,8830e024dbfffff,26,57.46,38.65,경기 성남시 분당구 서현동
8830e15365fffff,22:40:00,8830e15361fffff,17,56.71,28.8,경기 성남시 분당구 야탑동
8830e15365fffff,23:00:00,8830e024dbfffff,33,52.85,29.4,경기 성남시 분당구 서현동
8830e15365fffff,23:00:00,8830e15361fffff,22,48.14,17.81,경기 성남시 분당구 야탑동
8830e15365fffff,23:20:00,8830e024dbfffff,27,35.33,18.73,경기 성남시 분당구 서현동
8830e15365fffff,23:20:00,8830e15361fffff,23,34.52,19.87,경기 성남시 분당구 야탑동
8830e15367fffff,0:00:00,8830e024dbfffff,18,44.5,12.49,경기 성남시 분당구 서현동
8830e15367fffff,0:00:00,8830e15361fffff,39,47.51,15.83,경기 성남시 분당구 야탑동
8830e15367fffff,6:40:00,8830e15361fffff,14,174.36,22.41,경기 성남시 분당구 야탑동
8830e15367fffff,7:00:00,8830e024dbfffff,10,94.6,19.21,경기 성남시 분당구 서현동
8830e15367fffff,7:00:00,8830e15361fffff,11,88.55,16.9,경기 성남시 분당구 야탑동
8830e15367fffff,7:20:00,8830e15361fffff,11,89.45,18.75,경기 성남시 분당구 야탑동
8830e15367fffff,7:40:00,8830e024dbfffff,17,87.12,18.35,경기 성남시 분당구 서현동
8830e15367fffff,7:40:00,8830e15361fffff,13,70.15,21.45,경기 성남시 분당구 야탑동
8830e15367fffff,8:00:00,8830e024dbfffff,13,82.15,22.12,경기 성남시 분당구 서현동
8830e15367fffff,8:00:00,8830e1530dfffff,10,61.5,40.23,Bundang_Townhall
8830e15367fffff,8:00:00,8830e15361fffff,21,65.86,34.23,경기 성남시 분당구 야탑동
8830e15367fffff,8:20:00,8830e024dbfffff,22,66.27,25.96,경기 성남시 분당구 서현동
8830e15367fffff,8:20:00,8830e15361fffff,28,73.5,28.49,경기 성남시 분당구 야탑동
8830e15367fffff,8:40:00,8830e024dbfffff,19,80.68,22.56,경기 성남시 분당구 서현동
8830e15367fffff,8:40:00,8830e15361fffff,21,89.43,23.17,경기 성남시 분당구 야탑동
8830e15367fffff,9:00:00,8830e024dbfffff,22,67.55,22.76,경기 성남시 분당구 서현동
8830e15367fffff,9:00:00,8830e15361fffff,27,95.19,32.41,경기 성남시 분당구 야탑동
8830e15367fffff,9:20:00,8830e024dbfffff,26,64.88,23.79,경기 성남시 분당구 서현동
8830e15367fffff,9:20:00,8830e15361fffff,22,94.95,30.78,경기 성남시 분당구 야탑동
8830e15367fffff,9:40:00,8830e024dbfffff,34,79.41,19.16,경기 성남시 분당구 서현동
8830e15367fffff,9:40:00,8830e15361fffff,23,89.65,23.21,경기 성남시 분당구 야탑동
8830e15367fffff,10:00:00,8830e024dbfffff,28,59.89,23.15,경기 성남시 분당구 서현동
8830e15367fffff,10:00:00,8830e15361fffff,24,68.33,24.75,경기 성남시 분당구 야탑동
8830e15367fffff,10:20:00,8830e024dbfffff,31,61.81,21.97,경기 성남시 분당구 서현동
8830e15367fffff,10:20:00,8830e15361fffff,28,60.64,19.8,경기 성남시 분당구 야탑동
8830e15367fffff,10:40:00,8830e024dbfffff,33,59.18,22.69,경기 성남시 분당구 서현동
8830e15367fffff,10:40:00,8830e15361fffff,25,72.36,19.06,경기 성남시 분당구 야탑동
8830e15367fffff,11:00:00,8830e024dbfffff,50,67.74,22.56,경기 성남시 분당구 서현동
8830e15367fffff,11:00:00,8830e15361fffff,30,74.27,24.82,경기 성남시 분당구 야탑동
8830e15367fffff,11:20:00,8830e024dbfffff,67,54.4,30.46,경기 성남시 분당구 서현동
8830e15367fffff,11:20:00,8830e15361fffff,20,88.6,26.36,경기 성남시 분당구 야탑동
8830e15367fffff,11:40:00,8830e024dbfffff,40,60.63,21.22,경기 성남시 분당구 서현동
8830e15367fffff,11:40:00,8830e15361fffff,25,74.4,24.29,경기 성남시 분당구 야탑동
8830e15367fffff,12:00:00,8830e024dbfffff,41,60.9,21.12,경기 성남시 분당구 서현동
8830e15367fffff,12:00:00,8830e15361fffff,33,68.27,20.52,경기 성남시 분당구 야탑동
8830e15367fffff,12:20:00,8830e024dbfffff,21,48.19,16.85,경기 성남시 분당구 서현동
8830e15367fffff,12:20:00,8830e15361fffff,33,82.12,29.62,경기 성남시 분당구 야탑동
8830e15367fffff,12:40:00,8830e024dbfffff,23,83.91,21.91,경기 성남시 분당구 서현동
8830e15367fffff,12:40:00,8830e15361fffff,30,60.27,19.69,경기 성남시 분당구 야탑동
8830e15367fffff,13:00:00,8830e024dbfffff,25,77.0,26.41,경기 성남시 분당구 서현동
8830e15367fffff,13:00:00,8830e15361fffff,41,65.88,23.38,경기 성남시 분당구 야탑동
8830e15367fffff,13:20:00,8830e024dbfffff,33,61.94,26.24,경기 성남시 분당구 서현동
8830e15367fffff,13:20:00,8830e15361fffff,40,60.73,21.5,경기 성남시 분당구 야탑동
8830e15367fffff,13:40:00,8830e024dbfffff,33,63.09,24.68,경기 성남시 분당구 서현동
8830e15367fffff,13:40:00,8830e15361fffff,47,61.13,18.61,경기 성남시 분당구 야탑동
8830e15367fffff,14:00:00,8830e024dbfffff,31,67.42,19.69,경기 성남시 분당구 서현동
8830e15367fffff,14:00:00,8830e15361fffff,29,54.86,20.17,경기 성남시 분당구 야탑동
8830e15367fffff,14:20:00,8830e024dbfffff,37,67.54,19.44,경기 성남시 분당구 서현동
8830e15367fffff,14:20:00,8830e15361fffff,31,67.9,23.21,경기 성남시 분당구 야탑동
8830e15367fffff,14:40:00,8830e024dbfffff,32,56.56,21.48,경기 성남시 분당구 서현동
8830e15367fffff,14:40:00,8830e15361fffff,30,69.5,19.68,경기 성남시 분당구 야탑동
8830e15367fffff,15:00:00,8830e024dbfffff,32,60.19,16.51,경기 성남시 분당구 서현동
8830e15367fffff,15:00:00,8830e15361fffff,41,62.51,17.19,경기 성남시 분당구 야탑동
8830e15367fffff,15:20:00,8830e024dbfffff,31,99.26,17.82,경기 성남시 분당구 서현동
8830e15367fffff,15:20:00,8830e15361fffff,34,63.53,20.47,경기 성남시 분당구 야탑동
8830e15367fffff,15:40:00,8830e024dbfffff,24,103.5,22.32,경기 성남시 분당구 서현동
8830e15367fffff,15:40:00,8830e15361fffff,28,73.61,24.31,경기 성남시 분당구 야탑동
8830e15367fffff,16:00:00,8830e024dbfffff,40,51.35,20.25,경기 성남시 분당구 서현동
8830e15367fffff,16:00:00,8830e15361fffff,20,60.35,18.64,경기 성남시 분당구 야탑동
8830e15367fffff,16:20:00,8830e024dbfffff,23,57.09,16.91,경기 성남시 분당구 서현동
8830e15367fffff,16:20:00,8830e15361fffff,36,87.94,19.06,경기 성남시 분당구 야탑동
8830e15367fffff,16:40:00,8830e024dbfffff,27,51.85,15.64,경기 성남시 분당구 서현동
8830e15367fffff,16:40:00,8830e15361fffff,27,105.26,18.38,경기 성남시 분당구 야탑동
8830e15367fffff,17:00:00,8830e024dbfffff,30,63.23,19.63,경기 성남시 분당구 서현동
8830e15367fffff,17:00:00,8830e15361fffff,26,75.58,18.8,경기 성남시 분당구 야탑동
8830e15367fffff,17:20:00,8830e024dbfffff,15,46.4,14.28,경기 성남시 분당구 서현동
8830e15367fffff,17:20:00,8830e15361fffff,25,65.8,22.23,경기 성남시 분당구 야탑동
8830e15367fffff,17:40:00,8830e024dbfffff,29,64.03,25.03,경기 성남시 분당구 서현동
8830e15367fffff,17:40:00,8830e15361fffff,27,117.7,13.15,경기 성남시 분당구 야탑동
8830e15367fffff,18:00:00,8830e024dbfffff,20,65.65,15.33,경기 성남시 분당구 서현동
8830e15367fffff,18:00:00,8830e15361fffff,17,61.47,14.46,경기 성남시 분당구 야탑동
8830e15367fffff,18:20:00,8830e024dbfffff,20,63.8,17.1,경기 성남시 분당구 서현동
8830e15367fffff,18:20:00,8830e15361fffff,14,74.79,22.36,경기 성남시 분당구 야탑동
8830e15367fffff,18:40:00,8830e024dbfffff,28,61.21,15.24,경기 성남시 분당구 서현동
8830e15367fffff,18:40:00,8830e15361fffff,19,66.74,14.55,경기 성남시 분당구 야탑동
8830e15367fffff,19:00:00,8830e024dbfffff,26,61.31,27.34,경기 성남시 분당구 서현동
8830e15367fffff,19:00:00,8830e15361fffff,15,63.0,25.03,경기 성남시 분당구 야탑동
8830e15367fffff,19:20:00,8830e024dbfffff,19,67.05,20.02,경기 성남시 분당구 서현동
8830e15367fffff,19:20:00,8830e15361fffff,15,100.93,26.5,경기 성남시 분당구 야탑동
8830e15367fffff,19:40:00,8830e024dbfffff,21,58.9,19.66,경기 성남시 분당구 서현동
8830e15367fffff,19:40:00,8830e15361fffff,15,61.33,30.47,경기 성남시 분당구 야탑동
8830e15367fffff,20:00:00,8830e024dbfffff,11,76.0,18.73,경기 성남시 분당구 서현동
8830e15367fffff,20:00:00,8830e15361fffff,13,63.92,21.02,경기 성남시 분당구 야탑동
8830e15367fffff,20:20:00,8830e024dbfffff,12,73.17,28.28,경기 성남시 분당구 서현동
8830e15367fffff,20:20:00,8830e15361fffff,19,70.37,30.25,경기 성남시 분당구 야탑동
8830e15367fffff,20:40:00,8830e024dbfffff,17,52.47,27.97,경기 성남시 분당구 서현동
8830e15367fffff,20:40:00,8830e15361fffff,15,70.27,19.5,경기 성남시 분당구 야탑동
8830e15367fffff,21:00:00,8830e15361fffff,17,75.12,19.11,경기 성남시 분당구 야탑동
8830e15367fffff,21:20:00,8830e024dbfffff,14,63.21,23.21,경기 성남시 분당구 서현동
8830e15367fffff,21:20:00,8830e15361fffff,14,52.07,18.9,경기 성남시 분당구 야탑동
8830e15367fffff,21:40:00,8830e024dbfffff,12,44.75,24.54,경기 성남시 분당구 서현동
8830e15367fffff,21:40:00,8830e15361fffff,10,139.3,17.27,경기 성남시 분당구 야탑동
8830e15367fffff,22:00:00,8830e024dbfffff,10,50.5,23.4,경기 성남시 분당구 서현동
8830e15367fffff,22:00:00,8830e15361fffff,12,48.42,24.82,경기 성남시 분당구 야탑동
8830e15367fffff,23:00:00,8830e15361fffff,10,47.0,20.75,경기 성남시 분당구 야탑동
8830e15369fffff,0:00:00,8830e15361fffff,35,48.14,18.19,경기 성남시 분당구 야탑동
8830e15369fffff,6:40:00,8830e15361fffff,14,99.64,37.2,경기 성남시 분당구 야탑동
8830e15369fffff,7:00:00,8830e15361fffff,12,76.25,27.59,경기 성남시 분당구 야탑동
8830e15369fffff,7:20:00,8830e15361fffff,19,75.47,22.16,경기 성남시 분당구 야탑동
8830e15369fffff,7:40:00,8830e15361fffff,19,90.79,21.62,경기 성남시 분당구 야탑동
8830e15369fffff,8:20:00,8830e15361fffff,21,76.0,31.03,경기 성남시 분당구 야탑동
8830e15369fffff,8:40:00,8830e15361fffff,39,72.36,29.36,경기 성남시 분당구 야탑동
8830e15369fffff,9:00:00,8830e15361fffff,39,63.62,27.3,경기 성남시 분당구 야탑동
8830e15369fffff,9:20:00,8830e15361fffff,44,97.8,26.47,경기 성남시 분당구 야탑동
8830e15369fffff,9:40:00,8830e15361fffff,54,69.67,31.11,경기 성남시 분당구 야탑동
8830e15369fffff,10:00:00,8830e15361fffff,43,68.23,25.52,경기 성남시 분당구 야탑동
8830e15369fffff,10:20:00,8830e15361fffff,48,82.81,30.08,경기 성남시 분당구 야탑동
8830e15369fffff,10:40:00,8830e15361fffff,48,69.15,25.98,경기 성남시 분당구 야탑동
8830e15369fffff,11:00:00,8830e15361fffff,49,79.39,26.02,경기 성남시 분당구 야탑동
8830e15369fffff,11:20:00,8830e15361fffff,53,64.66,27.93,경기 성남시 분당구 야탑동
8830e15369fffff,11:40:00,8830e15361fffff,46,60.67,26.68,경기 성남시 분당구 야탑동
8830e15369fffff,12:00:00,8830e15361fffff,46,52.13,24.21,경기 성남시 분당구 야탑동
8830e15369fffff,12:20:00,8830e15361fffff,42,70.79,31.94,경기 성남시 분당구 야탑동
8830e15369fffff,12:40:00,8830e15361fffff,49,71.41,26.22,경기 성남시 분당구 야탑동
8830e15369fffff,13:00:00,8830e15361fffff,43,65.37,26.25,경기 성남시 분당구 야탑동
8830e15369fffff,13:20:00,8830e15361fffff,52,68.79,28.68,경기 성남시 분당구 야탑동
8830e15369fffff,13:40:00,8830e15361fffff,46,63.13,22.57,경기 성남시 분당구 야탑동
8830e15369fffff,14:00:00,8830e15361fffff,45,69.8,28.24,경기 성남시 분당구 야탑동
8830e15369fffff,14:20:00,8830e15361fffff,52,70.23,23.21,경기 성남시 분당구 야탑동
8830e15369fffff,14:40:00,8830e15361fffff,49,58.04,25.73,경기 성남시 분당구 야탑동
8830e15369fffff,15:00:00,8830e15361fffff,44,66.66,21.78,경기 성남시 분당구 야탑동
8830e15369fffff,15:20:00,8830e15361fffff,47,70.06,28.34,경기 성남시 분당구 야탑동
8830e15369fffff,15:40:00,8830e15361fffff,37,94.73,25.71,경기 성남시 분당구 야탑동
8830e15369fffff,16:00:00,8830e15361fffff,35,64.66,25.18,경기 성남시 분당구 야탑동
8830e15369fffff,16:20:00,8830e15361fffff,32,75.84,23.9,경기 성남시 분당구 야탑동
8830e15369fffff,16:40:00,8830e15361fffff,35,57.06,26.45,경기 성남시 분당구 야탑동
8830e15369fffff,17:00:00,8830e035ddfffff,10,72.5,51.57,Beom_Gye
8830e15369fffff,17:00:00,8830e15361fffff,36,64.25,26.44,경기 성남시 분당구 야탑동
8830e15369fffff,17:20:00,8830e15361fffff,40,57.15,23.59,경기 성남시 분당구 야탑동
8830e15369fffff,17:40:00,8830e15361fffff,24,71.5,32.1,경기 성남시 분당구 야탑동
8830e15369fffff,18:00:00,8830e15361fffff,34,74.18,20.95,경기 성남시 분당구 야탑동
8830e15369fffff,18:20:00,8830e15361fffff,40,61.18,20.93,경기 성남시 분당구 야탑동
8830e15369fffff,18:40:00,8830e15361fffff,24,49.96,22.81,경기 성남시 분당구 야탑동
8830e15369fffff,19:00:00,8830e15361fffff,29,74.24,21.49,경기 성남시 분당구 야탑동
8830e15369fffff,19:20:00,8830e15361fffff,21,87.0,17.96,경기 성남시 분당구 야탑동
8830e15369fffff,19:40:00,8830e15361fffff,12,67.75,22.41,경기 성남시 분당구 야탑동
8830e15369fffff,20:00:00,8830e15361fffff,37,57.68,22.29,경기 성남시 분당구 야탑동
8830e15369fffff,20:20:00,8830e15361fffff,20,56.9,28.84,경기 성남시 분당구 야탑동
8830e15369fffff,20:40:00,8830e15361fffff,24,84.79,41.5,경기 성남시 분당구 야탑동
8830e15369fffff,21:00:00,8830e15361fffff,16,84.5,28.6,경기 성남시 분당구 야탑동
8830e15369fffff,21:20:00,8830e15361fffff,23,50.57,28.69,경기 성남시 분당구 야탑동
8830e15369fffff,21:40:00,8830e15361fffff,20,51.4,19.9,경기 성남시 분당구 야탑동
8830e15369fffff,22:00:00,8830e15361fffff,22,64.5,25.23,경기 성남시 분당구 야탑동
8830e15369fffff,22:20:00,8830e15361fffff,20,49.25,27.99,경기 성남시 분당구 야탑동
8830e15369fffff,22:40:00,8830e15361fffff,14,53.79,24.0,경기 성남시 분당구 야탑동
8830e15369fffff,23:00:00,8830e15361fffff,11,52.91,29.32,경기 성남시 분당구 야탑동
8830e15369fffff,23:20:00,8830e15361fffff,11,37.18,18.41,경기 성남시 분당구 야탑동
8830e1536bfffff,0:00:00,8830e1530dfffff,32,58.5,15.94,Bundang_Townhall
8830e1536bfffff,0:00:00,8830e15361fffff,68,52.18,14.83,경기 성남시 분당구 야탑동
8830e1536bfffff,6:20:00,8830e15361fffff,12,87.25,32.08,경기 성남시 분당구 야탑동
8830e1536bfffff,7:00:00,8830e15361fffff,12,69.33,22.59,경기 성남시 분당구 야탑동
8830e1536bfffff,7:20:00,8830e1530dfffff,16,62.69,31.09,Bundang_Townhall
8830e1536bfffff,7:20:00,8830e15361fffff,16,63.75,21.48,경기 성남시 분당구 야탑동
8830e1536bfffff,7:40:00,8830e1530dfffff,14,56.79,20.85,Bundang_Townhall
8830e1536bfffff,7:40:00,8830e15361fffff,17,96.82,28.84,경기 성남시 분당구 야탑동
8830e1536bfffff,8:00:00,8830e1530dfffff,10,58.5,23.93,Bundang_Townhall
8830e1536bfffff,8:00:00,8830e15361fffff,17,64.76,26.53,경기 성남시 분당구 야탑동
8830e1536bfffff,8:20:00,8830e1530dfffff,18,62.44,33.56,Bundang_Townhall
8830e1536bfffff,8:20:00,8830e15361fffff,29,70.38,33.7,경기 성남시 분당구 야탑동
8830e1536bfffff,8:40:00,8830e1530dfffff,12,100.0,31.9,Bundang_Townhall
8830e1536bfffff,8:40:00,8830e15361fffff,23,82.04,23.5,경기 성남시 분당구 야탑동
8830e1536bfffff,9:00:00,8830e1530dfffff,25,99.64,24.72,Bundang_Townhall
8830e1536bfffff,9:00:00,8830e15361fffff,33,58.76,19.08,경기 성남시 분당구 야탑동
8830e1536bfffff,9:20:00,8830e1530dfffff,34,88.35,26.92,Bundang_Townhall
8830e1536bfffff,9:20:00,8830e15361fffff,41,67.95,23.79,경기 성남시 분당구 야탑동
8830e1536bfffff,9:40:00,8830e1530dfffff,35,68.54,21.58,Bundang_Townhall
8830e1536bfffff,9:40:00,8830e15361fffff,45,56.56,20.12,경기 성남시 분당구 야탑동
8830e1536bfffff,10:00:00,8830e1530dfffff,25,59.04,22.71,Bundang_Townhall
8830e1536bfffff,10:00:00,8830e15361fffff,53,64.38,21.39,경기 성남시 분당구 야탑동
8830e1536bfffff,10:20:00,8830e1530dfffff,27,64.07,22.32,Bundang_Townhall
8830e1536bfffff,10:20:00,8830e15361fffff,47,63.89,24.55,경기 성남시 분당구 야탑동
8830e1536bfffff,10:40:00,8830e1530dfffff,38,57.55,17.54,Bundang_Townhall
8830e1536bfffff,10:40:00,8830e15361fffff,48,91.25,21.78,경기 성남시 분당구 야탑동
8830e1536bfffff,11:00:00,8830e1530dfffff,33,64.21,18.27,Bundang_Townhall
8830e1536bfffff,11:00:00,8830e15361fffff,45,93.91,20.01,경기 성남시 분당구 야탑동
8830e1536bfffff,11:20:00,8830e1530dfffff,99,54.54,17.86,Bundang_Townhall
8830e1536bfffff,11:20:00,8830e15361fffff,43,73.93,22.67,경기 성남시 분당구 야탑동
8830e1536bfffff,11:40:00,8830e1530dfffff,107,55.27,20.34,Bundang_Townhall
8830e1536bfffff,11:40:00,8830e15361fffff,67,63.31,23.19,경기 성남시 분당구 야탑동
8830e1536bfffff,12:00:00,8830e1530dfffff,107,53.6,20.78,Bundang_Townhall
8830e1536bfffff,12:00:00,8830e15361fffff,71,58.56,23.48,경기 성남시 분당구 야탑동
8830e1536bfffff,12:20:00,8830e1530dfffff,76,53.66,18.54,Bundang_Townhall
8830e1536bfffff,12:20:00,8830e15361fffff,52,61.52,17.63,경기 성남시 분당구 야탑동
8830e1536bfffff,12:40:00,8830e024dbfffff,13,50.92,18.36,경기 성남시 분당구 서현동
8830e1536bfffff,12:40:00,8830e1530dfffff,52,51.71,19.43,Bundang_Townhall
8830e1536bfffff,12:40:00,8830e15361fffff,75,61.95,21.56,경기 성남시 분당구 야탑동
8830e1536bfffff,13:00:00,8830e1530dfffff,56,63.41,20.16,Bundang_Townhall
8830e1536bfffff,13:00:00,8830e15361fffff,62,68.61,24.25,경기 성남시 분당구 야탑동
8830e1536bfffff,13:20:00,8830e024dbfffff,14,53.79,19.97,경기 성남시 분당구 서현동
8830e1536bfffff,13:20:00,8830e1530dfffff,50,65.14,22.48,Bundang_Townhall
8830e1536bfffff,13:20:00,8830e15361fffff,59,67.69,22.42,경기 성남시 분당구 야탑동
8830e1536bfffff,13:40:00,8830e1530dfffff,43,81.44,22.37,Bundang_Townhall
8830e1536bfffff,13:40:00,8830e15361fffff,71,69.11,23.54,경기 성남시 분당구 야탑동
8830e1536bfffff,14:00:00,8830e1530dfffff,41,74.56,23.96,Bundang_Townhall
8830e1536bfffff,14:00:00,8830e15361fffff,49,55.08,19.54,경기 성남시 분당구 야탑동
8830e1536bfffff,14:20:00,8830e1530dfffff,58,70.5,22.91,Bundang_Townhall
8830e1536bfffff,14:20:00,8830e15361fffff,84,57.86,20.28,경기 성남시 분당구 야탑동
8830e1536bfffff,14:40:00,8830e1530dfffff,48,52.79,20.58,Bundang_Townhall
8830e1536bfffff,14:40:00,8830e15361fffff,73,63.1,21.83,경기 성남시 분당구 야탑동
8830e1536bfffff,15:00:00,8830e1530dfffff,48,56.19,23.34,Bundang_Townhall
8830e1536bfffff,15:00:00,8830e15361fffff,64,85.59,21.36,경기 성남시 분당구 야탑동
8830e1536bfffff,15:20:00,8830e1530dfffff,47,57.02,16.64,Bundang_Townhall
8830e1536bfffff,15:20:00,8830e15361fffff,71,70.44,22.04,경기 성남시 분당구 야탑동
8830e1536bfffff,15:40:00,8830e024dbfffff,15,48.27,20.61,경기 성남시 분당구 서현동
8830e1536bfffff,15:40:00,8830e1530dfffff,39,61.74,16.82,Bundang_Townhall
8830e1536bfffff,15:40:00,8830e15361fffff,57,69.4,20.93,경기 성남시 분당구 야탑동
8830e1536bfffff,16:00:00,8830e024dbfffff,13,62.08,25.95,경기 성남시 분당구 서현동
8830e1536bfffff,16:00:00,8830e1530dfffff,45,60.07,22.33,Bundang_Townhall
8830e1536bfffff,16:00:00,8830e15361fffff,61,60.36,24.77,경기 성남시 분당구 야탑동
8830e1536bfffff,16:20:00,8830e1530dfffff,40,63.33,18.28,Bundang_Townhall
8830e1536bfffff,16:20:00,8830e15361fffff,63,79.22,18.12,경기 성남시 분당구 야탑동
8830e1536bfffff,16:40:00,8830e1530dfffff,41,57.05,18.04,Bundang_Townhall
8830e1536bfffff,16:40:00,8830e15361fffff,59,54.92,18.88,경기 성남시 분당구 야탑동
8830e1536bfffff,17:00:00,8830e024dbfffff,13,54.23,25.56,경기 성남시 분당구 서현동
8830e1536bfffff,17:00:00,8830e1530dfffff,25,52.36,21.94,Bundang_Townhall
8830e1536bfffff,17:00:00,8830e15361fffff,58,65.34,19.38,경기 성남시 분당구 야탑동
8830e1536bfffff,17:20:00,8830e1530dfffff,21,51.86,15.45,Bundang_Townhall
8830e1536bfffff,17:20:00,8830e15361fffff,49,97.53,18.13,경기 성남시 분당구 야탑동
8830e1536bfffff,17:40:00,8830e1530dfffff,42,82.74,19.28,Bundang_Townhall
8830e1536bfffff,17:40:00,8830e15361fffff,62,53.76,18.29,경기 성남시 분당구 야탑동
8830e1536bfffff,18:00:00,8830e024dbfffff,20,57.65,19.43,경기 성남시 분당구 서현동
8830e1536bfffff,18:00:00,8830e1530dfffff,35,53.34,17.69,Bundang_Townhall
8830e1536bfffff,18:00:00,8830e15361fffff,76,54.62,19.72,경기 성남시 분당구 야탑동
8830e1536bfffff,18:20:00,8830e024dbfffff,14,54.79,20.1,경기 성남시 분당구 서현동
8830e1536bfffff,18:20:00,8830e1530dfffff,32,55.69,16.1,Bundang_Townhall
8830e1536bfffff,18:20:00,8830e15361fffff,55,56.31,23.46,경기 성남시 분당구 야탑동
8830e1536bfffff,18:40:00,8830e1530dfffff,29,54.69,18.18,Bundang_Townhall
8830e1536bfffff,18:40:00,8830e15361fffff,54,48.11,16.87,경기 성남시 분당구 야탑동
8830e1536bfffff,19:00:00,8830e024dbfffff,13,71.08,23.21,경기 성남시 분당구 서현동
8830e1536bfffff,19:00:00,8830e035ddfffff,15,53.2,51.47,Beom_Gye
8830e1536bfffff,19:00:00,8830e1530dfffff,22,47.82,19.97,Bundang_Townhall
8830e1536bfffff,19:00:00,8830e15361fffff,58,51.83,17.62,경기 성남시 분당구 야탑동
8830e1536bfffff,19:20:00,8830e1530dfffff,24,64.96,28.33,Bundang_Townhall
8830e1536bfffff,19:20:00,8830e15361fffff,52,48.42,21.95,경기 성남시 분당구 야탑동
8830e1536bfffff,19:40:00,8830e1530dfffff,11,141.91,21.54,Bundang_Townhall
8830e1536bfffff,19:40:00,8830e15361fffff,45,63.09,27.9,경기 성남시 분당구 야탑동
8830e1536bfffff,20:00:00,8830e1530dfffff,14,59.71,25.01,Bundang_Townhall
8830e1536bfffff,20:00:00,8830e15361fffff,41,54.34,198.21,경기 성남시 분당구 야탑동
8830e1536bfffff,20:20:00,8830e1530dfffff,24,102.96,19.26,Bundang_Townhall
8830e1536bfffff,20:20:00,8830e15361fffff,38,53.32,23.49,경기 성남시 분당구 야탑동
8830e1536bfffff,20:40:00,8830e1530dfffff,13,107.85,15.35,Bundang_Townhall
8830e1536bfffff,20:40:00,8830e15361fffff,26,63.46,29.46,경기 성남시 분당구 야탑동
8830e1536bfffff,21:00:00,8830e1530dfffff,20,59.35,22.34,Bundang_Townhall
8830e1536bfffff,21:00:00,8830e15361fffff,44,52.05,24.06,경기 성남시 분당구 야탑동
8830e1536bfffff,21:20:00,8830e1530dfffff,19,54.16,25.92,Bundang_Townhall
8830e1536bfffff,21:20:00,8830e15361fffff,32,58.19,18.06,경기 성남시 분당구 야탑동
8830e1536bfffff,21:40:00,8830e024dbfffff,15,49.53,18.03,경기 성남시 분당구 서현동
8830e1536bfffff,21:40:00,8830e1530dfffff,30,60.77,21.61,Bundang_Townhall
8830e1536bfffff,21:40:00,8830e15361fffff,32,76.16,23.96,경기 성남시 분당구 야탑동
8830e1536bfffff,22:00:00,8830e1530dfffff,16,57.44,29.46,Bundang_Townhall
8830e1536bfffff,22:00:00,8830e15361fffff,28,55.86,85.72,경기 성남시 분당구 야탑동
8830e1536bfffff,22:20:00,8830e15361fffff,34,48.62,19.02,경기 성남시 분당구 야탑동
8830e1536bfffff,22:40:00,8830e1530dfffff,11,52.64,14.64,Bundang_Townhall
8830e1536bfffff,22:40:00,8830e15361fffff,31,56.9,15.17,경기 성남시 분당구 야탑동
8830e1536bfffff,23:00:00,8830e1530dfffff,10,48.3,13.29,Bundang_Townhall
8830e1536bfffff,23:00:00,8830e15361fffff,30,52.5,14.53,경기 성남시 분당구 야탑동
8830e1536bfffff,23:20:00,8830e15361fffff,19,34.26,16.31,경기 성남시 분당구 야탑동
8830e1536dfffff,0:00:00,8830e024dbfffff,10,92.7,40.7,경기 성남시 분당구 서현동
8830e1536dfffff,0:00:00,8830e15361fffff,28,51.54,15.05,경기 성남시 분당구 야탑동
8830e1536dfffff,7:00:00,8830e15361fffff,22,65.68,26.08,경기 성남시 분당구 야탑동
8830e1536dfffff,7:20:00,8830e15361fffff,19,69.0,21.9,경기 성남시 분당구 야탑동
8830e1536dfffff,7:40:00,8830e15361fffff,31,82.45,31.02,경기 성남시 분당구 야탑동
8830e1536dfffff,8:00:00,8830e15361fffff,24,73.71,22.18,경기 성남시 분당구 야탑동
8830e1536dfffff,8:20:00,8830e15361fffff,26,69.69,21.75,경기 성남시 분당구 야탑동
8830e1536dfffff,8:40:00,8830e15361fffff,25,117.16,23.73,경기 성남시 분당구 야탑동
8830e1536dfffff,9:00:00,8830e15361fffff,45,72.82,25.25,경기 성남시 분당구 야탑동
8830e1536dfffff,9:20:00,8830e15361fffff,40,108.93,26.77,경기 성남시 분당구 야탑동
8830e1536dfffff,9:40:00,8830e15361fffff,50,66.08,25.24,경기 성남시 분당구 야탑동
8830e1536dfffff,10:00:00,8830e15361fffff,29,74.14,27.64,경기 성남시 분당구 야탑동
8830e1536dfffff,10:20:00,8830e15361fffff,48,82.23,26.93,경기 성남시 분당구 야탑동
8830e1536dfffff,10:40:00,8830e15361fffff,36,68.31,26.45,경기 성남시 분당구 야탑동
8830e1536dfffff,11:00:00,8830e15361fffff,44,58.3,21.75,경기 성남시 분당구 야탑동
8830e1536dfffff,11:20:00,8830e15361fffff,54,83.07,19.99,경기 성남시 분당구 야탑동
8830e1536dfffff,11:40:00,8830e15361fffff,40,61.93,22.54,경기 성남시 분당구 야탑동
8830e1536dfffff,12:00:00,8830e024dbfffff,10,73.3,18.46,경기 성남시 분당구 서현동
8830e1536dfffff,12:00:00,8830e15361fffff,58,63.66,18.0,경기 성남시 분당구 야탑동
8830e1536dfffff,12:20:00,8830e15361fffff,52,54.83,22.02,경기 성남시 분당구 야탑동
8830e1536dfffff,12:40:00,8830e15361fffff,46,60.11,24.52,경기 성남시 분당구 야탑동
8830e1536dfffff,13:00:00,8830e15361fffff,52,73.6,26.83,경기 성남시 분당구 야탑동
8830e1536dfffff,13:20:00,8830e15361fffff,56,74.21,26.64,경기 성남시 분당구 야탑동
8830e1536dfffff,13:40:00,8830e15361fffff,62,90.68,20.66,경기 성남시 분당구 야탑동
8830e1536dfffff,14:00:00,8830e15361fffff,56,74.71,18.94,경기 성남시 분당구 야탑동
8830e1536dfffff,14:20:00,8830e15361fffff,53,63.51,23.79,경기 성남시 분당구 야탑동
8830e1536dfffff,14:40:00,8830e15361fffff,46,53.0,17.68,경기 성남시 분당구 야탑동
8830e1536dfffff,15:00:00,8830e15361fffff,48,59.04,26.18,경기 성남시 분당구 야탑동
8830e1536dfffff,15:20:00,8830e15361fffff,41,67.46,25.2,경기 성남시 분당구 야탑동
8830e1536dfffff,15:40:00,8830e15361fffff,40,55.33,22.69,경기 성남시 분당구 야탑동
8830e1536dfffff,16:00:00,8830e15361fffff,49,61.53,18.65,경기 성남시 분당구 야탑동
8830e1536dfffff,16:20:00,8830e15361fffff,44,71.77,24.1,경기 성남시 분당구 야탑동
8830e1536dfffff,16:40:00,8830e15361fffff,44,50.77,18.35,경기 성남시 분당구 야탑동
8830e1536dfffff,17:00:00,8830e15361fffff,44,67.93,20.81,경기 성남시 분당구 야탑동
8830e1536dfffff,17:20:00,8830e15361fffff,36,51.03,20.66,경기 성남시 분당구 야탑동
8830e1536dfffff,17:40:00,8830e15361fffff,41,44.22,15.55,경기 성남시 분당구 야탑동
8830e1536dfffff,18:00:00,8830e15361fffff,30,51.13,18.33,경기 성남시 분당구 야탑동
8830e1536dfffff,18:20:00,8830e15361fffff,50,50.06,19.05,경기 성남시 분당구 야탑동
8830e1536dfffff,18:40:00,8830e15361fffff,32,54.41,20.5,경기 성남시 분당구 야탑동
8830e1536dfffff,19:00:00,8830e15361fffff,42,60.71,17.09,경기 성남시 분당구 야탑동
8830e1536dfffff,19:20:00,8830e15361fffff,40,56.23,19.17,경기 성남시 분당구 야탑동
8830e1536dfffff,19:40:00,8830e15361fffff,22,71.41,32.99,경기 성남시 분당구 야탑동
8830e1536dfffff,20:00:00,8830e15361fffff,18,59.22,25.17,경기 성남시 분당구 야탑동
8830e1536dfffff,20:20:00,8830e15361fffff,27,50.33,21.6,경기 성남시 분당구 야탑동
8830e1536dfffff,20:40:00,8830e15361fffff,30,51.6,30.61,경기 성남시 분당구 야탑동
8830e1536dfffff,21:00:00,8830e15361fffff,19,58.16,36.92,경기 성남시 분당구 야탑동
8830e1536dfffff,21:20:00,8830e15361fffff,30,81.67,27.32,경기 성남시 분당구 야탑동
8830e1536dfffff,21:40:00,8830e15361fffff,20,52.1,26.73,경기 성남시 분당구 야탑동
8830e1536dfffff,22:00:00,8830e15361fffff,16,60.13,20.52,경기 성남시 분당구 야탑동
8830e1536dfffff,22:20:00,8830e15361fffff,18,54.5,26.07,경기 성남시 분당구 야탑동
8830e1572dfffff,6:00:00,8830e15361fffff,10,74.1,30.08,경기 성남시 분당구 야탑동
8830e1584bfffff,7:20:00,8830e1530dfffff,10,55.1,30.65,Bundang_Townhall
8830e15a07fffff,7:00:00,8830e1530dfffff,11,37.36,52.16,Bundang_Townhall
8830e15a07fffff,7:40:00,8830e1530dfffff,10,191.3,42.24,Bundang_Townhall
8830e15a07fffff,8:00:00,8830e024dbfffff,15,60.07,33.69,경기 성남시 분당구 서현동
8830e15a1dfffff,7:20:00,8830e1530dfffff,13,42.46,38.27,Bundang_Townhall
8830e15a1dfffff,7:40:00,8830e15361fffff,17,91.12,32.55,경기 성남시 분당구 야탑동
8830e15a39fffff,7:00:00,8830e15361fffff,19,38.16,46.42,경기 성남시 분당구 야탑동
8830e15a39fffff,7:20:00,8830e15361fffff,13,45.69,33.74,경기 성남시 분당구 야탑동
8830e15a39fffff,7:40:00,8830e15361fffff,13,41.77,34.34,경기 성남시 분당구 야탑동
8830e15a39fffff,8:20:00,8830e024dbfffff,10,47.6,35.01,경기 성남시 분당구 서현동
8830e15a39fffff,8:20:00,8830e15361fffff,10,52.0,42.62,경기 성남시 분당구 야탑동
8830e15a3bfffff,7:00:00,8830e15361fffff,17,44.06,28.35,경기 성남시 분당구 야탑동
8830e15a3bfffff,7:40:00,8830e1530dfffff,11,55.45,34.84,Bundang_Townhall
8830e15a3bfffff,8:40:00,8830e15361fffff,10,56.4,33.23,경기 성남시 분당구 야탑동
8830e15a3dfffff,7:40:00,8830e15361fffff,10,45.1,44.29,경기 성남시 분당구 야탑동
8830e15a3dfffff,8:00:00,8830e1530dfffff,15,47.07,42.11,Bundang_Townhall
8830e15a47fffff,7:20:00,8830e1530dfffff,10,71.9,54.7,Bundang_Townhall
8830e15a4dfffff,8:40:00,8830e15361fffff,11,41.0,30.6,경기 성남시 분당구 야탑동
8830e15a5dfffff,17:00:00,8830e025a5fffff,13,57.08,46.51,경기 수원시 영통구 원천동
8830e15a5dfffff,17:00:00,8830e035ddfffff,17,91.47,66.55,Beom_Gye
8830e15b1bfffff,8:20:00,8830e024dbfffff,11,44.91,27.96,경기 성남시 분당구 서현동
8830e15b43fffff,7:40:00,8830e15361fffff,10,44.5,49.26,경기 성남시 분당구 야탑동
8830e15b5dfffff,7:20:00,8830e024dbfffff,10,38.1,48.11,경기 성남시 분당구 서현동
8830e17b61fffff,17:20:00,8830e025a5fffff,10,75.4,93.89,경기 수원시 영통구 원천동
8830e17b65fffff,17:20:00,8830e025a5fffff,26,82.0,107.47,경기 수원시 영통구 원천동
8830e17b65fffff,17:20:00,8830e15361fffff,26,91.12,92.41,경기 성남시 분당구 야탑동
8830e17b65fffff,17:40:00,8830e025a5fffff,10,73.4,113.47,경기 수원시 영통구 원천동
8830e17b65fffff,17:40:00,8830e035ddfffff,12,99.42,103.23,Beom_Gye
8830e17b65fffff,17:40:00,8830e15361fffff,14,80.93,122.95,경기 성남시 분당구 야탑동
8830e17b65fffff,18:40:00,8830e025a5fffff,21,62.9,109.38,경기 수원시 영통구 원천동
8830e17b65fffff,18:40:00,8830e15361fffff,12,84.08,91.17,경기 성남시 분당구 야탑동
8830e17b65fffff,19:40:00,8830e025a5fffff,11,66.91,101.4,경기 수원시 영통구 원천동
8830e17b65fffff,23:00:00,8830e025a5fffff,13,54.31,112.25,경기 수원시 영통구 원천동
